{"type":"FeatureCollection","features":[{"id":"feature_000","type":"Feature","properties":{"시도":"강원특별자치도","시군구":"강릉시"},"geometry":{"type":"Polygon","coordinates":[[[128.674,37.55593],[128.67679,37.55098],[128.68887,37.54706],[128.69814,37.53757],[128.70406,37.53521],[128.70689,37.53721],[128.71661,37.53847],[128.7206,37.54177],[128.72398,37.54104],[128.72463,37.53745],[128.73115,37.53795],[128.74554,37.54662],[128.76052,37.54134],[128.78089,37.54337],[128.80368,37.53],[128.80439,37.52516],[128.79733,37.51864],[128.81126,37.50928],[128.8143,37.50634],[128.81383,37.50322],[128.83339,37.51306],[128.84014,37.51187],[128.84794,37.515],[128.84927,37.52089],[128.85374,37.52477],[128.85504,37.53498],[128.86043,37.54378],[128.8612,37.55315],[128.85864,37.56041],[128.86405,37.56943],[128.86224,37.5724],[128.86275,37.57662],[128.86931,37.57939],[128.87403,37.58961],[128.87806,37.5883],[128.88518,37.5927],[128.89835,37.58419],[128.89897,37.57682],[128.90536,37.56727],[128.90566,37.55251],[128.91244,37.55296],[128.91581,37.54816],[128.92435,37.54693],[128.9315,37.53943],[128.94055,37.53709],[128.94496,37.54138],[128.9545,37.54127],[128.96057,37.54901],[128.96285,37.54698],[128.96227,37.54338],[128.97314,37.53397],[128.98715,37.53404],[128.99128,37.53911],[128.99864,37.54285],[129.01327,37.54076],[129.01872,37.53827],[129.0225,37.54039],[129.0259,37.54562],[129.03128,37.54734],[129.03934,37.54839],[129.04676,37.5464],[129.04948,37.55427],[129.04793,37.55822],[129.05056,37.567],[129.05072,37.57629],[129.05959,37.58866],[129.05458,37.59489],[129.05521,37.59745],[129.06091,37.59781],[129.06389,37.60168],[129.07304,37.60607],[129.0631,37.61495],[129.06017,37.61997],[129.0543,37.62144],[129.05427,37.62581],[129.06456,37.62303],[129.05777,37.62628],[129.05227,37.6264],[129.04431,37.64035],[129.04912,37.65208],[129.0522,37.65251],[129.05075,37.6476],[129.05275,37.6502],[129.05718,37.65885],[129.05461,37.66506],[129.05814,37.6726],[129.05553,37.67702],[129.01439,37.70758],[129.01197,37.71365],[128.99512,37.72701],[128.99143,37.73259],[128.98869,37.74294],[128.98486,37.74224],[128.95615,37.76368],[128.95185,37.76771],[128.9534,37.76993],[128.95091,37.77207],[128.94884,37.77186],[128.92741,37.78861],[128.87928,37.82966],[128.87582,37.835],[128.876,37.83731],[128.87854,37.83617],[128.87577,37.84146],[128.84878,37.86417],[128.84791,37.86952],[128.84311,37.87112],[128.83053,37.88393],[128.83407,37.88663],[128.83281,37.89122],[128.83491,37.89762],[128.82933,37.90353],[128.83045,37.90496],[128.83201,37.90377],[128.83044,37.90649],[128.82414,37.90782],[128.81003,37.91834],[128.80274,37.91288],[128.79321,37.91208],[128.78245,37.91503],[128.77594,37.91016],[128.7622,37.90957],[128.75375,37.9123],[128.74704,37.90966],[128.74452,37.90422],[128.73633,37.90338],[128.73211,37.89988],[128.7269,37.90301],[128.72326,37.90209],[128.71816,37.90373],[128.71326,37.89858],[128.70197,37.89833],[128.68327,37.8898],[128.67654,37.88995],[128.66924,37.88583],[128.66686,37.88578],[128.66466,37.89061],[128.64828,37.89085],[128.64494,37.89429],[128.64141,37.89486],[128.63477,37.8876],[128.6246,37.8819],[128.62353,37.87504],[128.62061,37.8723],[128.60091,37.87073],[128.5966,37.86596],[128.59153,37.8655],[128.58785,37.86188],[128.58453,37.85107],[128.58547,37.84706],[128.58131,37.83949],[128.58039,37.82673],[128.58257,37.82098],[128.58492,37.81501],[128.59549,37.80993],[128.59896,37.80623],[128.60104,37.80079],[128.60187,37.7822],[128.59891,37.77411],[128.60188,37.76969],[128.60877,37.76618],[128.6139,37.77045],[128.62337,37.76966],[128.62714,37.77306],[128.62978,37.77275],[128.63339,37.78022],[128.63677,37.78249],[128.63893,37.78248],[128.6433,37.77716],[128.65547,37.77138],[128.66612,37.77037],[128.67072,37.76705],[128.67707,37.77328],[128.68712,37.7728],[128.69188,37.76994],[128.70055,37.77098],[128.70854,37.76828],[128.71144,37.76508],[128.70983,37.76355],[128.72218,37.75438],[128.72454,37.74908],[128.74234,37.74134],[128.74615,37.71567],[128.7538,37.70774],[128.75509,37.69804],[128.75876,37.6939],[128.76116,37.68332],[128.76391,37.6801],[128.7646,37.67181],[128.74712,37.66612],[128.74261,37.65817],[128.73338,37.65397],[128.7321,37.64944],[128.73344,37.6467],[128.72853,37.63616],[128.73587,37.6286],[128.73654,37.60999],[128.7248,37.60979],[128.71942,37.60605],[128.71616,37.59367],[128.7122,37.59123],[128.71196,37.58864],[128.7049,37.58976],[128.69905,37.5936],[128.68375,37.59307],[128.67888,37.56699],[128.6684,37.56672],[128.66865,37.56081],[128.67312,37.55982],[128.674,37.55593]]]}},{"id":"feature_001","type":"Feature","properties":{"시도":"강원특별자치도","시군구":"고성군"},"geometry":{"type":"Polygon","coordinates":[[[128.58486,38.23113],[128.58936,38.23461],[128.58992,38.24227],[128.58345,38.25522],[128.56881,38.26886],[128.55106,38.31421],[128.54608,38.32244],[128.53969,38.3247],[128.53772,38.3376],[128.52634,38.33839],[128.51607,38.35755],[128.5158,38.37168],[128.5012,38.38486],[128.49803,38.38474],[128.47916,38.40244],[128.4582,38.43001],[128.45467,38.43986],[128.45609,38.44661],[128.46103,38.44868],[128.4634,38.44728],[128.45923,38.44285],[128.46862,38.45109],[128.46194,38.45494],[128.45631,38.46287],[128.44993,38.46759],[128.44903,38.47251],[128.44172,38.47481],[128.43908,38.4832],[128.44309,38.48581],[128.4409,38.48805],[128.43397,38.4892],[128.43048,38.49366],[128.43042,38.49777],[128.42704,38.49959],[128.42921,38.50325],[128.42815,38.50582],[128.42141,38.50695],[128.42481,38.51281],[128.42314,38.51563],[128.4233,38.52253],[128.4174,38.52451],[128.41601,38.52938],[128.4124,38.53052],[128.41154,38.53539],[128.40615,38.54157],[128.40727,38.55045],[128.41012,38.55058],[128.41027,38.55553],[128.40496,38.55486],[128.40284,38.5656],[128.39718,38.56715],[128.37185,38.59264],[128.35997,38.60936],[128.35821,38.61695],[128.34233,38.61142],[128.32126,38.60958],[128.31385,38.60334],[128.31136,38.59803],[128.31528,38.56447],[128.31108,38.54687],[128.31157,38.53247],[128.30969,38.52527],[128.31327,38.51505],[128.30545,38.50675],[128.30146,38.48727],[128.3032,38.47924],[128.30144,38.47205],[128.28222,38.43526],[128.2712,38.42975],[128.26557,38.42388],[128.24901,38.41264],[128.24306,38.40253],[128.23025,38.39436],[128.22221,38.38674],[128.20395,38.37767],[128.21992,38.37777],[128.22883,38.37457],[128.22401,38.3677],[128.22757,38.36157],[128.23357,38.36389],[128.24398,38.36032],[128.26088,38.36336],[128.26279,38.35279],[128.25738,38.34271],[128.25868,38.32721],[128.26125,38.32455],[128.2792,38.32831],[128.2902,38.33454],[128.29559,38.33408],[128.30874,38.32789],[128.31086,38.32921],[128.30913,38.32287],[128.31469,38.30991],[128.31517,38.30234],[128.32041,38.30039],[128.3215,38.29531],[128.31883,38.28715],[128.31978,38.28022],[128.31772,38.26983],[128.31905,38.26611],[128.32745,38.26619],[128.33703,38.26331],[128.34747,38.2662],[128.35819,38.26403],[128.36329,38.25479],[128.36768,38.2355],[128.37127,38.23783],[128.37017,38.24019],[128.37166,38.24253],[128.38037,38.24423],[128.3871,38.2482],[128.39065,38.24638],[128.39408,38.23978],[128.39576,38.23964],[128.40429,38.2433],[128.41761,38.25436],[128.42444,38.25179],[128.43493,38.24107],[128.43934,38.23905],[128.4373,38.23059],[128.44053,38.22793],[128.44144,38.22133],[128.43739,38.21455],[128.44187,38.20233],[128.44722,38.20165],[128.45295,38.19797],[128.46772,38.19781],[128.48653,38.18922],[128.49087,38.19148],[128.49389,38.19581],[128.49705,38.1962],[128.50076,38.20317],[128.50504,38.20364],[128.51391,38.209],[128.51584,38.20714],[128.52287,38.20797],[128.53809,38.2178],[128.5524,38.21749],[128.5621,38.22069],[128.57313,38.22149],[128.58449,38.22868],[128.58486,38.23113]]]}},{"id":"feature_002","type":"Feature","properties":{"시도":"강원특별자치도","시군구":"동해시"},"geometry":{"type":"Polygon","coordinates":[[[128.95762,37.44676],[128.95918,37.44403],[128.97037,37.43937],[128.97559,37.43326],[128.98485,37.43387],[128.99928,37.42989],[129.00454,37.42657],[129.00903,37.43459],[129.03264,37.44736],[129.0368,37.45248],[129.04419,37.45576],[129.06519,37.4601],[129.07687,37.45619],[129.0834,37.46044],[129.09575,37.46336],[129.10739,37.45583],[129.11787,37.46033],[129.13489,37.45316],[129.13902,37.46454],[129.14256,37.46657],[129.1488,37.46486],[129.15502,37.47399],[129.16,37.47674],[129.16051,37.47849],[129.14711,37.49173],[129.14218,37.49217],[129.14464,37.49683],[129.12613,37.48738],[129.12417,37.49038],[129.13634,37.49638],[129.13137,37.50139],[129.13564,37.50397],[129.14825,37.49812],[129.13524,37.5049],[129.12434,37.51732],[129.12226,37.52153],[129.12478,37.52581],[129.11299,37.53933],[129.11224,37.54935],[129.11666,37.54936],[129.11791,37.54513],[129.11795,37.54922],[129.12215,37.55782],[129.11643,37.57083],[129.11636,37.57845],[129.07304,37.60607],[129.06389,37.60168],[129.06091,37.59781],[129.05521,37.59745],[129.05458,37.59489],[129.05959,37.58866],[129.05072,37.57629],[129.05056,37.567],[129.04793,37.55822],[129.04948,37.55427],[129.04676,37.5464],[129.03934,37.54839],[129.03128,37.54734],[129.0259,37.54562],[129.0225,37.54039],[129.01872,37.53827],[129.01327,37.54076],[128.99864,37.54285],[128.99128,37.53911],[128.98715,37.53404],[128.97314,37.53397],[128.96833,37.52954],[128.96842,37.52237],[128.96225,37.51363],[128.96272,37.50999],[128.96597,37.50614],[128.97204,37.50608],[128.97477,37.50358],[128.97031,37.49464],[128.97356,37.49266],[128.98663,37.49296],[128.99058,37.48451],[128.98669,37.48404],[128.98786,37.47518],[128.98381,37.47039],[128.97765,37.46907],[128.97041,37.46134],[128.9658,37.4601],[128.96415,37.45448],[128.95762,37.44676]]]}},{"id":"feature_003","type":"Feature","properties":{"시도":"강원특별자치도","시군구":"삼척시"},"geometry":{"type":"Polygon","coordinates":[[[128.90817,37.21637],[128.91636,37.22491],[128.9177,37.24003],[128.92362,37.24282],[128.92958,37.24083],[128.93495,37.2459],[128.93412,37.25595],[128.92901,37.26758],[128.92424,37.27291],[128.93019,37.27494],[128.93647,37.27415],[128.9407,37.27914],[128.94113,37.2812],[128.93883,37.28346],[128.94141,37.28869],[128.94601,37.29009],[128.94212,37.29723],[128.94367,37.30608],[128.95108,37.30867],[128.96354,37.32959],[128.97079,37.33098],[128.98684,37.34224],[128.99197,37.34317],[129.00018,37.34036],[129.00382,37.34496],[129.00863,37.34523],[129.01015,37.33997],[129.01453,37.33809],[128.99833,37.32577],[128.99778,37.31957],[129.00249,37.31783],[129.01799,37.30498],[129.01845,37.30329],[129.00544,37.29231],[129.00377,37.28838],[129.0066,37.28323],[129.01245,37.27946],[129.01392,37.27362],[129.00772,37.27041],[129.00451,37.26297],[129.0099,37.25368],[129.0074,37.25434],[129.00549,37.25146],[129.00141,37.25207],[129.00215,37.24496],[129.00019,37.2432],[128.99378,37.24507],[128.98943,37.24183],[128.99547,37.23313],[129.0077,37.23041],[129.00627,37.22581],[129.0108,37.22139],[128.99829,37.21741],[128.99584,37.20825],[128.99963,37.20147],[129.00252,37.20195],[129.00836,37.1985],[129.00857,37.19305],[129.01224,37.18532],[129.02727,37.17502],[129.04678,37.17396],[129.05104,37.17018],[129.07196,37.16989],[129.07435,37.16647],[129.07408,37.1617],[129.0885,37.15832],[129.08971,37.14392],[129.09393,37.14225],[129.09527,37.1387],[129.08916,37.12338],[129.09143,37.12011],[129.08768,37.11359],[129.0958,37.10046],[129.10426,37.09829],[129.10859,37.09352],[129.12367,37.09118],[129.12744,37.08894],[129.12808,37.08421],[129.13459,37.08135],[129.1423,37.08114],[129.14375,37.07694],[129.15313,37.07366],[129.15581,37.06918],[129.16644,37.06947],[129.17097,37.06007],[129.1761,37.05762],[129.1837,37.04928],[129.18544,37.04209],[129.19458,37.04057],[129.20287,37.0446],[129.21355,37.04273],[129.22509,37.04454],[129.23859,37.03898],[129.23316,37.04412],[129.23303,37.04985],[129.22891,37.05692],[129.23322,37.0642],[129.23101,37.06929],[129.22558,37.0734],[129.24126,37.08573],[129.24963,37.09588],[129.2661,37.10235],[129.26971,37.10746],[129.27196,37.11699],[129.27679,37.11869],[129.29446,37.11441],[129.29515,37.12029],[129.29819,37.12454],[129.30475,37.12809],[129.30983,37.12858],[129.312,37.13191],[129.32076,37.13585],[129.32454,37.14165],[129.33352,37.14174],[129.34776,37.14654],[129.35653,37.1448],[129.3641,37.14636],[129.35798,37.15881],[129.34602,37.16901],[129.34432,37.17642],[129.34169,37.17784],[129.34346,37.1834],[129.33971,37.19416],[129.34308,37.19525],[129.3479,37.20953],[129.34431,37.21947],[129.34114,37.22247],[129.34131,37.22564],[129.34365,37.22924],[129.34591,37.22908],[129.34574,37.22623],[129.34699,37.22975],[129.35684,37.23549],[129.35032,37.23899],[129.34902,37.24788],[129.34262,37.25101],[129.34089,37.25501],[129.33466,37.26056],[129.32744,37.26431],[129.32953,37.27213],[129.32774,37.27396],[129.32976,37.27682],[129.32922,37.28035],[129.32068,37.2837],[129.32179,37.28864],[129.31891,37.2905],[129.31469,37.28939],[129.31731,37.287],[129.31146,37.28627],[129.30999,37.29183],[129.3064,37.28995],[129.30086,37.29317],[129.3023,37.3039],[129.29841,37.31097],[129.28817,37.30987],[129.26983,37.32267],[129.2681,37.32673],[129.27102,37.32929],[129.26662,37.33187],[129.26813,37.33896],[129.26693,37.34221],[129.26081,37.34735],[129.26093,37.35292],[129.25743,37.35512],[129.2578,37.35781],[129.25122,37.36345],[129.2528,37.3746],[129.26046,37.38057],[129.25058,37.38099],[129.22125,37.397],[129.2028,37.41105],[129.19322,37.42416],[129.19259,37.43069],[129.19072,37.4319],[129.19405,37.43246],[129.18928,37.43446],[129.18743,37.43752],[129.19209,37.43797],[129.19006,37.45177],[129.17833,37.4636],[129.17199,37.46666],[129.16565,37.47175],[129.1659,37.47373],[129.16344,37.47345],[129.16,37.47674],[129.15502,37.47399],[129.1488,37.46486],[129.14256,37.46657],[129.13902,37.46454],[129.13489,37.45316],[129.11787,37.46033],[129.10739,37.45583],[129.09575,37.46336],[129.0834,37.46044],[129.07687,37.45619],[129.06519,37.4601],[129.04419,37.45576],[129.0368,37.45248],[129.03264,37.44736],[129.00903,37.43459],[129.00454,37.42657],[128.99928,37.42989],[128.98485,37.43387],[128.97559,37.43326],[128.97037,37.43937],[128.95918,37.44403],[128.95762,37.44676],[128.95498,37.44934],[128.94484,37.44894],[128.93771,37.45082],[128.93477,37.44764],[128.92793,37.44878],[128.92289,37.44638],[128.91086,37.43634],[128.90297,37.43751],[128.89782,37.43007],[128.8986,37.42098],[128.89681,37.41107],[128.88848,37.40587],[128.86979,37.39999],[128.86883,37.39836],[128.87092,37.39502],[128.86885,37.39129],[128.8653,37.39026],[128.86126,37.38191],[128.85793,37.38091],[128.85447,37.36678],[128.84896,37.35561],[128.84582,37.33962],[128.85454,37.34196],[128.86699,37.33814],[128.8701,37.32967],[128.87424,37.32647],[128.87336,37.32204],[128.8586,37.30432],[128.8596,37.29843],[128.87168,37.29081],[128.87289,37.28239],[128.87989,37.28007],[128.88348,37.27675],[128.8888,37.27591],[128.88795,37.27312],[128.88204,37.27184],[128.87994,37.26471],[128.88724,37.26059],[128.89782,37.24874],[128.90069,37.24239],[128.89836,37.23602],[128.90277,37.22898],[128.90517,37.21863],[128.90817,37.21637]]]}},{"id":"feature_004","type":"Feature","properties":{"시도":"강원특별자치도","시군구":"속초시"},"geometry":{"type":"Polygon","coordinates":[[[128.60908,38.16105],[128.60751,38.17291],[128.61059,38.17337],[128.61019,38.17889],[128.61508,38.18112],[128.60928,38.18368],[128.59678,38.19884],[128.59576,38.20556],[128.60017,38.20655],[128.5949,38.20642],[128.5945,38.21067],[128.60177,38.21025],[128.60261,38.20521],[128.60312,38.20743],[128.60155,38.21236],[128.60225,38.21424],[128.59666,38.2158],[128.58486,38.23113],[128.58449,38.22868],[128.57313,38.22149],[128.5621,38.22069],[128.5524,38.21749],[128.53809,38.2178],[128.52287,38.20797],[128.51584,38.20714],[128.51391,38.209],[128.50504,38.20364],[128.50076,38.20317],[128.49705,38.1962],[128.49389,38.19581],[128.49087,38.19148],[128.48653,38.18922],[128.46772,38.19781],[128.45295,38.19797],[128.44722,38.20165],[128.44187,38.20233],[128.43641,38.19369],[128.42605,38.18909],[128.41982,38.17756],[128.4321,38.16984],[128.43853,38.1628],[128.4379,38.1566],[128.44225,38.15113],[128.4491,38.14924],[128.45496,38.14199],[128.46542,38.13749],[128.46538,38.11949],[128.47383,38.1218],[128.47963,38.12956],[128.49182,38.13805],[128.50144,38.13554],[128.51658,38.13575],[128.52382,38.13824],[128.52871,38.13637],[128.53495,38.14568],[128.53456,38.14834],[128.55941,38.14915],[128.5706,38.1544],[128.57077,38.161],[128.60207,38.15971],[128.60908,38.16105]]]}},{"id":"feature_005","type":"Feature","properties":{"시도":"강원특별자치도","시군구":"양구군"},"geometry":{"type":"Polygon","coordinates":[[[128.02917,38.01458],[128.0449,38.01987],[128.05013,38.01961],[128.05585,38.01562],[128.06064,38.01502],[128.06182,38.0191],[128.05644,38.03113],[128.05903,38.03555],[128.05792,38.03954],[128.06101,38.0472],[128.06916,38.04706],[128.07002,38.04413],[128.07985,38.03715],[128.08009,38.03454],[128.08845,38.03321],[128.09563,38.02812],[128.10469,38.02973],[128.11261,38.03534],[128.11327,38.04228],[128.11797,38.04787],[128.11414,38.0565],[128.11282,38.07119],[128.099,38.07901],[128.08924,38.09221],[128.0891,38.09992],[128.10092,38.10221],[128.10101,38.10627],[128.10385,38.10811],[128.10446,38.111],[128.09763,38.12446],[128.09827,38.12927],[128.09461,38.13016],[128.08808,38.13802],[128.08945,38.14586],[128.08639,38.15187],[128.09682,38.16209],[128.09621,38.1732],[128.10373,38.17794],[128.10512,38.18526],[128.09925,38.18891],[128.09688,38.18648],[128.09811,38.19313],[128.10588,38.20049],[128.11276,38.20293],[128.1188,38.21146],[128.11342,38.21949],[128.11616,38.23071],[128.12166,38.23466],[128.12137,38.2381],[128.12312,38.23958],[128.1307,38.24185],[128.13336,38.24504],[128.13986,38.2476],[128.14234,38.25308],[128.15056,38.25554],[128.15594,38.26115],[128.15427,38.26574],[128.16001,38.27437],[128.15805,38.27873],[128.15869,38.29097],[128.16533,38.29833],[128.16243,38.30283],[128.16249,38.31073],[128.16485,38.31435],[128.1594,38.31868],[128.15653,38.32508],[128.14795,38.32734],[128.14178,38.3261],[128.13906,38.32329],[128.12668,38.3232],[128.1211,38.32645],[128.12335,38.32694],[128.12323,38.34072],[128.08185,38.32029],[128.06348,38.31351],[128.04897,38.31284],[128.03424,38.31542],[128.03254,38.31624],[128.03227,38.31999],[128.00878,38.31823],[128.00096,38.27738],[127.97952,38.28358],[127.94223,38.30638],[127.91491,38.31075],[127.88756,38.30902],[127.83978,38.28909],[127.85489,38.25238],[127.85408,38.24576],[127.85675,38.24376],[127.85836,38.23788],[127.85793,38.23373],[127.85264,38.2293],[127.85205,38.21815],[127.85447,38.21401],[127.85186,38.21123],[127.85241,38.20911],[127.85853,38.20337],[127.86754,38.20539],[127.87822,38.19714],[127.87576,38.18936],[127.87924,38.17138],[127.88188,38.16877],[127.87474,38.15879],[127.87778,38.1496],[127.87405,38.14137],[127.87517,38.12565],[127.88739,38.11594],[127.88446,38.10966],[127.88548,38.1018],[127.89198,38.0964],[127.90031,38.09303],[127.90353,38.08464],[127.90739,38.08047],[127.9045,38.07271],[127.91453,38.05841],[127.90438,38.05314],[127.90361,38.0509],[127.90468,38.049],[127.90232,38.03819],[127.9065,38.02655],[127.93028,38.01844],[127.93629,38.01433],[127.93985,38.01472],[127.94621,38.01949],[127.94778,38.02233],[127.94702,38.03202],[127.95134,38.0386],[127.95471,38.03972],[127.96622,38.0325],[127.98579,38.02745],[127.98804,38.02382],[127.98394,38.0134],[127.98872,38.00495],[127.99445,38.00126],[127.99842,38.00257],[128.00789,38.01563],[128.01347,38.01906],[128.02393,38.01891],[128.02917,38.01458]]]}},{"id":"feature_006","type":"Feature","properties":{"시도":"강원특별자치도","시군구":"양양군"},"geometry":{"type":"Polygon","coordinates":[[[128.58785,37.86188],[128.59153,37.8655],[128.5966,37.86596],[128.60091,37.87073],[128.62061,37.8723],[128.62353,37.87504],[128.6246,37.8819],[128.63477,37.8876],[128.64141,37.89486],[128.64494,37.89429],[128.64828,37.89085],[128.66466,37.89061],[128.66686,37.88578],[128.66924,37.88583],[128.67654,37.88995],[128.68327,37.8898],[128.70197,37.89833],[128.71326,37.89858],[128.71816,37.90373],[128.72326,37.90209],[128.7269,37.90301],[128.73211,37.89988],[128.73633,37.90338],[128.74452,37.90422],[128.74704,37.90966],[128.75375,37.9123],[128.7622,37.90957],[128.77594,37.91016],[128.78245,37.91503],[128.79321,37.91208],[128.80274,37.91288],[128.81003,37.91834],[128.79045,37.93457],[128.78878,37.93797],[128.79098,37.93836],[128.79053,37.94514],[128.78669,37.94799],[128.78315,37.94748],[128.77023,37.95838],[128.76998,37.96273],[128.76416,37.96854],[128.76641,37.96946],[128.76686,37.97276],[128.7617,37.97373],[128.76043,37.97602],[128.76258,37.9793],[128.76511,37.9794],[128.76255,37.9831],[128.75719,37.98342],[128.75223,37.9863],[128.74998,37.98919],[128.75124,37.99035],[128.75015,37.99292],[128.74265,37.99584],[128.7342,38.00757],[128.73466,38.01723],[128.73744,38.02046],[128.73694,38.02245],[128.73518,38.02399],[128.72638,38.02404],[128.70256,38.04115],[128.68652,38.05596],[128.67686,38.06719],[128.67631,38.07111],[128.67834,38.07509],[128.67329,38.07853],[128.67345,38.08311],[128.67111,38.08433],[128.66719,38.09196],[128.66245,38.09246],[128.63884,38.11363],[128.63335,38.12008],[128.63403,38.12412],[128.63025,38.12887],[128.6254,38.12927],[128.62383,38.13319],[128.6187,38.13744],[128.6096,38.15112],[128.61147,38.15524],[128.60908,38.16105],[128.60207,38.15971],[128.57077,38.161],[128.5706,38.1544],[128.55941,38.14915],[128.53456,38.14834],[128.53495,38.14568],[128.52871,38.13637],[128.52382,38.13824],[128.51658,38.13575],[128.50144,38.13554],[128.49182,38.13805],[128.47963,38.12956],[128.47383,38.1218],[128.46538,38.11949],[128.45748,38.12152],[128.45085,38.116],[128.44074,38.11512],[128.42839,38.1096],[128.41187,38.11185],[128.41052,38.10874],[128.41218,38.10417],[128.40414,38.09638],[128.40944,38.08898],[128.40888,38.08256],[128.41108,38.07961],[128.40905,38.07717],[128.41242,38.06785],[128.42535,38.04927],[128.43583,38.05306],[128.44165,38.05813],[128.45422,38.05611],[128.46141,38.05283],[128.4634,38.05004],[128.46976,38.05037],[128.47492,38.04836],[128.4862,38.05356],[128.49299,38.04909],[128.49648,38.04136],[128.5001,38.03834],[128.49832,38.02942],[128.50364,38.02063],[128.5022,38.01756],[128.50721,38.01241],[128.51283,38.01254],[128.51202,38.00465],[128.50224,37.99677],[128.50012,37.98958],[128.50124,37.98628],[128.4965,37.98233],[128.49785,37.97615],[128.49507,37.96407],[128.48841,37.96102],[128.4783,37.96275],[128.47439,37.96161],[128.47203,37.96024],[128.47312,37.95376],[128.46634,37.9494],[128.46744,37.94025],[128.46341,37.93553],[128.4765,37.92231],[128.47474,37.91267],[128.47586,37.9062],[128.47342,37.90054],[128.47718,37.89643],[128.48177,37.89504],[128.48172,37.89311],[128.49748,37.88522],[128.50678,37.88674],[128.51241,37.88004],[128.52597,37.88276],[128.52732,37.88644],[128.53089,37.88894],[128.54072,37.89082],[128.54384,37.88698],[128.55549,37.88144],[128.55999,37.87548],[128.5669,37.87567],[128.57189,37.87042],[128.57376,37.86457],[128.58785,37.86188]]]}},{"id":"feature_007","type":"Feature","properties":{"시도":"강원특별자치도","시군구":"영월군"},"geometry":{"type":"Polygon","coordinates":[[[128.70894,37.03923],[128.71248,37.04252],[128.7186,37.04396],[128.73428,37.04028],[128.75137,37.02832],[128.75453,37.03204],[128.76172,37.03523],[128.76084,37.04347],[128.75202,37.05754],[128.75707,37.07006],[128.76465,37.0638],[128.76853,37.06847],[128.77006,37.07499],[128.77793,37.07896],[128.77752,37.08304],[128.77322,37.08735],[128.77978,37.09232],[128.78506,37.08772],[128.80287,37.08536],[128.80859,37.07753],[128.82698,37.0781],[128.83142,37.07623],[128.83197,37.06799],[128.8399,37.0625],[128.84663,37.05216],[128.86364,37.04917],[128.87273,37.04459],[128.87563,37.04485],[128.87832,37.05358],[128.88582,37.05079],[128.88873,37.04713],[128.89696,37.04532],[128.896,37.05522],[128.89737,37.05787],[128.90973,37.06687],[128.89946,37.06796],[128.8952,37.06418],[128.88866,37.06229],[128.88625,37.06659],[128.8763,37.07326],[128.87522,37.07922],[128.88135,37.08114],[128.88508,37.08479],[128.88568,37.0898],[128.88896,37.09237],[128.88634,37.09786],[128.88718,37.1019],[128.87805,37.105],[128.87456,37.10873],[128.86718,37.10868],[128.87006,37.1139],[128.87442,37.11422],[128.886,37.12185],[128.88881,37.1254],[128.88664,37.13653],[128.88807,37.14106],[128.89056,37.14402],[128.89917,37.14794],[128.89833,37.15085],[128.89316,37.15222],[128.89184,37.16111],[128.8848,37.16623],[128.88421,37.16904],[128.87147,37.16746],[128.86535,37.16948],[128.84154,37.16717],[128.83374,37.17609],[128.82183,37.17585],[128.80921,37.19065],[128.80682,37.19018],[128.79387,37.19669],[128.78481,37.19821],[128.7828,37.20071],[128.76812,37.20331],[128.76321,37.20851],[128.75364,37.21176],[128.74765,37.21123],[128.73718,37.20374],[128.73204,37.19742],[128.71666,37.1961],[128.71039,37.19128],[128.69985,37.19015],[128.69449,37.18456],[128.67196,37.18724],[128.65594,37.18628],[128.64292,37.18275],[128.63555,37.18818],[128.63225,37.19961],[128.62276,37.19982],[128.61775,37.20551],[128.62201,37.21295],[128.61978,37.21832],[128.60845,37.21839],[128.6003,37.213],[128.58762,37.22076],[128.57915,37.22041],[128.57462,37.22983],[128.57675,37.24519],[128.56573,37.25286],[128.56459,37.25916],[128.56794,37.27064],[128.57487,37.26899],[128.57744,37.2691],[128.57898,37.27167],[128.57462,37.27931],[128.57191,37.28043],[128.56518,37.2786],[128.55651,37.28859],[128.54466,37.28955],[128.53801,37.28469],[128.53404,37.2862],[128.52912,37.29219],[128.51766,37.2867],[128.51003,37.28932],[128.50407,37.28893],[128.50084,37.29032],[128.49682,37.30324],[128.48186,37.30261],[128.47155,37.30689],[128.46468,37.30658],[128.4615,37.31113],[128.46497,37.31894],[128.46407,37.32189],[128.45287,37.33466],[128.44915,37.33706],[128.42952,37.33987],[128.42205,37.34385],[128.40947,37.33676],[128.4122,37.33028],[128.40513,37.32336],[128.4043,37.31862],[128.40633,37.31125],[128.41113,37.30886],[128.40642,37.30411],[128.40963,37.29704],[128.40857,37.29427],[128.39696,37.29727],[128.38848,37.29109],[128.3797,37.28892],[128.37177,37.29157],[128.36855,37.2991],[128.36378,37.29974],[128.3559,37.30947],[128.34171,37.30778],[128.33857,37.30483],[128.33144,37.30388],[128.32971,37.31173],[128.32274,37.3198],[128.32405,37.32747],[128.32115,37.3391],[128.32232,37.34635],[128.31686,37.35373],[128.31954,37.36245],[128.31853,37.36475],[128.32719,37.37567],[128.32455,37.3786],[128.31695,37.37821],[128.31293,37.38297],[128.30314,37.38921],[128.29765,37.38915],[128.29357,37.39679],[128.29422,37.40063],[128.29118,37.40237],[128.28265,37.40652],[128.26564,37.40799],[128.26059,37.40499],[128.25484,37.39347],[128.24576,37.39375],[128.23658,37.38816],[128.22122,37.39409],[128.21519,37.3926],[128.20928,37.39497],[128.20079,37.39079],[128.19385,37.39024],[128.18787,37.3924],[128.17983,37.38794],[128.17877,37.38581],[128.1806,37.3819],[128.17791,37.37488],[128.18393,37.35846],[128.18632,37.34133],[128.17502,37.33752],[128.16968,37.3389],[128.16779,37.33675],[128.17279,37.32832],[128.17211,37.32258],[128.16778,37.32158],[128.15985,37.32334],[128.15371,37.32746],[128.14954,37.32663],[128.14592,37.3224],[128.13018,37.32901],[128.11963,37.32376],[128.119,37.32069],[128.11437,37.31632],[128.11438,37.30994],[128.11781,37.30404],[128.11414,37.30203],[128.11306,37.29421],[128.11593,37.2833],[128.12005,37.28136],[128.12169,37.27596],[128.12816,37.27587],[128.13125,37.27832],[128.14932,37.27455],[128.17001,37.27781],[128.18366,37.28382],[128.17801,37.28998],[128.17905,37.29157],[128.19034,37.29321],[128.19582,37.29729],[128.20188,37.29096],[128.21472,37.28721],[128.21721,37.28362],[128.21755,37.27764],[128.21156,37.27324],[128.21056,37.25783],[128.20666,37.25158],[128.20175,37.25048],[128.20123,37.24882],[128.20794,37.24892],[128.21031,37.24596],[128.21484,37.24634],[128.21525,37.24194],[128.21953,37.24052],[128.22437,37.23296],[128.22842,37.2303],[128.2287,37.22784],[128.23462,37.22641],[128.23715,37.22933],[128.24295,37.22639],[128.2512,37.22921],[128.25859,37.21596],[128.26839,37.20807],[128.28131,37.20962],[128.2885,37.21515],[128.30856,37.21692],[128.31555,37.22346],[128.32047,37.21936],[128.3305,37.21654],[128.32971,37.20215],[128.32744,37.19875],[128.32158,37.19593],[128.31321,37.19669],[128.31286,37.18797],[128.29587,37.18303],[128.29818,37.1723],[128.29091,37.17007],[128.28054,37.17315],[128.27629,37.17205],[128.26469,37.16051],[128.26626,37.15611],[128.27074,37.15404],[128.27259,37.14823],[128.27828,37.14343],[128.28845,37.14106],[128.29634,37.13405],[128.29827,37.13418],[128.30416,37.13705],[128.31128,37.14529],[128.32436,37.14758],[128.32738,37.15297],[128.33078,37.15035],[128.33698,37.15787],[128.34287,37.15425],[128.35013,37.15801],[128.35946,37.14996],[128.3645,37.15543],[128.3771,37.15164],[128.37907,37.15521],[128.38437,37.15818],[128.40101,37.14638],[128.40263,37.14243],[128.40361,37.13953],[128.40172,37.13849],[128.40162,37.13479],[128.39592,37.12869],[128.40665,37.12678],[128.41111,37.12217],[128.41858,37.1198],[128.42252,37.11304],[128.42288,37.10444],[128.42482,37.10239],[128.4301,37.10383],[128.4304,37.10725],[128.43551,37.10975],[128.43524,37.11127],[128.44502,37.10736],[128.45084,37.11242],[128.46512,37.10988],[128.48033,37.11155],[128.49015,37.12285],[128.50082,37.12009],[128.51239,37.1137],[128.51483,37.10428],[128.51122,37.09806],[128.51201,37.09612],[128.52225,37.10337],[128.53474,37.0984],[128.53797,37.09004],[128.55082,37.08582],[128.56213,37.09036],[128.59166,37.07821],[128.59539,37.08186],[128.6018,37.08278],[128.60145,37.07897],[128.60632,37.07658],[128.62323,37.08715],[128.62805,37.08158],[128.6283,37.07498],[128.63368,37.07183],[128.64276,37.07054],[128.65223,37.06546],[128.656,37.06442],[128.65749,37.06108],[128.67541,37.05877],[128.68389,37.05157],[128.68927,37.05303],[128.70021,37.04119],[128.70894,37.03923]]]}},{"id":"feature_008","type":"Feature","properties":{"시도":"강원특별자치도","시군구":"원주시"},"geometry":{"type":"Polygon","coordinates":[[[127.92622,37.16518],[127.92712,37.16941],[127.93357,37.17597],[127.93283,37.18261],[127.93655,37.18881],[127.93294,37.19476],[127.93238,37.2075],[127.92666,37.21945],[127.92129,37.22575],[127.93866,37.24071],[127.94558,37.24049],[127.94809,37.24694],[127.96271,37.2499],[127.97265,37.25683],[127.9865,37.25789],[127.99436,37.25375],[127.99907,37.25464],[128.00753,37.2517],[128.01834,37.24513],[128.02131,37.23231],[128.03182,37.22402],[128.03335,37.21897],[128.03928,37.21555],[128.03335,37.20999],[128.02978,37.2025],[128.0318,37.19966],[128.03166,37.19369],[128.0397,37.1888],[128.04382,37.19065],[128.04968,37.18912],[128.05973,37.19362],[128.07881,37.19401],[128.08792,37.19999],[128.09491,37.19982],[128.10507,37.20379],[128.12522,37.22114],[128.12156,37.2275],[128.12682,37.23471],[128.13324,37.22974],[128.14109,37.22939],[128.14313,37.22359],[128.15003,37.22052],[128.15357,37.21605],[128.16417,37.21328],[128.1731,37.21878],[128.17265,37.22475],[128.17599,37.22836],[128.17418,37.23253],[128.20123,37.24882],[128.20175,37.25048],[128.20666,37.25158],[128.21056,37.25783],[128.21156,37.27324],[128.21755,37.27764],[128.21721,37.28362],[128.21472,37.28721],[128.20188,37.29096],[128.19582,37.29729],[128.19034,37.29321],[128.17905,37.29157],[128.17801,37.28998],[128.18366,37.28382],[128.17001,37.27781],[128.14932,37.27455],[128.13125,37.27832],[128.12816,37.27587],[128.12169,37.27596],[128.12005,37.28136],[128.11593,37.2833],[128.11306,37.29421],[128.11414,37.30203],[128.11,37.30375],[128.0933,37.30357],[128.07922,37.30686],[128.07197,37.31103],[128.0571,37.3109],[128.04479,37.32117],[128.03736,37.33472],[128.04316,37.34596],[128.04077,37.34944],[128.0414,37.35572],[128.04714,37.36342],[128.05102,37.36635],[128.06951,37.36672],[128.07322,37.36848],[128.0766,37.37612],[128.07207,37.39352],[128.08449,37.40336],[128.09783,37.40688],[128.09438,37.41212],[128.09041,37.41326],[128.08686,37.41713],[128.08123,37.42762],[128.06968,37.43626],[128.0645,37.43684],[128.064,37.44296],[128.06047,37.44722],[128.05176,37.44497],[128.04185,37.44553],[128.02879,37.4505],[128.01503,37.44667],[128.0065,37.44917],[128.0038,37.4568],[127.99258,37.45632],[127.98791,37.45894],[127.98352,37.45712],[127.97671,37.45865],[127.96431,37.45034],[127.95608,37.45566],[127.95119,37.45478],[127.94483,37.46322],[127.94036,37.47518],[127.93806,37.47608],[127.93828,37.4826],[127.9327,37.48825],[127.93836,37.49624],[127.93914,37.50026],[127.9285,37.50682],[127.92096,37.49782],[127.91811,37.4972],[127.91913,37.49292],[127.91016,37.48711],[127.90825,37.4787],[127.90408,37.47321],[127.88847,37.4667],[127.88376,37.46775],[127.87516,37.46569],[127.87368,37.45501],[127.86848,37.45081],[127.86336,37.43581],[127.86518,37.43093],[127.86413,37.4244],[127.87095,37.41628],[127.86652,37.39945],[127.85663,37.39938],[127.85134,37.3946],[127.84846,37.40012],[127.85118,37.40847],[127.84158,37.43081],[127.83666,37.43239],[127.82248,37.44389],[127.81447,37.44263],[127.81104,37.43912],[127.8018,37.43533],[127.80394,37.42897],[127.79462,37.42428],[127.78787,37.40133],[127.78369,37.39861],[127.78314,37.39027],[127.77659,37.38324],[127.77585,37.37842],[127.7778,37.3712],[127.76316,37.3699],[127.75948,37.36704],[127.76117,37.36379],[127.75779,37.34599],[127.76136,37.33656],[127.76036,37.32912],[127.76219,37.32078],[127.76857,37.30783],[127.76715,37.3018],[127.76192,37.30211],[127.75477,37.29769],[127.7565,37.29469],[127.7538,37.28901],[127.75578,37.28284],[127.7547,37.27852],[127.75831,37.25803],[127.74886,37.24748],[127.74765,37.24347],[127.7464,37.22963],[127.75098,37.22403],[127.74792,37.21668],[127.74385,37.2101],[127.75503,37.17375],[127.76576,37.15909],[127.78253,37.15111],[127.78951,37.1444],[127.79519,37.14618],[127.80171,37.14453],[127.80776,37.14736],[127.81575,37.14665],[127.82726,37.15285],[127.8365,37.15171],[127.84943,37.15333],[127.85368,37.16103],[127.85553,37.16028],[127.85588,37.15648],[127.86092,37.15537],[127.86205,37.16165],[127.87074,37.16439],[127.88668,37.16092],[127.89484,37.15632],[127.89938,37.15005],[127.90195,37.15201],[127.90845,37.16721],[127.91525,37.16918],[127.92312,37.16426],[127.92622,37.16518]]]}},{"id":"feature_009","type":"Feature","properties":{"시도":"강원특별자치도","시군구":"인제군"},"geometry":{"type":"Polygon","coordinates":[[[127.99344,37.94267],[128.00044,37.93882],[128.0085,37.9385],[128.01251,37.93915],[128.01553,37.94306],[128.02013,37.94427],[128.02504,37.94532],[128.0298,37.94331],[128.03631,37.93542],[128.03971,37.92734],[128.04575,37.92284],[128.05077,37.92159],[128.05305,37.91756],[128.07572,37.90769],[128.08,37.90317],[128.09277,37.89778],[128.09938,37.8968],[128.10743,37.89992],[128.12436,37.89548],[128.13064,37.89596],[128.13333,37.89382],[128.1448,37.89292],[128.14942,37.8949],[128.1608,37.8954],[128.16381,37.88771],[128.17339,37.88495],[128.17442,37.88293],[128.17402,37.87681],[128.16883,37.87188],[128.16806,37.86589],[128.17229,37.85895],[128.16912,37.85222],[128.182,37.84354],[128.18111,37.83463],[128.1877,37.82946],[128.1921,37.82265],[128.1958,37.82205],[128.2042,37.81452],[128.2125,37.8117],[128.22392,37.8199],[128.23768,37.82402],[128.24228,37.83133],[128.25437,37.83651],[128.26094,37.8505],[128.26135,37.8563],[128.26772,37.86102],[128.27283,37.86088],[128.27625,37.86495],[128.28489,37.86643],[128.28753,37.86508],[128.29095,37.86738],[128.28873,37.86793],[128.29009,37.86884],[128.29554,37.86901],[128.30525,37.85775],[128.30748,37.8433],[128.31327,37.83974],[128.31962,37.83095],[128.32892,37.83398],[128.33328,37.82952],[128.34571,37.82533],[128.35356,37.83069],[128.36474,37.83343],[128.3674,37.83793],[128.3639,37.84022],[128.36504,37.84591],[128.37839,37.85264],[128.38213,37.85865],[128.39042,37.85874],[128.39728,37.86277],[128.40097,37.86188],[128.40532,37.8702],[128.41018,37.8726],[128.41296,37.88011],[128.41255,37.88487],[128.42425,37.87463],[128.42889,37.87336],[128.43224,37.86616],[128.4405,37.86353],[128.44425,37.8646],[128.44903,37.87332],[128.45844,37.87951],[128.4659,37.88144],[128.47063,37.88644],[128.4755,37.8855],[128.48172,37.89311],[128.48177,37.89504],[128.47718,37.89643],[128.47342,37.90054],[128.47586,37.9062],[128.47474,37.91267],[128.4765,37.92231],[128.46341,37.93553],[128.46744,37.94025],[128.46634,37.9494],[128.47312,37.95376],[128.47203,37.96024],[128.47439,37.96161],[128.4783,37.96275],[128.48841,37.96102],[128.49507,37.96407],[128.49785,37.97615],[128.4965,37.98233],[128.50124,37.98628],[128.50012,37.98958],[128.50224,37.99677],[128.51202,38.00465],[128.51283,38.01254],[128.50721,38.01241],[128.5022,38.01756],[128.50364,38.02063],[128.49832,38.02942],[128.5001,38.03834],[128.49648,38.04136],[128.49299,38.04909],[128.4862,38.05356],[128.47492,38.04836],[128.46976,38.05037],[128.4634,38.05004],[128.46141,38.05283],[128.45422,38.05611],[128.44165,38.05813],[128.43583,38.05306],[128.42535,38.04927],[128.41242,38.06785],[128.40905,38.07717],[128.41108,38.07961],[128.40888,38.08256],[128.40944,38.08898],[128.40414,38.09638],[128.41218,38.10417],[128.41052,38.10874],[128.41187,38.11185],[128.42839,38.1096],[128.44074,38.11512],[128.45085,38.116],[128.45748,38.12152],[128.46538,38.11949],[128.46542,38.13749],[128.45496,38.14199],[128.4491,38.14924],[128.44225,38.15113],[128.4379,38.1566],[128.43853,38.1628],[128.4321,38.16984],[128.41982,38.17756],[128.42605,38.18909],[128.43641,38.19369],[128.44187,38.20233],[128.43739,38.21455],[128.44144,38.22133],[128.44053,38.22793],[128.4373,38.23059],[128.43934,38.23905],[128.43493,38.24107],[128.42444,38.25179],[128.41761,38.25436],[128.40429,38.2433],[128.39576,38.23964],[128.39408,38.23978],[128.39065,38.24638],[128.3871,38.2482],[128.38037,38.24423],[128.37166,38.24253],[128.37017,38.24019],[128.37127,38.23783],[128.36768,38.2355],[128.36329,38.25479],[128.35819,38.26403],[128.34747,38.2662],[128.33703,38.26331],[128.32745,38.26619],[128.31905,38.26611],[128.31772,38.26983],[128.31978,38.28022],[128.31883,38.28715],[128.3215,38.29531],[128.32041,38.30039],[128.31517,38.30234],[128.31469,38.30991],[128.30913,38.32287],[128.31086,38.32921],[128.30874,38.32789],[128.29559,38.33408],[128.2902,38.33454],[128.2792,38.32831],[128.26125,38.32455],[128.25868,38.32721],[128.25738,38.34271],[128.26279,38.35279],[128.26088,38.36336],[128.24398,38.36032],[128.23357,38.36389],[128.22757,38.36157],[128.22401,38.3677],[128.22883,38.37457],[128.21992,38.37777],[128.20395,38.37767],[128.15067,38.35136],[128.12323,38.34072],[128.12335,38.32694],[128.1211,38.32645],[128.12668,38.3232],[128.13906,38.32329],[128.14178,38.3261],[128.14795,38.32734],[128.15653,38.32508],[128.1594,38.31868],[128.16485,38.31435],[128.16249,38.31073],[128.16243,38.30283],[128.16533,38.29833],[128.15869,38.29097],[128.15805,38.27873],[128.16001,38.27437],[128.15427,38.26574],[128.15594,38.26115],[128.15056,38.25554],[128.14234,38.25308],[128.13986,38.2476],[128.13336,38.24504],[128.1307,38.24185],[128.12312,38.23958],[128.12137,38.2381],[128.12166,38.23466],[128.11616,38.23071],[128.11342,38.21949],[128.1188,38.21146],[128.11276,38.20293],[128.10588,38.20049],[128.09811,38.19313],[128.09688,38.18648],[128.09925,38.18891],[128.10512,38.18526],[128.10373,38.17794],[128.09621,38.1732],[128.09682,38.16209],[128.08639,38.15187],[128.08945,38.14586],[128.08808,38.13802],[128.09461,38.13016],[128.09827,38.12927],[128.09763,38.12446],[128.10446,38.111],[128.10385,38.10811],[128.10101,38.10627],[128.10092,38.10221],[128.0891,38.09992],[128.08924,38.09221],[128.099,38.07901],[128.11282,38.07119],[128.11414,38.0565],[128.11797,38.04787],[128.11327,38.04228],[128.11261,38.03534],[128.10469,38.02973],[128.09563,38.02812],[128.08845,38.03321],[128.08009,38.03454],[128.07985,38.03715],[128.07002,38.04413],[128.06916,38.04706],[128.06101,38.0472],[128.05792,38.03954],[128.05903,38.03555],[128.05644,38.03113],[128.06182,38.0191],[128.06064,38.01502],[128.05585,38.01562],[128.05013,38.01961],[128.0449,38.01987],[128.02917,38.01458],[128.02474,38.00908],[128.01986,38.00722],[128.01886,38.00067],[128.0154,37.99682],[128.00347,37.99549],[127.99537,37.98937],[127.98316,37.99056],[127.98437,37.98689],[127.98189,37.98438],[127.98524,37.97578],[127.98217,37.97207],[127.98485,37.96665],[127.97723,37.95677],[127.98001,37.95358],[127.98738,37.95123],[127.99344,37.94267]]]}},{"id":"feature_010","type":"Feature","properties":{"시도":"강원특별자치도","시군구":"정선군"},"geometry":{"type":"Polygon","coordinates":[[[128.90817,37.21637],[128.90517,37.21863],[128.90277,37.22898],[128.89836,37.23602],[128.90069,37.24239],[128.89782,37.24874],[128.88724,37.26059],[128.87994,37.26471],[128.88204,37.27184],[128.88795,37.27312],[128.8888,37.27591],[128.88348,37.27675],[128.87989,37.28007],[128.87289,37.28239],[128.87168,37.29081],[128.8596,37.29843],[128.8586,37.30432],[128.87336,37.32204],[128.87424,37.32647],[128.8701,37.32967],[128.86699,37.33814],[128.85454,37.34196],[128.84582,37.33962],[128.84896,37.35561],[128.85447,37.36678],[128.85793,37.38091],[128.86126,37.38191],[128.8653,37.39026],[128.86885,37.39129],[128.87092,37.39502],[128.86883,37.39836],[128.86979,37.39999],[128.88848,37.40587],[128.89681,37.41107],[128.8986,37.42098],[128.89782,37.43007],[128.90297,37.43751],[128.91086,37.43634],[128.92289,37.44638],[128.92793,37.44878],[128.93477,37.44764],[128.93771,37.45082],[128.94484,37.44894],[128.95498,37.44934],[128.95762,37.44676],[128.96415,37.45448],[128.9658,37.4601],[128.97041,37.46134],[128.97765,37.46907],[128.98381,37.47039],[128.98786,37.47518],[128.98669,37.48404],[128.99058,37.48451],[128.98663,37.49296],[128.97356,37.49266],[128.97031,37.49464],[128.97477,37.50358],[128.97204,37.50608],[128.96597,37.50614],[128.96272,37.50999],[128.96225,37.51363],[128.96842,37.52237],[128.96833,37.52954],[128.97314,37.53397],[128.96227,37.54338],[128.96285,37.54698],[128.96057,37.54901],[128.9545,37.54127],[128.94496,37.54138],[128.94055,37.53709],[128.9315,37.53943],[128.92435,37.54693],[128.91581,37.54816],[128.91244,37.55296],[128.90566,37.55251],[128.90536,37.56727],[128.89897,37.57682],[128.89835,37.58419],[128.88518,37.5927],[128.87806,37.5883],[128.87403,37.58961],[128.86931,37.57939],[128.86275,37.57662],[128.86224,37.5724],[128.86405,37.56943],[128.85864,37.56041],[128.8612,37.55315],[128.86043,37.54378],[128.85504,37.53498],[128.85374,37.52477],[128.84927,37.52089],[128.84794,37.515],[128.84014,37.51187],[128.83339,37.51306],[128.81383,37.50322],[128.8143,37.50634],[128.81126,37.50928],[128.79733,37.51864],[128.80439,37.52516],[128.80368,37.53],[128.78089,37.54337],[128.76052,37.54134],[128.74554,37.54662],[128.73115,37.53795],[128.72463,37.53745],[128.72398,37.54104],[128.7206,37.54177],[128.71661,37.53847],[128.70689,37.53721],[128.70406,37.53521],[128.69814,37.53757],[128.68887,37.54706],[128.67679,37.55098],[128.674,37.55593],[128.66911,37.55709],[128.64774,37.55453],[128.64451,37.55264],[128.64175,37.54153],[128.63518,37.53945],[128.63249,37.54329],[128.63185,37.55038],[128.62701,37.55552],[128.62458,37.56673],[128.62537,37.5734],[128.61514,37.57528],[128.59993,37.56901],[128.58912,37.55907],[128.58749,37.54806],[128.58973,37.54075],[128.58349,37.53588],[128.57748,37.51168],[128.57682,37.49595],[128.58418,37.48968],[128.58462,37.48733],[128.58061,37.49045],[128.5721,37.49007],[128.56969,37.49742],[128.56389,37.49986],[128.5563,37.4873],[128.56033,37.47719],[128.56325,37.4613],[128.55287,37.4568],[128.54671,37.45967],[128.5243,37.46355],[128.52239,37.46052],[128.51332,37.45501],[128.51337,37.44794],[128.51809,37.44005],[128.51903,37.43407],[128.5133,37.42626],[128.51349,37.42309],[128.50624,37.41832],[128.50844,37.41046],[128.51625,37.40371],[128.53895,37.3996],[128.54563,37.37944],[128.5499,37.37607],[128.55336,37.36946],[128.55266,37.36079],[128.54729,37.3547],[128.55667,37.35271],[128.56617,37.3452],[128.56634,37.33985],[128.5696,37.33603],[128.57014,37.32587],[128.57361,37.32429],[128.57836,37.31527],[128.58459,37.31051],[128.58459,37.30563],[128.57966,37.29866],[128.59578,37.2831],[128.59607,37.28037],[128.58454,37.27429],[128.581,37.26744],[128.57619,37.26686],[128.57487,37.26899],[128.56794,37.27064],[128.56459,37.25916],[128.56573,37.25286],[128.57675,37.24519],[128.57462,37.22983],[128.57915,37.22041],[128.58762,37.22076],[128.6003,37.213],[128.60845,37.21839],[128.61978,37.21832],[128.62201,37.21295],[128.61775,37.20551],[128.62276,37.19982],[128.63225,37.19961],[128.63555,37.18818],[128.64292,37.18275],[128.65594,37.18628],[128.67196,37.18724],[128.69449,37.18456],[128.69985,37.19015],[128.71039,37.19128],[128.71666,37.1961],[128.73204,37.19742],[128.73718,37.20374],[128.74765,37.21123],[128.75364,37.21176],[128.76321,37.20851],[128.76812,37.20331],[128.7828,37.20071],[128.78481,37.19821],[128.79387,37.19669],[128.80682,37.19018],[128.80921,37.19065],[128.82183,37.17585],[128.83374,37.17609],[128.84154,37.16717],[128.86535,37.16948],[128.87147,37.16746],[128.88421,37.16904],[128.8848,37.16623],[128.89184,37.16111],[128.89316,37.15222],[128.89833,37.15085],[128.89917,37.14794],[128.91213,37.14941],[128.91766,37.16122],[128.91591,37.16863],[128.91304,37.17169],[128.91277,37.17681],[128.91543,37.18043],[128.9114,37.19709],[128.916,37.20642],[128.91586,37.21144],[128.90817,37.21637]]]}},{"id":"feature_011","type":"Feature","properties":{"시도":"강원특별자치도","시군구":"철원군"},"geometry":{"type":"Polygon","coordinates":[[[127.43057,38.11528],[127.44031,38.12437],[127.45147,38.11814],[127.45756,38.12338],[127.46771,38.12553],[127.48455,38.12565],[127.49529,38.13275],[127.4959,38.14051],[127.50269,38.14859],[127.49491,38.15314],[127.49064,38.15982],[127.50423,38.17434],[127.50326,38.18419],[127.50765,38.1984],[127.52437,38.20009],[127.53072,38.21056],[127.53642,38.2109],[127.54009,38.21486],[127.53741,38.21955],[127.54171,38.2292],[127.55793,38.23246],[127.56581,38.23748],[127.57041,38.24818],[127.57678,38.25247],[127.5789,38.25779],[127.59206,38.26108],[127.59315,38.2668],[127.59709,38.26995],[127.59912,38.27839],[127.59642,38.28358],[127.58655,38.28715],[127.58339,38.28993],[127.58341,38.29269],[127.61015,38.34047],[127.58809,38.34011],[127.55079,38.32951],[127.54165,38.32524],[127.51507,38.30651],[127.5032,38.30328],[127.48678,38.30369],[127.47279,38.31937],[127.46546,38.32044],[127.44911,38.31722],[127.43687,38.32418],[127.42454,38.33433],[127.4024,38.33882],[127.39823,38.33686],[127.38486,38.33992],[127.36883,38.33289],[127.35379,38.32948],[127.34808,38.32898],[127.33832,38.33203],[127.32744,38.32679],[127.32314,38.3211],[127.31787,38.31852],[127.30551,38.3169],[127.30261,38.31408],[127.28684,38.32635],[127.2789,38.32538],[127.26239,38.32783],[127.25189,38.33001],[127.24544,38.33367],[127.2189,38.32625],[127.21692,38.32201],[127.1537,38.30424],[127.13911,38.31538],[127.13213,38.31357],[127.12637,38.30158],[127.10928,38.29204],[127.11399,38.26527],[127.10989,38.24461],[127.1127,38.23804],[127.12288,38.23251],[127.12627,38.23377],[127.13054,38.23256],[127.14697,38.23972],[127.14895,38.24268],[127.15836,38.2389],[127.16249,38.23222],[127.15959,38.22605],[127.16146,38.22304],[127.15944,38.21907],[127.16956,38.21385],[127.17219,38.21042],[127.17223,38.20596],[127.16605,38.19851],[127.17938,38.18465],[127.1904,38.18886],[127.18603,38.17295],[127.18999,38.16069],[127.20288,38.15341],[127.2082,38.14714],[127.21177,38.14688],[127.21342,38.14338],[127.22189,38.13763],[127.2237,38.14143],[127.22327,38.14686],[127.22591,38.14821],[127.23389,38.14733],[127.23962,38.15454],[127.25586,38.16396],[127.2585,38.16865],[127.26505,38.17352],[127.266,38.17586],[127.26442,38.17828],[127.26612,38.1805],[127.28312,38.18288],[127.28933,38.1769],[127.29618,38.1763],[127.29635,38.1736],[127.29119,38.17233],[127.28725,38.16871],[127.28752,38.16088],[127.28464,38.15775],[127.28718,38.15135],[127.27555,38.13679],[127.27739,38.13249],[127.27674,38.12545],[127.28195,38.12474],[127.2832,38.11648],[127.28559,38.11511],[127.28819,38.11671],[127.29234,38.11408],[127.29586,38.11632],[127.30274,38.11568],[127.30723,38.11936],[127.31129,38.11597],[127.31248,38.10736],[127.32119,38.09522],[127.32993,38.09431],[127.33739,38.08982],[127.33894,38.10136],[127.34601,38.10426],[127.36445,38.10704],[127.3709,38.11004],[127.37197,38.11366],[127.37809,38.11774],[127.38576,38.11426],[127.40301,38.11319],[127.406,38.10607],[127.41206,38.10272],[127.43057,38.11528]]]}},{"id":"feature_012","type":"Feature","properties":{"시도":"강원특별자치도","시군구":"춘천시"},"geometry":{"type":"Polygon","coordinates":[[[127.55986,37.72851],[127.56521,37.72864],[127.56721,37.73265],[127.57208,37.73317],[127.58915,37.72552],[127.59257,37.7223],[127.59554,37.71749],[127.59479,37.7036],[127.60557,37.70437],[127.60948,37.70098],[127.60737,37.67755],[127.613,37.67568],[127.62276,37.68103],[127.62469,37.69368],[127.63578,37.69863],[127.64042,37.69702],[127.64232,37.68044],[127.64738,37.67903],[127.65128,37.68417],[127.65054,37.69585],[127.65205,37.69814],[127.65917,37.69997],[127.67781,37.69503],[127.68264,37.69859],[127.68416,37.7068],[127.68021,37.70821],[127.67568,37.71557],[127.67689,37.71751],[127.68464,37.72005],[127.68855,37.71608],[127.69856,37.71673],[127.7075,37.72127],[127.71055,37.72707],[127.72089,37.73302],[127.72731,37.73228],[127.74339,37.74215],[127.74724,37.74148],[127.75361,37.73149],[127.75991,37.73623],[127.76426,37.73759],[127.77303,37.73659],[127.77652,37.74068],[127.78116,37.74182],[127.78634,37.74015],[127.78846,37.73632],[127.79964,37.73493],[127.80312,37.74376],[127.8161,37.74844],[127.83089,37.73982],[127.84591,37.75041],[127.83872,37.75553],[127.848,37.75812],[127.85455,37.7632],[127.85722,37.76794],[127.85168,37.77726],[127.84463,37.78235],[127.84317,37.78967],[127.83178,37.79285],[127.82487,37.79823],[127.82711,37.80908],[127.8253,37.81046],[127.82509,37.81535],[127.82769,37.81982],[127.82531,37.82356],[127.81665,37.82876],[127.81403,37.83311],[127.81527,37.84048],[127.82257,37.84577],[127.84846,37.83545],[127.86953,37.83649],[127.87157,37.83739],[127.87261,37.8446],[127.87798,37.84908],[127.8789,37.85242],[127.87651,37.85647],[127.88034,37.86019],[127.89115,37.86282],[127.90799,37.85536],[127.90705,37.85124],[127.90849,37.84841],[127.91796,37.84436],[127.91927,37.84012],[127.92227,37.8391],[127.92868,37.83089],[127.92953,37.82731],[127.9342,37.82783],[127.93739,37.83639],[127.94493,37.8385],[127.94627,37.84593],[127.94414,37.85022],[127.95069,37.86365],[127.96111,37.86573],[127.95556,37.87102],[127.97312,37.88262],[127.97318,37.88729],[127.97002,37.89316],[127.97072,37.89847],[127.98391,37.91392],[127.98321,37.92326],[127.99162,37.92962],[127.9939,37.93662],[127.99344,37.94267],[127.98738,37.95123],[127.98001,37.95358],[127.97723,37.95677],[127.98485,37.96665],[127.98217,37.97207],[127.98524,37.97578],[127.98189,37.98438],[127.98437,37.98689],[127.98316,37.99056],[127.99537,37.98937],[128.00347,37.99549],[128.0154,37.99682],[128.01886,38.00067],[128.01986,38.00722],[128.02474,38.00908],[128.02917,38.01458],[128.02393,38.01891],[128.01347,38.01906],[128.00789,38.01563],[127.99842,38.00257],[127.99445,38.00126],[127.98872,38.00495],[127.98394,38.0134],[127.98804,38.02382],[127.98579,38.02745],[127.96622,38.0325],[127.95471,38.03972],[127.95134,38.0386],[127.94702,38.03202],[127.94778,38.02233],[127.94621,38.01949],[127.93985,38.01472],[127.93629,38.01433],[127.93028,38.01844],[127.9065,38.02655],[127.90232,38.03819],[127.90468,38.049],[127.90361,38.0509],[127.89233,38.05085],[127.88024,38.04718],[127.85406,38.05188],[127.84916,38.03612],[127.85026,38.03235],[127.85499,38.02796],[127.85459,38.02439],[127.85799,38.01859],[127.84975,38.01673],[127.84685,38.01387],[127.84297,38.01476],[127.8373,38.01284],[127.82707,38.00071],[127.82035,38.00401],[127.81294,38.00358],[127.80863,38.00015],[127.80458,38.00105],[127.79363,37.99233],[127.78865,37.99465],[127.78792,38.00071],[127.77915,38.01387],[127.77505,38.01477],[127.77415,38.02118],[127.77025,38.02669],[127.76062,38.02972],[127.7577,38.03391],[127.75078,38.03482],[127.74698,38.03782],[127.73818,38.03862],[127.73375,38.0363],[127.72432,38.02489],[127.71395,38.02424],[127.70863,38.0335],[127.70459,38.03683],[127.70007,38.03816],[127.68724,38.0342],[127.67716,38.03625],[127.66971,38.0342],[127.65244,38.02432],[127.65026,38.03793],[127.65326,38.05091],[127.65039,38.05555],[127.6454,38.05669],[127.63647,38.0508],[127.62405,38.05146],[127.61469,38.06116],[127.6051,38.06065],[127.60752,38.07158],[127.59834,38.07749],[127.59808,38.08027],[127.5864,38.08039],[127.57471,38.0852],[127.57089,38.0848],[127.56598,38.08353],[127.56437,38.07232],[127.56577,38.06729],[127.57411,38.06423],[127.57712,38.0604],[127.57707,38.05372],[127.57431,38.05137],[127.57394,38.04747],[127.57862,38.03982],[127.56535,38.02974],[127.5635,38.02198],[127.54438,38.01955],[127.53974,38.00118],[127.5471,37.97976],[127.54433,37.96812],[127.56125,37.96278],[127.57322,37.96405],[127.58785,37.96126],[127.59412,37.95688],[127.6015,37.956],[127.60354,37.95292],[127.60267,37.94771],[127.60482,37.94416],[127.60904,37.94365],[127.61376,37.93939],[127.61658,37.9302],[127.61252,37.92516],[127.61207,37.92081],[127.61624,37.91498],[127.61772,37.90653],[127.6076,37.88986],[127.60881,37.88326],[127.60586,37.87669],[127.60219,37.87454],[127.58506,37.8759],[127.57641,37.87283],[127.56914,37.86632],[127.5659,37.85868],[127.56242,37.85548],[127.55232,37.85311],[127.54932,37.84685],[127.54121,37.84627],[127.53356,37.84262],[127.52867,37.83813],[127.52506,37.83054],[127.52489,37.82422],[127.53519,37.81783],[127.53716,37.81237],[127.52289,37.79578],[127.52167,37.79103],[127.54033,37.77108],[127.54448,37.75994],[127.53762,37.75133],[127.5099,37.73486],[127.50721,37.72888],[127.50731,37.71967],[127.51093,37.71769],[127.52538,37.7269],[127.5408,37.71909],[127.54819,37.72342],[127.55209,37.72826],[127.55986,37.72851]]]}},{"id":"feature_013","type":"Feature","properties":{"시도":"강원특별자치도","시군구":"태백시"},"geometry":{"type":"Polygon","coordinates":[[[128.90973,37.06687],[128.90995,37.07134],[128.91678,37.07872],[128.91652,37.08436],[128.92054,37.09066],[128.94163,37.09529],[128.94726,37.09263],[128.9536,37.08436],[128.95361,37.08099],[128.95978,37.0775],[128.96956,37.08213],[128.9931,37.08456],[128.99522,37.08122],[129.00926,37.07812],[129.01452,37.07909],[129.01968,37.07618],[129.03431,37.07576],[129.05029,37.06842],[129.05458,37.06959],[129.0577,37.06748],[129.05733,37.06476],[129.06009,37.06479],[129.06514,37.06906],[129.06776,37.07429],[129.06573,37.07851],[129.07094,37.08418],[129.07048,37.08846],[129.07718,37.09302],[129.0958,37.10046],[129.08768,37.11359],[129.09143,37.12011],[129.08916,37.12338],[129.09527,37.1387],[129.09393,37.14225],[129.08971,37.14392],[129.0885,37.15832],[129.07408,37.1617],[129.07435,37.16647],[129.07196,37.16989],[129.05104,37.17018],[129.04678,37.17396],[129.02727,37.17502],[129.01224,37.18532],[129.00857,37.19305],[129.00836,37.1985],[129.00252,37.20195],[128.99963,37.20147],[128.99584,37.20825],[128.99829,37.21741],[129.0108,37.22139],[129.00627,37.22581],[129.0077,37.23041],[128.99547,37.23313],[128.98943,37.24183],[128.99378,37.24507],[129.00019,37.2432],[129.00215,37.24496],[129.00141,37.25207],[129.00549,37.25146],[129.0074,37.25434],[129.0099,37.25368],[129.00451,37.26297],[129.00772,37.27041],[129.01392,37.27362],[129.01245,37.27946],[129.0066,37.28323],[129.00377,37.28838],[129.00544,37.29231],[129.01845,37.30329],[129.01799,37.30498],[129.00249,37.31783],[128.99778,37.31957],[128.99833,37.32577],[129.01453,37.33809],[129.01015,37.33997],[129.00863,37.34523],[129.00382,37.34496],[129.00018,37.34036],[128.99197,37.34317],[128.98684,37.34224],[128.97079,37.33098],[128.96354,37.32959],[128.95108,37.30867],[128.94367,37.30608],[128.94212,37.29723],[128.94601,37.29009],[128.94141,37.28869],[128.93883,37.28346],[128.94113,37.2812],[128.9407,37.27914],[128.93647,37.27415],[128.93019,37.27494],[128.92424,37.27291],[128.92901,37.26758],[128.93412,37.25595],[128.93495,37.2459],[128.92958,37.24083],[128.92362,37.24282],[128.9177,37.24003],[128.91636,37.22491],[128.90817,37.21637],[128.91586,37.21144],[128.916,37.20642],[128.9114,37.19709],[128.91543,37.18043],[128.91277,37.17681],[128.91304,37.17169],[128.91591,37.16863],[128.91766,37.16122],[128.91213,37.14941],[128.89917,37.14794],[128.89056,37.14402],[128.88807,37.14106],[128.88664,37.13653],[128.88881,37.1254],[128.886,37.12185],[128.87442,37.11422],[128.87006,37.1139],[128.86718,37.10868],[128.87456,37.10873],[128.87805,37.105],[128.88718,37.1019],[128.88634,37.09786],[128.88896,37.09237],[128.88568,37.0898],[128.88508,37.08479],[128.88135,37.08114],[128.87522,37.07922],[128.8763,37.07326],[128.88625,37.06659],[128.88866,37.06229],[128.8952,37.06418],[128.89946,37.06796],[128.90973,37.06687]]]}},{"id":"feature_014","type":"Feature","properties":{"시도":"강원특별자치도","시군구":"평창군"},"geometry":{"type":"Polygon","coordinates":[[[128.57487,37.26899],[128.57619,37.26686],[128.581,37.26744],[128.58454,37.27429],[128.59607,37.28037],[128.59578,37.2831],[128.57966,37.29866],[128.58459,37.30563],[128.58459,37.31051],[128.57836,37.31527],[128.57361,37.32429],[128.57014,37.32587],[128.5696,37.33603],[128.56634,37.33985],[128.56617,37.3452],[128.55667,37.35271],[128.54729,37.3547],[128.55266,37.36079],[128.55336,37.36946],[128.5499,37.37607],[128.54563,37.37944],[128.53895,37.3996],[128.51625,37.40371],[128.50844,37.41046],[128.50624,37.41832],[128.51349,37.42309],[128.5133,37.42626],[128.51903,37.43407],[128.51809,37.44005],[128.51337,37.44794],[128.51332,37.45501],[128.52239,37.46052],[128.5243,37.46355],[128.54671,37.45967],[128.55287,37.4568],[128.56325,37.4613],[128.56033,37.47719],[128.5563,37.4873],[128.56389,37.49986],[128.56969,37.49742],[128.5721,37.49007],[128.58061,37.49045],[128.58462,37.48733],[128.58418,37.48968],[128.57682,37.49595],[128.57748,37.51168],[128.58349,37.53588],[128.58973,37.54075],[128.58749,37.54806],[128.58912,37.55907],[128.59993,37.56901],[128.61514,37.57528],[128.62537,37.5734],[128.62458,37.56673],[128.62701,37.55552],[128.63185,37.55038],[128.63249,37.54329],[128.63518,37.53945],[128.64175,37.54153],[128.64451,37.55264],[128.64774,37.55453],[128.66911,37.55709],[128.674,37.55593],[128.67312,37.55982],[128.66865,37.56081],[128.6684,37.56672],[128.67888,37.56699],[128.68375,37.59307],[128.69905,37.5936],[128.7049,37.58976],[128.71196,37.58864],[128.7122,37.59123],[128.71616,37.59367],[128.71942,37.60605],[128.7248,37.60979],[128.73654,37.60999],[128.73587,37.6286],[128.72853,37.63616],[128.73344,37.6467],[128.7321,37.64944],[128.73338,37.65397],[128.74261,37.65817],[128.74712,37.66612],[128.7646,37.67181],[128.76391,37.6801],[128.76116,37.68332],[128.75876,37.6939],[128.75509,37.69804],[128.7538,37.70774],[128.74615,37.71567],[128.74234,37.74134],[128.72454,37.74908],[128.72218,37.75438],[128.70983,37.76355],[128.71144,37.76508],[128.70854,37.76828],[128.70055,37.77098],[128.69188,37.76994],[128.68712,37.7728],[128.67707,37.77328],[128.67072,37.76705],[128.66612,37.77037],[128.65547,37.77138],[128.6433,37.77716],[128.63893,37.78248],[128.63677,37.78249],[128.63339,37.78022],[128.62978,37.77275],[128.62714,37.77306],[128.62337,37.76966],[128.6139,37.77045],[128.60877,37.76618],[128.60188,37.76969],[128.59891,37.77411],[128.60187,37.7822],[128.60104,37.80079],[128.59896,37.80623],[128.59549,37.80993],[128.58492,37.81501],[128.58257,37.82098],[128.57709,37.81714],[128.56928,37.80673],[128.56511,37.80606],[128.55555,37.80856],[128.54258,37.79848],[128.54248,37.78861],[128.53891,37.78308],[128.53304,37.77965],[128.53304,37.77109],[128.52254,37.76274],[128.52107,37.75889],[128.52706,37.7522],[128.52431,37.74289],[128.52814,37.73567],[128.52665,37.73129],[128.52243,37.72984],[128.516,37.73244],[128.5095,37.7305],[128.4783,37.73452],[128.47149,37.7334],[128.46568,37.72822],[128.45753,37.73057],[128.45333,37.72839],[128.44511,37.71751],[128.44626,37.71258],[128.44389,37.70058],[128.4362,37.69545],[128.43533,37.69229],[128.4159,37.68803],[128.40985,37.69109],[128.40561,37.68851],[128.39589,37.69199],[128.37675,37.69146],[128.3597,37.69911],[128.34747,37.69579],[128.33852,37.69562],[128.32281,37.68809],[128.31251,37.70371],[128.30513,37.6909],[128.29172,37.68197],[128.27782,37.66923],[128.27639,37.65905],[128.27204,37.65577],[128.27243,37.64202],[128.26747,37.63455],[128.25477,37.62946],[128.25678,37.6278],[128.2566,37.62512],[128.26532,37.62488],[128.27618,37.61971],[128.28334,37.61919],[128.27891,37.61135],[128.28066,37.60509],[128.28585,37.6016],[128.28035,37.5979],[128.27941,37.59385],[128.28537,37.58492],[128.28459,37.57837],[128.29023,37.57483],[128.29473,37.56901],[128.2962,37.55813],[128.29829,37.55498],[128.29481,37.54475],[128.30216,37.53818],[128.29991,37.53484],[128.3024,37.53102],[128.30151,37.52503],[128.29748,37.51828],[128.29921,37.51158],[128.29272,37.5113],[128.29102,37.50787],[128.28608,37.50732],[128.28328,37.50405],[128.2778,37.502],[128.26847,37.49225],[128.26426,37.48493],[128.25351,37.48087],[128.24351,37.47982],[128.24567,37.47685],[128.2446,37.46628],[128.24718,37.46025],[128.24548,37.45523],[128.24761,37.44579],[128.24969,37.44149],[128.25374,37.4412],[128.25766,37.43815],[128.25439,37.4285],[128.25819,37.4228],[128.25912,37.41667],[128.26564,37.40799],[128.28265,37.40652],[128.29118,37.40237],[128.29422,37.40063],[128.29357,37.39679],[128.29765,37.38915],[128.30314,37.38921],[128.31293,37.38297],[128.31695,37.37821],[128.32455,37.3786],[128.32719,37.37567],[128.31853,37.36475],[128.31954,37.36245],[128.31686,37.35373],[128.32232,37.34635],[128.32115,37.3391],[128.32405,37.32747],[128.32274,37.3198],[128.32971,37.31173],[128.33144,37.30388],[128.33857,37.30483],[128.34171,37.30778],[128.3559,37.30947],[128.36378,37.29974],[128.36855,37.2991],[128.37177,37.29157],[128.3797,37.28892],[128.38848,37.29109],[128.39696,37.29727],[128.40857,37.29427],[128.40963,37.29704],[128.40642,37.30411],[128.41113,37.30886],[128.40633,37.31125],[128.4043,37.31862],[128.40513,37.32336],[128.4122,37.33028],[128.40947,37.33676],[128.42205,37.34385],[128.42952,37.33987],[128.44915,37.33706],[128.45287,37.33466],[128.46407,37.32189],[128.46497,37.31894],[128.4615,37.31113],[128.46468,37.30658],[128.47155,37.30689],[128.48186,37.30261],[128.49682,37.30324],[128.50084,37.29032],[128.50407,37.28893],[128.51003,37.28932],[128.51766,37.2867],[128.52912,37.29219],[128.53404,37.2862],[128.53801,37.28469],[128.54466,37.28955],[128.55651,37.28859],[128.56518,37.2786],[128.57191,37.28043],[128.57462,37.27931],[128.57898,37.27167],[128.57744,37.2691],[128.57487,37.26899]]]}},{"id":"feature_015","type":"Feature","properties":{"시도":"강원특별자치도","시군구":"홍천군"},"geometry":{"type":"Polygon","coordinates":[[[127.84944,37.55318],[127.85537,37.5543],[127.86008,37.55763],[127.87199,37.55676],[127.87162,37.56212],[127.88361,37.57066],[127.88413,37.57509],[127.88861,37.57661],[127.88889,37.58019],[127.89339,37.58502],[127.89359,37.59838],[127.90529,37.5979],[127.90987,37.60054],[127.91465,37.59985],[127.92172,37.60543],[127.92679,37.60446],[127.93308,37.60994],[127.9454,37.60899],[127.94966,37.61032],[127.95994,37.62591],[127.96757,37.62713],[127.97142,37.63811],[127.98143,37.6331],[127.98214,37.63087],[127.99872,37.62625],[128.01241,37.62646],[128.0127,37.61651],[128.01541,37.61376],[128.01921,37.6133],[128.03537,37.6244],[128.04569,37.62677],[128.0503,37.6308],[128.06741,37.63614],[128.06701,37.64108],[128.07538,37.64454],[128.07936,37.65221],[128.09353,37.65319],[128.10305,37.65035],[128.10958,37.65119],[128.11171,37.65477],[128.10731,37.65702],[128.10604,37.66248],[128.11164,37.66577],[128.11219,37.67189],[128.12019,37.67853],[128.12868,37.6782],[128.13663,37.68111],[128.13923,37.67503],[128.14585,37.67307],[128.1529,37.65901],[128.15529,37.66182],[128.1639,37.66462],[128.16719,37.65853],[128.18087,37.65352],[128.18828,37.64626],[128.19895,37.6511],[128.20652,37.64974],[128.22068,37.64021],[128.22699,37.62662],[128.24751,37.6251],[128.25477,37.62946],[128.26747,37.63455],[128.27243,37.64202],[128.27204,37.65577],[128.27639,37.65905],[128.27782,37.66923],[128.29172,37.68197],[128.30513,37.6909],[128.31251,37.70371],[128.32281,37.68809],[128.33852,37.69562],[128.34747,37.69579],[128.3597,37.69911],[128.37675,37.69146],[128.39589,37.69199],[128.40561,37.68851],[128.40985,37.69109],[128.4159,37.68803],[128.43533,37.69229],[128.4362,37.69545],[128.44389,37.70058],[128.44626,37.71258],[128.44511,37.71751],[128.45333,37.72839],[128.45753,37.73057],[128.46568,37.72822],[128.47149,37.7334],[128.4783,37.73452],[128.5095,37.7305],[128.516,37.73244],[128.52243,37.72984],[128.52665,37.73129],[128.52814,37.73567],[128.52431,37.74289],[128.52706,37.7522],[128.52107,37.75889],[128.52254,37.76274],[128.53304,37.77109],[128.53304,37.77965],[128.53891,37.78308],[128.54248,37.78861],[128.54258,37.79848],[128.55555,37.80856],[128.56511,37.80606],[128.56928,37.80673],[128.57709,37.81714],[128.58257,37.82098],[128.58039,37.82673],[128.58131,37.83949],[128.58547,37.84706],[128.58453,37.85107],[128.58785,37.86188],[128.57376,37.86457],[128.57189,37.87042],[128.5669,37.87567],[128.55999,37.87548],[128.55549,37.88144],[128.54384,37.88698],[128.54072,37.89082],[128.53089,37.88894],[128.52732,37.88644],[128.52597,37.88276],[128.51241,37.88004],[128.50678,37.88674],[128.49748,37.88522],[128.48172,37.89311],[128.4755,37.8855],[128.47063,37.88644],[128.4659,37.88144],[128.45844,37.87951],[128.44903,37.87332],[128.44425,37.8646],[128.4405,37.86353],[128.43224,37.86616],[128.42889,37.87336],[128.42425,37.87463],[128.41255,37.88487],[128.41296,37.88011],[128.41018,37.8726],[128.40532,37.8702],[128.40097,37.86188],[128.39728,37.86277],[128.39042,37.85874],[128.38213,37.85865],[128.37839,37.85264],[128.36504,37.84591],[128.3639,37.84022],[128.3674,37.83793],[128.36474,37.83343],[128.35356,37.83069],[128.34571,37.82533],[128.33328,37.82952],[128.32892,37.83398],[128.31962,37.83095],[128.31327,37.83974],[128.30748,37.8433],[128.30525,37.85775],[128.29554,37.86901],[128.29009,37.86884],[128.28873,37.86793],[128.29095,37.86738],[128.28753,37.86508],[128.28489,37.86643],[128.27625,37.86495],[128.27283,37.86088],[128.26772,37.86102],[128.26135,37.8563],[128.26094,37.8505],[128.25437,37.83651],[128.24228,37.83133],[128.23768,37.82402],[128.22392,37.8199],[128.2125,37.8117],[128.2042,37.81452],[128.1958,37.82205],[128.1921,37.82265],[128.1877,37.82946],[128.18111,37.83463],[128.182,37.84354],[128.16912,37.85222],[128.17229,37.85895],[128.16806,37.86589],[128.16883,37.87188],[128.17402,37.87681],[128.17442,37.88293],[128.17339,37.88495],[128.16381,37.88771],[128.1608,37.8954],[128.14942,37.8949],[128.1448,37.89292],[128.13333,37.89382],[128.13064,37.89596],[128.12436,37.89548],[128.10743,37.89992],[128.09938,37.8968],[128.09277,37.89778],[128.08,37.90317],[128.07572,37.90769],[128.05305,37.91756],[128.05077,37.92159],[128.04575,37.92284],[128.03971,37.92734],[128.03631,37.93542],[128.0298,37.94331],[128.02504,37.94532],[128.02013,37.94427],[128.01553,37.94306],[128.01251,37.93915],[128.0085,37.9385],[128.00044,37.93882],[127.99344,37.94267],[127.9939,37.93662],[127.99162,37.92962],[127.98321,37.92326],[127.98391,37.91392],[127.97072,37.89847],[127.97002,37.89316],[127.97318,37.88729],[127.97312,37.88262],[127.95556,37.87102],[127.96111,37.86573],[127.95069,37.86365],[127.94414,37.85022],[127.94627,37.84593],[127.94493,37.8385],[127.93739,37.83639],[127.9342,37.82783],[127.92953,37.82731],[127.92868,37.83089],[127.92227,37.8391],[127.91927,37.84012],[127.91796,37.84436],[127.90849,37.84841],[127.90705,37.85124],[127.90799,37.85536],[127.89115,37.86282],[127.88034,37.86019],[127.87651,37.85647],[127.8789,37.85242],[127.87798,37.84908],[127.87261,37.8446],[127.87157,37.83739],[127.86953,37.83649],[127.84846,37.83545],[127.82257,37.84577],[127.81527,37.84048],[127.81403,37.83311],[127.81665,37.82876],[127.82531,37.82356],[127.82769,37.81982],[127.82509,37.81535],[127.8253,37.81046],[127.82711,37.80908],[127.82487,37.79823],[127.83178,37.79285],[127.84317,37.78967],[127.84463,37.78235],[127.85168,37.77726],[127.85722,37.76794],[127.85455,37.7632],[127.848,37.75812],[127.83872,37.75553],[127.84591,37.75041],[127.83089,37.73982],[127.8161,37.74844],[127.80312,37.74376],[127.79964,37.73493],[127.78846,37.73632],[127.78634,37.74015],[127.78116,37.74182],[127.77652,37.74068],[127.77303,37.73659],[127.76426,37.73759],[127.75991,37.73623],[127.75361,37.73149],[127.74724,37.74148],[127.74339,37.74215],[127.72731,37.73228],[127.72089,37.73302],[127.71055,37.72707],[127.7075,37.72127],[127.69856,37.71673],[127.68855,37.71608],[127.68464,37.72005],[127.67689,37.71751],[127.67568,37.71557],[127.68021,37.70821],[127.68416,37.7068],[127.68264,37.69859],[127.67781,37.69503],[127.65917,37.69997],[127.65205,37.69814],[127.65054,37.69585],[127.65128,37.68417],[127.64738,37.67903],[127.64232,37.68044],[127.64042,37.69702],[127.63578,37.69863],[127.62469,37.69368],[127.62276,37.68103],[127.613,37.67568],[127.60737,37.67755],[127.60948,37.70098],[127.60557,37.70437],[127.59479,37.7036],[127.59554,37.71749],[127.59257,37.7223],[127.58915,37.72552],[127.57208,37.73317],[127.56721,37.73265],[127.56521,37.72864],[127.55986,37.72851],[127.55968,37.72314],[127.5624,37.72104],[127.55806,37.7143],[127.55842,37.70602],[127.55015,37.68546],[127.54921,37.66757],[127.55281,37.66155],[127.54649,37.65743],[127.54391,37.65159],[127.53568,37.65035],[127.53523,37.64637],[127.54003,37.64069],[127.54682,37.63756],[127.54826,37.6332],[127.55898,37.62845],[127.56457,37.63307],[127.57192,37.6322],[127.58202,37.63413],[127.58568,37.64211],[127.5986,37.64674],[127.60235,37.65134],[127.60722,37.65103],[127.61085,37.64694],[127.61613,37.64717],[127.6234,37.64138],[127.62756,37.64262],[127.63937,37.63288],[127.64688,37.63292],[127.64944,37.62473],[127.65241,37.62267],[127.66368,37.62402],[127.66756,37.61733],[127.68594,37.60673],[127.6872,37.60433],[127.69653,37.60037],[127.70025,37.59667],[127.69794,37.59158],[127.70812,37.5864],[127.72104,37.59068],[127.73947,37.58716],[127.75349,37.59188],[127.76458,37.58581],[127.76703,37.5826],[127.78596,37.57855],[127.79335,37.58541],[127.80037,37.58213],[127.80426,37.57886],[127.80487,37.5752],[127.81033,37.57285],[127.8129,37.56464],[127.82686,37.56075],[127.83711,37.56046],[127.84944,37.55318]]]}},{"id":"feature_016","type":"Feature","properties":{"시도":"강원특별자치도","시군구":"화천군"},"geometry":{"type":"Polygon","coordinates":[[[127.90361,38.0509],[127.90438,38.05314],[127.91453,38.05841],[127.9045,38.07271],[127.90739,38.08047],[127.90353,38.08464],[127.90031,38.09303],[127.89198,38.0964],[127.88548,38.1018],[127.88446,38.10966],[127.88739,38.11594],[127.87517,38.12565],[127.87405,38.14137],[127.87778,38.1496],[127.87474,38.15879],[127.88188,38.16877],[127.87924,38.17138],[127.87576,38.18936],[127.87822,38.19714],[127.86754,38.20539],[127.85853,38.20337],[127.85241,38.20911],[127.85186,38.21123],[127.85447,38.21401],[127.85205,38.21815],[127.85264,38.2293],[127.85793,38.23373],[127.85836,38.23788],[127.85675,38.24376],[127.85408,38.24576],[127.85489,38.25238],[127.83978,38.28909],[127.8128,38.32529],[127.79779,38.32669],[127.78568,38.34558],[127.77754,38.35376],[127.77249,38.35276],[127.76145,38.34583],[127.74673,38.34817],[127.73815,38.34434],[127.73008,38.33773],[127.72108,38.33701],[127.71467,38.34344],[127.69994,38.34338],[127.6902,38.33315],[127.67515,38.33004],[127.63836,38.32912],[127.62466,38.33076],[127.61745,38.33278],[127.61015,38.34047],[127.58341,38.29269],[127.58339,38.28993],[127.58655,38.28715],[127.59642,38.28358],[127.59912,38.27839],[127.59709,38.26995],[127.59315,38.2668],[127.59206,38.26108],[127.5789,38.25779],[127.57678,38.25247],[127.57041,38.24818],[127.56581,38.23748],[127.55793,38.23246],[127.54171,38.2292],[127.53741,38.21955],[127.54009,38.21486],[127.53642,38.2109],[127.53072,38.21056],[127.52437,38.20009],[127.50765,38.1984],[127.50326,38.18419],[127.50423,38.17434],[127.49064,38.15982],[127.49491,38.15314],[127.50269,38.14859],[127.4959,38.14051],[127.49529,38.13275],[127.48455,38.12565],[127.46771,38.12553],[127.45756,38.12338],[127.45147,38.11814],[127.44031,38.12437],[127.43057,38.11528],[127.44087,38.10838],[127.4444,38.09752],[127.44694,38.07944],[127.44632,38.06439],[127.4437,38.05913],[127.44668,38.05433],[127.44566,38.05098],[127.45245,38.0468],[127.45067,38.03898],[127.45627,38.02726],[127.45799,38.01623],[127.47216,38.00606],[127.49727,38.00361],[127.50141,37.99956],[127.52351,38.00187],[127.53974,38.00118],[127.54438,38.01955],[127.5635,38.02198],[127.56535,38.02974],[127.57862,38.03982],[127.57394,38.04747],[127.57431,38.05137],[127.57707,38.05372],[127.57712,38.0604],[127.57411,38.06423],[127.56577,38.06729],[127.56437,38.07232],[127.56598,38.08353],[127.57089,38.0848],[127.57471,38.0852],[127.5864,38.08039],[127.59808,38.08027],[127.59834,38.07749],[127.60752,38.07158],[127.6051,38.06065],[127.61469,38.06116],[127.62405,38.05146],[127.63647,38.0508],[127.6454,38.05669],[127.65039,38.05555],[127.65326,38.05091],[127.65026,38.03793],[127.65244,38.02432],[127.66971,38.0342],[127.67716,38.03625],[127.68724,38.0342],[127.70007,38.03816],[127.70459,38.03683],[127.70863,38.0335],[127.71395,38.02424],[127.72432,38.02489],[127.73375,38.0363],[127.73818,38.03862],[127.74698,38.03782],[127.75078,38.03482],[127.7577,38.03391],[127.76062,38.02972],[127.77025,38.02669],[127.77415,38.02118],[127.77505,38.01477],[127.77915,38.01387],[127.78792,38.00071],[127.78865,37.99465],[127.79363,37.99233],[127.80458,38.00105],[127.80863,38.00015],[127.81294,38.00358],[127.82035,38.00401],[127.82707,38.00071],[127.8373,38.01284],[127.84297,38.01476],[127.84685,38.01387],[127.84975,38.01673],[127.85799,38.01859],[127.85459,38.02439],[127.85499,38.02796],[127.85026,38.03235],[127.84916,38.03612],[127.85406,38.05188],[127.88024,38.04718],[127.89233,38.05085],[127.90361,38.0509]]]}},{"id":"feature_017","type":"Feature","properties":{"시도":"강원특별자치도","시군구":"횡성군"},"geometry":{"type":"Polygon","coordinates":[[[128.11414,37.30203],[128.11781,37.30404],[128.11438,37.30994],[128.11437,37.31632],[128.119,37.32069],[128.11963,37.32376],[128.13018,37.32901],[128.14592,37.3224],[128.14954,37.32663],[128.15371,37.32746],[128.15985,37.32334],[128.16778,37.32158],[128.17211,37.32258],[128.17279,37.32832],[128.16779,37.33675],[128.16968,37.3389],[128.17502,37.33752],[128.18632,37.34133],[128.18393,37.35846],[128.17791,37.37488],[128.1806,37.3819],[128.17877,37.38581],[128.17983,37.38794],[128.18787,37.3924],[128.19385,37.39024],[128.20079,37.39079],[128.20928,37.39497],[128.21519,37.3926],[128.22122,37.39409],[128.23658,37.38816],[128.24576,37.39375],[128.25484,37.39347],[128.26059,37.40499],[128.26564,37.40799],[128.25912,37.41667],[128.25819,37.4228],[128.25439,37.4285],[128.25766,37.43815],[128.25374,37.4412],[128.24969,37.44149],[128.24761,37.44579],[128.24548,37.45523],[128.24718,37.46025],[128.2446,37.46628],[128.24567,37.47685],[128.24351,37.47982],[128.25351,37.48087],[128.26426,37.48493],[128.26847,37.49225],[128.2778,37.502],[128.28328,37.50405],[128.28608,37.50732],[128.29102,37.50787],[128.29272,37.5113],[128.29921,37.51158],[128.29748,37.51828],[128.30151,37.52503],[128.3024,37.53102],[128.29991,37.53484],[128.30216,37.53818],[128.29481,37.54475],[128.29829,37.55498],[128.2962,37.55813],[128.29473,37.56901],[128.29023,37.57483],[128.28459,37.57837],[128.28537,37.58492],[128.27941,37.59385],[128.28035,37.5979],[128.28585,37.6016],[128.28066,37.60509],[128.27891,37.61135],[128.28334,37.61919],[128.27618,37.61971],[128.26532,37.62488],[128.2566,37.62512],[128.25678,37.6278],[128.25477,37.62946],[128.24751,37.6251],[128.22699,37.62662],[128.22068,37.64021],[128.20652,37.64974],[128.19895,37.6511],[128.18828,37.64626],[128.18087,37.65352],[128.16719,37.65853],[128.1639,37.66462],[128.15529,37.66182],[128.1529,37.65901],[128.14585,37.67307],[128.13923,37.67503],[128.13663,37.68111],[128.12868,37.6782],[128.12019,37.67853],[128.11219,37.67189],[128.11164,37.66577],[128.10604,37.66248],[128.10731,37.65702],[128.11171,37.65477],[128.10958,37.65119],[128.10305,37.65035],[128.09353,37.65319],[128.07936,37.65221],[128.07538,37.64454],[128.06701,37.64108],[128.06741,37.63614],[128.0503,37.6308],[128.04569,37.62677],[128.03537,37.6244],[128.01921,37.6133],[128.01541,37.61376],[128.0127,37.61651],[128.01241,37.62646],[127.99872,37.62625],[127.98214,37.63087],[127.98143,37.6331],[127.97142,37.63811],[127.96757,37.62713],[127.95994,37.62591],[127.94966,37.61032],[127.9454,37.60899],[127.93308,37.60994],[127.92679,37.60446],[127.92172,37.60543],[127.91465,37.59985],[127.90987,37.60054],[127.90529,37.5979],[127.89359,37.59838],[127.89339,37.58502],[127.88889,37.58019],[127.88861,37.57661],[127.88413,37.57509],[127.88361,37.57066],[127.87162,37.56212],[127.87199,37.55676],[127.86008,37.55763],[127.85537,37.5543],[127.84944,37.55318],[127.8491,37.54959],[127.84635,37.54779],[127.84668,37.54402],[127.8424,37.53902],[127.82862,37.53639],[127.82193,37.53802],[127.8095,37.53674],[127.80638,37.53501],[127.80507,37.53024],[127.79653,37.52851],[127.79675,37.52357],[127.78399,37.51219],[127.78114,37.513],[127.77394,37.50609],[127.76486,37.50272],[127.75936,37.50366],[127.76033,37.49234],[127.77448,37.49165],[127.77627,37.48843],[127.7806,37.48818],[127.78205,37.48165],[127.78793,37.47598],[127.79968,37.47219],[127.80055,37.46811],[127.7963,37.46282],[127.79955,37.45168],[127.79862,37.44238],[127.8018,37.43533],[127.81104,37.43912],[127.81447,37.44263],[127.82248,37.44389],[127.83666,37.43239],[127.84158,37.43081],[127.85118,37.40847],[127.84846,37.40012],[127.85134,37.3946],[127.85663,37.39938],[127.86652,37.39945],[127.87095,37.41628],[127.86413,37.4244],[127.86518,37.43093],[127.86336,37.43581],[127.86848,37.45081],[127.87368,37.45501],[127.87516,37.46569],[127.88376,37.46775],[127.88847,37.4667],[127.90408,37.47321],[127.90825,37.4787],[127.91016,37.48711],[127.91913,37.49292],[127.91811,37.4972],[127.92096,37.49782],[127.9285,37.50682],[127.93914,37.50026],[127.93836,37.49624],[127.9327,37.48825],[127.93828,37.4826],[127.93806,37.47608],[127.94036,37.47518],[127.94483,37.46322],[127.95119,37.45478],[127.95608,37.45566],[127.96431,37.45034],[127.97671,37.45865],[127.98352,37.45712],[127.98791,37.45894],[127.99258,37.45632],[128.0038,37.4568],[128.0065,37.44917],[128.01503,37.44667],[128.02879,37.4505],[128.04185,37.44553],[128.05176,37.44497],[128.06047,37.44722],[128.064,37.44296],[128.0645,37.43684],[128.06968,37.43626],[128.08123,37.42762],[128.08686,37.41713],[128.09041,37.41326],[128.09438,37.41212],[128.09783,37.40688],[128.08449,37.40336],[128.07207,37.39352],[128.0766,37.37612],[128.07322,37.36848],[128.06951,37.36672],[128.05102,37.36635],[128.04714,37.36342],[128.0414,37.35572],[128.04077,37.34944],[128.04316,37.34596],[128.03736,37.33472],[128.04479,37.32117],[128.0571,37.3109],[128.07197,37.31103],[128.07922,37.30686],[128.0933,37.30357],[128.11,37.30375],[128.11414,37.30203]]]}},{"id":"feature_018","type":"Feature","properties":{"시도":"경기도","시군구":"가평군"},"geometry":{"type":"Polygon","coordinates":[[[127.55898,37.62845],[127.54826,37.6332],[127.54682,37.63756],[127.54003,37.64069],[127.53523,37.64637],[127.53568,37.65035],[127.54391,37.65159],[127.54649,37.65743],[127.55281,37.66155],[127.54921,37.66757],[127.55015,37.68546],[127.55842,37.70602],[127.55806,37.7143],[127.5624,37.72104],[127.55968,37.72314],[127.55986,37.72851],[127.55209,37.72826],[127.54819,37.72342],[127.5408,37.71909],[127.52538,37.7269],[127.51093,37.71769],[127.50731,37.71967],[127.50721,37.72888],[127.5099,37.73486],[127.53762,37.75133],[127.54448,37.75994],[127.54033,37.77108],[127.52167,37.79103],[127.52289,37.79578],[127.53716,37.81237],[127.53519,37.81783],[127.52489,37.82422],[127.52506,37.83054],[127.52867,37.83813],[127.53356,37.84262],[127.54121,37.84627],[127.54932,37.84685],[127.55232,37.85311],[127.56242,37.85548],[127.5659,37.85868],[127.56914,37.86632],[127.57641,37.87283],[127.58506,37.8759],[127.60219,37.87454],[127.60586,37.87669],[127.60881,37.88326],[127.6076,37.88986],[127.61772,37.90653],[127.61624,37.91498],[127.61207,37.92081],[127.61252,37.92516],[127.61658,37.9302],[127.61376,37.93939],[127.60904,37.94365],[127.60482,37.94416],[127.60267,37.94771],[127.60354,37.95292],[127.6015,37.956],[127.59412,37.95688],[127.58785,37.96126],[127.57322,37.96405],[127.56125,37.96278],[127.54433,37.96812],[127.5471,37.97976],[127.53974,38.00118],[127.52351,38.00187],[127.50141,37.99956],[127.49727,38.00361],[127.47216,38.00606],[127.45799,38.01623],[127.45627,38.02726],[127.45067,38.03898],[127.45245,38.0468],[127.44566,38.05098],[127.43504,38.03799],[127.42491,38.0334],[127.42429,38.03094],[127.42719,38.02749],[127.41828,38.01475],[127.41302,37.9978],[127.40907,37.9963],[127.40529,37.99054],[127.39942,37.9894],[127.3898,37.98268],[127.38666,37.98323],[127.38395,37.98111],[127.38539,37.97615],[127.38245,37.97422],[127.38264,37.9697],[127.37614,37.96153],[127.37973,37.95778],[127.37683,37.95293],[127.38313,37.94958],[127.38491,37.94709],[127.38428,37.94354],[127.3643,37.92595],[127.35583,37.92165],[127.35031,37.92233],[127.34518,37.92721],[127.3384,37.92384],[127.33098,37.92591],[127.32899,37.92203],[127.33089,37.91718],[127.32786,37.91241],[127.33056,37.90905],[127.32739,37.90284],[127.32913,37.89431],[127.3237,37.88785],[127.32236,37.87148],[127.3117,37.86614],[127.30547,37.86884],[127.29617,37.86887],[127.29154,37.87414],[127.28728,37.86833],[127.28491,37.86031],[127.28028,37.85464],[127.28632,37.84828],[127.27903,37.84234],[127.27413,37.83052],[127.27413,37.82647],[127.27923,37.81661],[127.2774,37.80882],[127.27875,37.80546],[127.27083,37.79459],[127.2719,37.78865],[127.26652,37.78045],[127.27402,37.77406],[127.29313,37.77624],[127.3021,37.77338],[127.30989,37.7683],[127.31565,37.76897],[127.33396,37.75284],[127.33107,37.74954],[127.34241,37.7378],[127.3429,37.72942],[127.35545,37.72369],[127.35339,37.71094],[127.35512,37.70718],[127.35344,37.70382],[127.36135,37.69381],[127.37212,37.69203],[127.36714,37.69011],[127.36693,37.68822],[127.37417,37.68219],[127.37506,37.67733],[127.3792,37.67459],[127.37637,37.66011],[127.37113,37.64819],[127.37328,37.64767],[127.38005,37.65142],[127.39943,37.65086],[127.40124,37.65449],[127.40813,37.65988],[127.42509,37.66563],[127.42815,37.67154],[127.44138,37.6598],[127.43477,37.65361],[127.43808,37.64789],[127.44485,37.64777],[127.45558,37.63691],[127.4626,37.62493],[127.46835,37.62467],[127.47118,37.62113],[127.47351,37.60792],[127.4726,37.59641],[127.46941,37.59106],[127.47159,37.57989],[127.47473,37.57725],[127.49012,37.57498],[127.49735,37.57184],[127.51296,37.57812],[127.52178,37.58641],[127.53788,37.58461],[127.55245,37.58608],[127.56025,37.58308],[127.56152,37.58706],[127.55908,37.59423],[127.56244,37.60001],[127.5623,37.60435],[127.56615,37.60796],[127.56956,37.60831],[127.57075,37.61367],[127.55981,37.62341],[127.55898,37.62845]]]}},{"id":"feature_019","type":"Feature","properties":{"시도":"경기도","시군구":"고양시"},"geometry":{"type":"Polygon","coordinates":[[[126.80494,37.60402],[126.82453,37.5894],[126.85356,37.57181],[126.85412,37.57386],[126.87708,37.5789],[126.87667,37.58412],[126.88224,37.59094],[126.88658,37.59384],[126.88544,37.59109],[126.88726,37.58859],[126.89984,37.58987],[126.89899,37.59266],[126.90149,37.59937],[126.90026,37.60315],[126.90208,37.60382],[126.90103,37.61246],[126.90794,37.62539],[126.90881,37.62905],[126.90653,37.63252],[126.90982,37.63511],[126.91247,37.64169],[126.91223,37.64438],[126.90527,37.64891],[126.91389,37.64471],[126.92127,37.64556],[126.92974,37.6504],[126.93473,37.65064],[126.94103,37.65706],[126.94731,37.65893],[126.95677,37.65265],[126.96882,37.63868],[126.97179,37.63229],[126.97507,37.63139],[126.98463,37.63656],[126.98637,37.64065],[126.98325,37.64365],[126.98464,37.64746],[126.97945,37.65583],[126.99416,37.66628],[126.99174,37.67947],[126.98086,37.68594],[126.97299,37.68668],[126.96577,37.69236],[126.95444,37.69265],[126.95101,37.68772],[126.94479,37.68513],[126.94308,37.67943],[126.94458,37.67645],[126.93982,37.67076],[126.93195,37.67236],[126.92803,37.6707],[126.92081,37.67186],[126.92036,37.66959],[126.91297,37.66873],[126.90805,37.67026],[126.9064,37.67486],[126.9103,37.6738],[126.9145,37.679],[126.91415,37.68791],[126.92174,37.69903],[126.92467,37.70787],[126.92454,37.71173],[126.92047,37.71368],[126.92504,37.71991],[126.92189,37.73018],[126.93102,37.73751],[126.93006,37.74284],[126.93299,37.74538],[126.92971,37.74853],[126.90879,37.74696],[126.9089,37.74485],[126.90358,37.7416],[126.90088,37.73713],[126.90216,37.72843],[126.89172,37.7253],[126.88614,37.71845],[126.8827,37.71931],[126.88099,37.72616],[126.87343,37.72614],[126.87149,37.7293],[126.86765,37.72959],[126.86495,37.73254],[126.85893,37.7334],[126.85656,37.73572],[126.8544,37.73366],[126.84125,37.7315],[126.83939,37.72863],[126.83413,37.7269],[126.83175,37.72881],[126.82608,37.727],[126.82303,37.72881],[126.81399,37.72348],[126.80134,37.7303],[126.80076,37.73528],[126.79817,37.73716],[126.79357,37.73497],[126.79558,37.73356],[126.79608,37.72961],[126.79365,37.72595],[126.78503,37.72089],[126.77328,37.70923],[126.77335,37.70425],[126.76608,37.70697],[126.76495,37.70405],[126.76008,37.70333],[126.75553,37.70489],[126.74802,37.70314],[126.72989,37.70494],[126.70458,37.69621],[126.69929,37.69703],[126.6914,37.68911],[126.67655,37.70008],[126.66633,37.68776],[126.67128,37.67649],[126.71826,37.64929],[126.78251,37.61659],[126.79795,37.61086],[126.80494,37.60402]],[[126.88636,37.64788],[126.88866,37.6487],[126.88542,37.64754],[126.88636,37.64788]]]}},{"id":"feature_020","type":"Feature","properties":{"시도":"경기도","시군구":"과천시"},"geometry":{"type":"Polygon","coordinates":[[[126.98257,37.40067],[126.98827,37.40794],[126.99977,37.40463],[127.00849,37.4122],[127.02834,37.4121],[127.04168,37.41563],[127.04183,37.42691],[127.04747,37.43087],[127.04106,37.43811],[127.0358,37.43927],[127.03836,37.44565],[127.03583,37.45755],[127.03343,37.46108],[127.03473,37.46385],[127.03272,37.46525],[127.02986,37.46545],[127.02469,37.45781],[127.01106,37.45539],[127.00342,37.46726],[126.99628,37.46672],[126.99683,37.46218],[126.98862,37.45814],[126.98236,37.45516],[126.97398,37.4476],[126.96456,37.44569],[126.9638,37.44077],[126.96548,37.44031],[126.96424,37.43139],[126.96091,37.42603],[126.96263,37.42106],[126.97376,37.41496],[126.97615,37.4061],[126.98257,37.40067]]]}},{"id":"feature_021","type":"Feature","properties":{"시도":"경기도","시군구":"광명시"},"geometry":{"type":"Polygon","coordinates":[[[126.877,37.40205],[126.87576,37.40658],[126.87061,37.40691],[126.87124,37.41255],[126.87994,37.41019],[126.88891,37.41256],[126.88895,37.41887],[126.89396,37.42168],[126.89648,37.42562],[126.89657,37.42776],[126.89407,37.42903],[126.89781,37.43102],[126.90049,37.43736],[126.89407,37.45264],[126.88962,37.45235],[126.88638,37.4562],[126.88527,37.46006],[126.88908,37.46153],[126.87666,37.47756],[126.87391,37.48333],[126.87474,37.48538],[126.87529,37.48853],[126.87278,37.4888],[126.86831,37.4951],[126.85256,37.48194],[126.84648,37.4817],[126.84533,37.4738],[126.83301,37.47725],[126.83317,37.46589],[126.82768,37.46322],[126.82597,37.4594],[126.82854,37.45956],[126.82928,37.45778],[126.83314,37.46035],[126.83835,37.45733],[126.83701,37.45601],[126.83883,37.4557],[126.83781,37.43693],[126.84174,37.43443],[126.84004,37.43171],[126.84193,37.42638],[126.84551,37.42291],[126.84683,37.41167],[126.85284,37.40829],[126.85769,37.40224],[126.877,37.40205]]]}},{"id":"feature_022","type":"Feature","properties":{"시도":"경기도","시군구":"광주시"},"geometry":{"type":"Polygon","coordinates":[[[127.23851,37.36004],[127.23896,37.35942],[127.23982,37.35416],[127.24187,37.35331],[127.24691,37.35565],[127.26138,37.3484],[127.26503,37.34268],[127.27442,37.34293],[127.2808,37.34616],[127.28334,37.34531],[127.28324,37.33659],[127.27979,37.33013],[127.28232,37.32741],[127.28311,37.31907],[127.27726,37.30921],[127.28169,37.29795],[127.2778,37.2904],[127.28176,37.27804],[127.27573,37.27475],[127.28006,37.26963],[127.28457,37.26898],[127.29193,37.27165],[127.29831,37.26977],[127.30125,37.26569],[127.30414,37.27093],[127.31929,37.27499],[127.33089,37.27024],[127.3388,37.27054],[127.34908,37.27681],[127.34319,37.28236],[127.34018,37.28816],[127.34317,37.29106],[127.34801,37.29001],[127.35714,37.2946],[127.35711,37.29881],[127.3545,37.30148],[127.36494,37.30849],[127.36336,37.31577],[127.3696,37.31523],[127.37591,37.32073],[127.38148,37.31901],[127.39031,37.31969],[127.39786,37.3261],[127.40503,37.32767],[127.41497,37.33411],[127.42063,37.33865],[127.42194,37.34291],[127.43,37.34657],[127.43533,37.35441],[127.44246,37.35844],[127.44603,37.36091],[127.44376,37.36979],[127.44448,37.38552],[127.4425,37.38738],[127.43543,37.38642],[127.42974,37.38803],[127.42516,37.38577],[127.42028,37.38661],[127.41281,37.3982],[127.41197,37.40517],[127.39831,37.41533],[127.40098,37.4185],[127.40063,37.42138],[127.38929,37.42882],[127.38448,37.43446],[127.38231,37.44313],[127.37247,37.44481],[127.37214,37.45199],[127.36771,37.45629],[127.38521,37.4599],[127.38881,37.47563],[127.38046,37.49001],[127.38356,37.50262],[127.38073,37.50428],[127.36549,37.52888],[127.34906,37.53561],[127.32596,37.53414],[127.31736,37.52921],[127.3071,37.51638],[127.30062,37.51013],[127.2924,37.50714],[127.28885,37.50735],[127.28758,37.5135],[127.28043,37.51295],[127.27641,37.50831],[127.26856,37.50624],[127.25439,37.50596],[127.25327,37.50325],[127.25896,37.49021],[127.2537,37.48646],[127.2538,37.48461],[127.24826,37.48193],[127.24622,37.47782],[127.23936,37.47514],[127.21573,37.4823],[127.20684,37.48031],[127.20259,37.48171],[127.19804,37.47959],[127.18842,37.48027],[127.17586,37.48532],[127.17584,37.47677],[127.18105,37.47329],[127.1816,37.46047],[127.19099,37.45735],[127.19473,37.44902],[127.19596,37.44388],[127.19366,37.43916],[127.19379,37.43392],[127.19523,37.43103],[127.19336,37.4261],[127.19464,37.42539],[127.18573,37.41868],[127.18489,37.41534],[127.17696,37.41465],[127.17715,37.40902],[127.16829,37.39268],[127.17681,37.38725],[127.17651,37.38487],[127.16794,37.38035],[127.16169,37.37971],[127.16052,37.37279],[127.15019,37.36135],[127.13394,37.35848],[127.13174,37.3512],[127.13806,37.34223],[127.13787,37.34036],[127.13634,37.33964],[127.14186,37.33631],[127.16206,37.34332],[127.17376,37.34467],[127.17876,37.34322],[127.19171,37.34719],[127.19246,37.34666],[127.19803,37.34145],[127.19692,37.33472],[127.20147,37.32861],[127.20846,37.331],[127.21681,37.34067],[127.21946,37.34657],[127.22358,37.34593],[127.21702,37.35521],[127.22262,37.35438],[127.22924,37.35919],[127.23369,37.35799],[127.23851,37.36004]]]}},{"id":"feature_023","type":"Feature","properties":{"시도":"경기도","시군구":"구리시"},"geometry":{"type":"Polygon","coordinates":[[[127.11377,37.55889],[127.11348,37.56025],[127.11668,37.56002],[127.12175,37.56399],[127.13382,37.56845],[127.14924,37.56849],[127.16857,37.57895],[127.17076,37.58092],[127.16046,37.58665],[127.16187,37.5893],[127.16852,37.59063],[127.16861,37.59371],[127.15482,37.59667],[127.14895,37.60467],[127.14702,37.61513],[127.14299,37.62379],[127.14437,37.62896],[127.1497,37.63384],[127.15026,37.63943],[127.14665,37.64378],[127.14087,37.6463],[127.13059,37.64115],[127.1154,37.64402],[127.11115,37.64241],[127.11204,37.63262],[127.10537,37.62714],[127.10351,37.6229],[127.10571,37.62083],[127.11134,37.62065],[127.11697,37.61743],[127.11801,37.60458],[127.11383,37.59996],[127.11837,37.59502],[127.1124,37.59186],[127.10933,37.58466],[127.09975,37.58305],[127.10277,37.58176],[127.10093,37.57356],[127.10419,37.57105],[127.10115,37.56002],[127.11377,37.55889]]]}},{"id":"feature_024","type":"Feature","properties":{"시도":"경기도","시군구":"군포시"},"geometry":{"type":"Polygon","coordinates":[[[126.94741,37.32814],[126.9479,37.33119],[126.94856,37.33975],[126.95134,37.34175],[126.95444,37.3411],[126.95955,37.34822],[126.96237,37.35534],[126.96052,37.35639],[126.96214,37.36156],[126.95702,37.36603],[126.95034,37.36737],[126.94707,37.36998],[126.94555,37.37303],[126.94669,37.37566],[126.94082,37.37913],[126.94008,37.37585],[126.93277,37.37747],[126.91753,37.37678],[126.91483,37.37541],[126.90759,37.36033],[126.90434,37.35709],[126.89724,37.35807],[126.88867,37.34944],[126.88536,37.3382],[126.87398,37.32995],[126.87275,37.3263],[126.87421,37.32086],[126.87812,37.31946],[126.88316,37.32086],[126.88774,37.31791],[126.9077,37.32188],[126.91044,37.31677],[126.91551,37.31514],[126.91538,37.3055],[126.93043,37.30706],[126.93301,37.30836],[126.92964,37.31703],[126.93709,37.32229],[126.94505,37.32034],[126.94741,37.32814]]]}},{"id":"feature_025","type":"Feature","properties":{"시도":"경기도","시군구":"김포시"},"geometry":{"type":"MultiPolygon","coordinates":[[[[126.55133,37.59984],[126.54805,37.60473],[126.5472,37.6024],[126.54963,37.59584],[126.55133,37.59984]]],[[[126.80494,37.60402],[126.79795,37.61086],[126.78251,37.61659],[126.71826,37.64929],[126.67128,37.67649],[126.66633,37.68776],[126.67655,37.70008],[126.68362,37.71339],[126.68544,37.7237],[126.67739,37.73501],[126.674,37.75001],[126.67617,37.755],[126.667,37.78452],[126.63894,37.77843],[126.62882,37.77236],[126.62261,37.76228],[126.60947,37.75291],[126.59201,37.75774],[126.58043,37.75381],[126.56889,37.75509],[126.56135,37.76157],[126.56163,37.76505],[126.55884,37.76756],[126.53633,37.7719],[126.51456,37.76695],[126.51458,37.76466],[126.52784,37.7484],[126.52602,37.73809],[126.51966,37.72619],[126.51851,37.71273],[126.52728,37.70314],[126.52347,37.67443],[126.53576,37.66502],[126.53446,37.65914],[126.5297,37.65589],[126.52896,37.65297],[126.53793,37.63682],[126.54956,37.62709],[126.55316,37.61803],[126.55417,37.6093],[126.5594,37.60056],[126.56606,37.59417],[126.56306,37.58948],[126.56365,37.58697],[126.57258,37.58778],[126.5796,37.58954],[126.59186,37.59271],[126.59257,37.59293],[126.60298,37.59816],[126.60495,37.59944],[126.60552,37.59988],[126.60906,37.60415],[126.61575,37.60549],[126.6234,37.6028],[126.62769,37.60597],[126.63281,37.61692],[126.63657,37.62049],[126.63695,37.62603],[126.64758,37.62874],[126.65246,37.63958],[126.67094,37.63436],[126.67442,37.63036],[126.68007,37.62964],[126.68502,37.62431],[126.69863,37.61746],[126.70628,37.61015],[126.70451,37.60265],[126.70465,37.60262],[126.71199,37.60479],[126.72513,37.592],[126.72901,37.59294],[126.73502,37.59047],[126.73798,37.5935],[126.74362,37.59335],[126.75182,37.57957],[126.75474,37.58043],[126.7577,37.58479],[126.76308,37.58489],[126.76731,37.58803],[126.78411,37.58259],[126.78705,37.58555],[126.79367,37.5816],[126.79834,37.58779],[126.80079,37.588],[126.79747,37.59999],[126.80093,37.60434],[126.80494,37.60402]]],[[[126.53314,37.77381],[126.53845,37.77405],[126.54044,37.77609],[126.52717,37.78385],[126.52384,37.7898],[126.51887,37.79249],[126.51957,37.78646],[126.51481,37.78086],[126.51654,37.7721],[126.53314,37.77381]]]]}},{"id":"feature_026","type":"Feature","properties":{"시도":"경기도","시군구":"남양주시"},"geometry":{"type":"Polygon","coordinates":[[[127.17076,37.58092],[127.18338,37.5917],[127.20078,37.59036],[127.21294,37.57697],[127.21967,37.5739],[127.22186,37.56467],[127.22906,37.56336],[127.23364,37.55869],[127.23443,37.55206],[127.23842,37.545],[127.2801,37.52571],[127.28478,37.52149],[127.28758,37.5135],[127.28885,37.50735],[127.2924,37.50714],[127.30062,37.51013],[127.3071,37.51638],[127.30477,37.5254],[127.30889,37.5406],[127.33991,37.58792],[127.34636,37.6154],[127.35216,37.62779],[127.36598,37.64005],[127.37113,37.64819],[127.37637,37.66011],[127.3792,37.67459],[127.37506,37.67733],[127.37417,37.68219],[127.36693,37.68822],[127.36714,37.69011],[127.37212,37.69203],[127.36135,37.69381],[127.35344,37.70382],[127.35512,37.70718],[127.35339,37.71094],[127.35545,37.72369],[127.3429,37.72942],[127.34241,37.7378],[127.33107,37.74954],[127.33396,37.75284],[127.31565,37.76897],[127.30989,37.7683],[127.3021,37.77338],[127.29313,37.77624],[127.27402,37.77406],[127.26652,37.78045],[127.25973,37.7684],[127.23649,37.76219],[127.22535,37.75349],[127.22163,37.75502],[127.22075,37.75792],[127.21341,37.76102],[127.21265,37.76465],[127.20528,37.76124],[127.20415,37.76348],[127.19092,37.76258],[127.18381,37.76469],[127.17936,37.76226],[127.17556,37.75663],[127.16626,37.75294],[127.15376,37.7555],[127.14671,37.75484],[127.14204,37.74992],[127.14248,37.74777],[127.13826,37.74731],[127.13622,37.74931],[127.12848,37.74783],[127.12904,37.74554],[127.12371,37.73861],[127.12577,37.72747],[127.12366,37.72287],[127.1182,37.7208],[127.11656,37.71795],[127.11167,37.71723],[127.10901,37.70864],[127.10365,37.70721],[127.09663,37.70221],[127.09401,37.7038],[127.08384,37.70174],[127.08036,37.6996],[127.08111,37.69609],[127.08429,37.69401],[127.08493,37.69084],[127.09579,37.68886],[127.09632,37.68595],[127.09183,37.67919],[127.09575,37.672],[127.09244,37.65809],[127.08603,37.65591],[127.09282,37.6549],[127.0923,37.64992],[127.09445,37.64576],[127.10657,37.64549],[127.11115,37.64241],[127.1154,37.64402],[127.13059,37.64115],[127.14087,37.6463],[127.14665,37.64378],[127.15026,37.63943],[127.1497,37.63384],[127.14437,37.62896],[127.14299,37.62379],[127.14702,37.61513],[127.14895,37.60467],[127.15482,37.59667],[127.16861,37.59371],[127.16852,37.59063],[127.16187,37.5893],[127.16046,37.58665],[127.17076,37.58092]]]}},{"id":"feature_027","type":"Feature","properties":{"시도":"경기도","시군구":"동두천시"},"geometry":{"type":"Polygon","coordinates":[[[127.01005,37.92757],[127.00904,37.92505],[127.01291,37.91975],[127.0079,37.91615],[127.01056,37.91034],[127.01071,37.90447],[127.02443,37.89789],[127.02877,37.89893],[127.04626,37.89385],[127.04825,37.88288],[127.06039,37.86935],[127.07373,37.87279],[127.0775,37.87102],[127.08788,37.87208],[127.10339,37.8654],[127.10919,37.85985],[127.11368,37.86548],[127.12316,37.86716],[127.12356,37.86983],[127.12856,37.87391],[127.14696,37.87603],[127.15565,37.89568],[127.14966,37.89792],[127.15027,37.90058],[127.14673,37.9028],[127.14786,37.90663],[127.14596,37.91187],[127.13512,37.91332],[127.13284,37.91592],[127.1209,37.91703],[127.10801,37.93909],[127.09605,37.94365],[127.09558,37.94902],[127.09924,37.95458],[127.09257,37.95923],[127.09414,37.96801],[127.09171,37.97144],[127.08018,37.97668],[127.0661,37.97528],[127.06343,37.97602],[127.06439,37.9796],[127.05326,37.98134],[127.04882,37.97885],[127.04892,37.97576],[127.04443,37.97226],[127.0418,37.96001],[127.02873,37.95516],[127.02757,37.94315],[127.02495,37.94042],[127.02055,37.94005],[127.01676,37.93662],[127.0126,37.9282],[127.01005,37.92757]]]}},{"id":"feature_028","type":"Feature","properties":{"시도":"경기도","시군구":"부천시"},"geometry":{"type":"Polygon","coordinates":[[[126.77823,37.47179],[126.78432,37.47241],[126.78927,37.46566],[126.79477,37.46572],[126.8041,37.4615],[126.80889,37.46209],[126.81184,37.45886],[126.81548,37.46098],[126.8209,37.45862],[126.82597,37.4594],[126.82768,37.46322],[126.83317,37.46589],[126.83301,37.47725],[126.81922,37.47616],[126.81784,37.47315],[126.81475,37.47467],[126.81957,37.48028],[126.81943,37.48547],[126.82347,37.48775],[126.82274,37.48998],[126.81439,37.4932],[126.81298,37.49629],[126.81436,37.49831],[126.81976,37.49923],[126.82224,37.5076],[126.82468,37.50833],[126.82324,37.51618],[126.82556,37.51985],[126.82525,37.52315],[126.82881,37.52651],[126.82182,37.53487],[126.82215,37.54068],[126.80285,37.54308],[126.79898,37.54027],[126.79949,37.53786],[126.7944,37.53583],[126.79332,37.53973],[126.79475,37.54152],[126.79204,37.54181],[126.79175,37.54375],[126.78738,37.54586],[126.77759,37.54658],[126.77535,37.54907],[126.77174,37.54831],[126.7662,37.55413],[126.76095,37.53786],[126.76034,37.5241],[126.76028,37.51586],[126.7458,37.51476],[126.74158,37.50893],[126.74362,37.50148],[126.74163,37.4951],[126.7426,37.48665],[126.75452,37.4837],[126.75906,37.47682],[126.76519,37.47523],[126.76774,37.47176],[126.77823,37.47179]]]}},{"id":"feature_029","type":"Feature","properties":{"시도":"경기도","시군구":"성남시"},"geometry":{"type":"Polygon","coordinates":[[[127.13806,37.34223],[127.13174,37.3512],[127.13394,37.35848],[127.15019,37.36135],[127.16052,37.37279],[127.16169,37.37971],[127.16794,37.38035],[127.17651,37.38487],[127.17681,37.38725],[127.16829,37.39268],[127.17715,37.40902],[127.17696,37.41465],[127.18489,37.41534],[127.18573,37.41868],[127.19464,37.42539],[127.19336,37.4261],[127.19523,37.43103],[127.19379,37.43392],[127.19366,37.43916],[127.19596,37.44388],[127.19473,37.44902],[127.19099,37.45735],[127.1816,37.46047],[127.18105,37.47329],[127.16462,37.4691],[127.1628,37.47126],[127.15436,37.47173],[127.15445,37.47369],[127.14345,37.4741],[127.13259,37.47485],[127.13268,37.46823],[127.12577,37.46921],[127.12229,37.46521],[127.11746,37.46217],[127.11675,37.45859],[127.10631,37.46254],[127.10056,37.45905],[127.09821,37.45879],[127.09632,37.46143],[127.08832,37.44864],[127.08799,37.44506],[127.08543,37.44494],[127.08158,37.441],[127.07165,37.4418],[127.07338,37.43934],[127.07046,37.43006],[127.06567,37.42901],[127.04747,37.43087],[127.04183,37.42691],[127.04168,37.41563],[127.0469,37.41349],[127.04686,37.41094],[127.04268,37.4081],[127.04353,37.40363],[127.03741,37.40107],[127.03871,37.39107],[127.03536,37.38879],[127.02741,37.37678],[127.02794,37.37214],[127.04609,37.36841],[127.05288,37.3636],[127.05414,37.36015],[127.06116,37.36072],[127.07023,37.35803],[127.07762,37.34908],[127.08356,37.35203],[127.0862,37.35153],[127.09699,37.34322],[127.10225,37.34241],[127.10397,37.33861],[127.11031,37.33464],[127.1134,37.33566],[127.11707,37.3334],[127.12329,37.33701],[127.13634,37.33964],[127.13787,37.34036],[127.13806,37.34223]]]}},{"id":"feature_030","type":"Feature","properties":{"시도":"경기도","시군구":"수원시"},"geometry":{"type":"Polygon","coordinates":[[[126.92737,37.2788],[126.92868,37.27672],[126.92726,37.27143],[126.93085,37.26104],[126.93513,37.25692],[126.94653,37.2575],[126.95005,37.25584],[126.95337,37.24813],[126.95619,37.24677],[126.95776,37.23976],[126.96695,37.23563],[126.97039,37.2292],[126.97822,37.22957],[126.98036,37.23224],[126.98812,37.23359],[126.99265,37.23085],[127.02137,37.22424],[127.02396,37.22718],[127.0229,37.22951],[127.02964,37.23201],[127.0367,37.2384],[127.04085,37.24377],[127.04069,37.24724],[127.04262,37.24675],[127.03913,37.23719],[127.04595,37.23279],[127.05154,37.23436],[127.05362,37.23344],[127.05256,37.23106],[127.06668,37.24015],[127.06621,37.24388],[127.06962,37.24619],[127.08004,37.24754],[127.08211,37.2494],[127.08244,37.25445],[127.0847,37.25661],[127.08105,37.25997],[127.0862,37.26477],[127.08553,37.27051],[127.07599,37.26573],[127.07768,37.26287],[127.0759,37.26151],[127.0736,37.26611],[127.06995,37.26673],[127.06466,37.27111],[127.06954,37.27874],[127.08413,37.28632],[127.08883,37.28697],[127.08831,37.29317],[127.09058,37.29714],[127.08559,37.29813],[127.0798,37.29535],[127.07934,37.29327],[127.06059,37.29658],[127.06096,37.30375],[127.05818,37.3049],[127.06062,37.31094],[127.05774,37.31551],[127.04945,37.3158],[127.04056,37.32013],[127.03726,37.32637],[127.03827,37.3285],[127.03153,37.337],[127.03344,37.34471],[127.01881,37.35156],[127.01331,37.34783],[127.0091,37.33879],[127.00047,37.33849],[126.99141,37.33401],[126.98278,37.32675],[126.97119,37.33179],[126.96694,37.32408],[126.97,37.31692],[126.96771,37.31594],[126.96635,37.30821],[126.96108,37.30197],[126.9543,37.30314],[126.95229,37.30065],[126.94159,37.30102],[126.93295,37.30305],[126.93259,37.30076],[126.93955,37.29532],[126.93298,37.29163],[126.92737,37.2788]]]}},{"id":"feature_031","type":"Feature","properties":{"시도":"경기도","시군구":"시흥시"},"geometry":{"type":"Polygon","coordinates":[[[126.71716,37.30752],[126.73852,37.32968],[126.74765,37.32478],[126.74962,37.33345],[126.7602,37.34105],[126.76394,37.34162],[126.76822,37.33942],[126.77638,37.34201],[126.7828,37.34006],[126.78405,37.33747],[126.79209,37.34314],[126.7908,37.35037],[126.79528,37.35514],[126.80578,37.35349],[126.81665,37.35765],[126.82644,37.36413],[126.83163,37.36165],[126.84825,37.36505],[126.85343,37.36044],[126.86483,37.36152],[126.88191,37.37622],[126.87609,37.39466],[126.877,37.40205],[126.85769,37.40224],[126.85284,37.40829],[126.84683,37.41167],[126.84551,37.42291],[126.84193,37.42638],[126.84004,37.43171],[126.84174,37.43443],[126.83781,37.43693],[126.83883,37.4557],[126.83701,37.45601],[126.83835,37.45733],[126.83314,37.46035],[126.82928,37.45778],[126.82854,37.45956],[126.82597,37.4594],[126.8209,37.45862],[126.81548,37.46098],[126.81184,37.45886],[126.80889,37.46209],[126.8041,37.4615],[126.79477,37.46572],[126.78927,37.46566],[126.78432,37.47241],[126.77823,37.47179],[126.77984,37.46579],[126.77745,37.45752],[126.77977,37.45433],[126.77832,37.45079],[126.77174,37.45027],[126.77071,37.44851],[126.76884,37.44293],[126.77131,37.43523],[126.77035,37.42905],[126.76737,37.42659],[126.75968,37.42653],[126.75369,37.42254],[126.75505,37.41805],[126.75058,37.40761],[126.74582,37.40117],[126.73654,37.39543],[126.73372,37.38825],[126.74055,37.3869],[126.73983,37.38547],[126.74205,37.38455],[126.74498,37.38854],[126.74259,37.38264],[126.7306,37.3862],[126.70045,37.35466],[126.7032,37.35127],[126.69291,37.34829],[126.68845,37.34886],[126.68559,37.34088],[126.69115,37.33921],[126.69149,37.33593],[126.67106,37.32989],[126.67716,37.32009],[126.6924,37.319],[126.70611,37.31044],[126.71716,37.30752]]]}},{"id":"feature_032","type":"Feature","properties":{"시도":"경기도","시군구":"안산시"},"geometry":{"type":"MultiPolygon","coordinates":[[[[126.46678,37.08347],[126.46845,37.08243],[126.46928,37.08245],[126.46822,37.0846],[126.46678,37.08347]]],[[[126.45919,37.0903],[126.46146,37.08878],[126.46525,37.08967],[126.46232,37.0938],[126.45878,37.09229],[126.45919,37.0903]]],[[[126.44883,37.098],[126.45222,37.09473],[126.45774,37.09627],[126.45211,37.10312],[126.44883,37.098]]],[[[126.39489,37.09916],[126.39773,37.10163],[126.39486,37.11262],[126.38964,37.11525],[126.38201,37.11423],[126.37971,37.10791],[126.3814,37.10259],[126.39489,37.09916]]],[[[126.63078,37.18737],[126.63025,37.18541],[126.64013,37.18873],[126.63302,37.1889],[126.63078,37.18737]]],[[[126.61395,37.22513],[126.61468,37.22353],[126.61805,37.22378],[126.6171,37.22852],[126.61602,37.22859],[126.61395,37.22513]]],[[[126.61264,37.22793],[126.61394,37.22775],[126.61507,37.22966],[126.613,37.2297],[126.61264,37.22793]]],[[[126.62703,37.24976],[126.62843,37.24724],[126.6312,37.2499],[126.63038,37.25097],[126.62703,37.24976]]],[[[126.5814,37.29168],[126.57923,37.29324],[126.61478,37.31257],[126.64666,37.32176],[126.64525,37.32447],[126.6122,37.31513],[126.579,37.29596],[126.57081,37.29819],[126.5771,37.29094],[126.56529,37.28375],[126.56774,37.28135],[126.5604,37.27754],[126.55685,37.27784],[126.55776,37.28167],[126.55637,37.28374],[126.55185,37.28188],[126.53294,37.28915],[126.53895,37.28546],[126.53947,37.28265],[126.54861,37.27995],[126.55083,37.27293],[126.5548,37.27108],[126.55501,37.26851],[126.55757,37.26673],[126.55806,37.25957],[126.5595,37.2571],[126.56302,37.2562],[126.55979,37.2486],[126.56036,37.24253],[126.56676,37.23717],[126.55826,37.2371],[126.55437,37.23361],[126.54444,37.23358],[126.54399,37.22909],[126.54038,37.22893],[126.54106,37.22326],[126.54357,37.22444],[126.54621,37.22278],[126.5471,37.21567],[126.54323,37.21384],[126.54472,37.20662],[126.54063,37.20673],[126.53758,37.19984],[126.53498,37.19811],[126.53833,37.19842],[126.54234,37.20275],[126.54252,37.2057],[126.54939,37.20488],[126.55915,37.19921],[126.56178,37.1933],[126.56896,37.20088],[126.56857,37.20449],[126.57298,37.20934],[126.57657,37.22056],[126.58515,37.22059],[126.58844,37.21362],[126.59071,37.21328],[126.60165,37.21819],[126.60147,37.22087],[126.60317,37.21628],[126.59814,37.21111],[126.60294,37.20762],[126.6054,37.21199],[126.61432,37.20729],[126.61583,37.20923],[126.61162,37.21902],[126.59951,37.2269],[126.6028,37.23018],[126.61004,37.22957],[126.61121,37.23376],[126.61928,37.22932],[126.6218,37.23612],[126.62424,37.23535],[126.6234,37.22699],[126.62921,37.218],[126.63941,37.21555],[126.64683,37.21077],[126.64583,37.20696],[126.64178,37.20592],[126.64232,37.20137],[126.64059,37.19793],[126.64562,37.19166],[126.64755,37.19289],[126.65131,37.19974],[126.64666,37.20571],[126.65204,37.20732],[126.65434,37.21071],[126.65168,37.21368],[126.65089,37.20978],[126.64762,37.20885],[126.65164,37.22042],[126.65054,37.22529],[126.62259,37.23664],[126.62642,37.24408],[126.62339,37.24325],[126.61928,37.24616],[126.62117,37.24829],[126.61456,37.25046],[126.61822,37.2574],[126.61634,37.25898],[126.60912,37.26058],[126.60768,37.26339],[126.59686,37.26243],[126.59068,37.26412],[126.58552,37.26864],[126.58707,37.27219],[126.58306,37.27393],[126.58131,37.27307],[126.57256,37.27615],[126.56925,37.27205],[126.5721,37.2824],[126.57626,37.28722],[126.58219,37.28855],[126.58615,37.293],[126.58406,37.29431],[126.5814,37.29168]]],[[[126.71716,37.30752],[126.72558,37.30232],[126.77258,37.28941],[126.80418,37.29625],[126.80715,37.29929],[126.81632,37.29801],[126.81392,37.29505],[126.82165,37.2908],[126.82775,37.29159],[126.82848,37.2889],[126.82574,37.28881],[126.828,37.2798],[126.83781,37.27541],[126.84003,37.26997],[126.84647,37.26587],[126.85272,37.27204],[126.85822,37.27418],[126.87132,37.27471],[126.87667,37.27772],[126.87969,37.28567],[126.88618,37.28053],[126.89091,37.28202],[126.89287,37.28645],[126.89955,37.2902],[126.89841,37.294],[126.90555,37.28989],[126.91385,37.29147],[126.91756,37.28539],[126.92737,37.2788],[126.93298,37.29163],[126.93955,37.29532],[126.93259,37.30076],[126.93295,37.30305],[126.93043,37.30706],[126.91538,37.3055],[126.91551,37.31514],[126.91044,37.31677],[126.9077,37.32188],[126.88774,37.31791],[126.88316,37.32086],[126.87812,37.31946],[126.87421,37.32086],[126.87275,37.3263],[126.87398,37.32995],[126.88536,37.3382],[126.88867,37.34944],[126.89724,37.35807],[126.8911,37.37527],[126.88191,37.37622],[126.86483,37.36152],[126.85343,37.36044],[126.84825,37.36505],[126.83163,37.36165],[126.82644,37.36413],[126.81665,37.35765],[126.80578,37.35349],[126.79528,37.35514],[126.7908,37.35037],[126.79209,37.34314],[126.78405,37.33747],[126.7828,37.34006],[126.77638,37.34201],[126.76822,37.33942],[126.76394,37.34162],[126.7602,37.34105],[126.74962,37.33345],[126.74765,37.32478],[126.73852,37.32968],[126.71716,37.30752]]]]}},{"id":"feature_033","type":"Feature","properties":{"시도":"경기도","시군구":"안성시"},"geometry":{"type":"Polygon","coordinates":[[[127.2898,36.89382],[127.29067,36.89685],[127.29779,36.90263],[127.30408,36.91514],[127.29566,36.92889],[127.30915,36.92909],[127.31649,36.93465],[127.32703,36.93578],[127.33867,36.94277],[127.34305,36.94352],[127.34351,36.94798],[127.34974,36.95257],[127.3551,36.95167],[127.35789,36.94748],[127.36205,36.94927],[127.3755,36.94818],[127.37853,36.95147],[127.38006,36.95855],[127.38538,36.95914],[127.38759,36.96407],[127.39807,36.96432],[127.40186,36.96775],[127.39412,36.9773],[127.38608,36.98139],[127.38492,36.98366],[127.39404,36.99794],[127.41509,36.99966],[127.4222,37.00477],[127.42973,37.00188],[127.44111,37.01162],[127.4467,37.01103],[127.44952,37.01814],[127.45428,37.02143],[127.45787,37.02047],[127.45885,37.02256],[127.45784,37.03021],[127.45975,37.03648],[127.45716,37.04203],[127.46034,37.04623],[127.46843,37.05065],[127.46804,37.053],[127.48996,37.05282],[127.49355,37.05653],[127.50723,37.06261],[127.50846,37.06407],[127.50679,37.06932],[127.51254,37.07135],[127.51492,37.08026],[127.5186,37.08237],[127.51562,37.08572],[127.51482,37.09344],[127.51053,37.09677],[127.51091,37.09932],[127.51463,37.10119],[127.51332,37.1055],[127.50774,37.10578],[127.50486,37.10841],[127.50294,37.11823],[127.49749,37.12436],[127.49248,37.12309],[127.46996,37.12954],[127.45796,37.13035],[127.44802,37.14419],[127.45009,37.1484],[127.42982,37.14774],[127.42586,37.14304],[127.42615,37.13643],[127.42418,37.13113],[127.42091,37.12607],[127.41257,37.11943],[127.41398,37.11621],[127.42566,37.11311],[127.42307,37.11119],[127.42459,37.10944],[127.42107,37.10651],[127.42418,37.0997],[127.41628,37.09574],[127.41612,37.09309],[127.39899,37.09538],[127.39408,37.10544],[127.38903,37.10832],[127.3792,37.1052],[127.37695,37.1011],[127.373,37.10582],[127.35904,37.10757],[127.3528,37.10001],[127.34768,37.10357],[127.34343,37.10402],[127.33969,37.10932],[127.33336,37.11174],[127.32959,37.11881],[127.32672,37.11944],[127.31636,37.10984],[127.31328,37.10947],[127.31063,37.10538],[127.3057,37.10711],[127.3034,37.1117],[127.2998,37.11249],[127.29714,37.12033],[127.29324,37.12293],[127.28788,37.13147],[127.28425,37.13078],[127.28206,37.134],[127.27436,37.13364],[127.27307,37.13501],[127.27312,37.14331],[127.26803,37.14933],[127.26877,37.15424],[127.26386,37.15589],[127.26047,37.15207],[127.25548,37.15134],[127.2535,37.14686],[127.25026,37.14524],[127.25371,37.13809],[127.25116,37.1336],[127.25338,37.129],[127.25116,37.12312],[127.23645,37.12125],[127.23386,37.11768],[127.22939,37.11713],[127.22322,37.1129],[127.21205,37.11057],[127.20932,37.11227],[127.20943,37.10558],[127.19891,37.09686],[127.19527,37.08907],[127.19238,37.08709],[127.18623,37.08449],[127.17904,37.08761],[127.17308,37.08587],[127.1662,37.0866],[127.1537,37.09101],[127.14628,37.09141],[127.14211,37.08783],[127.13385,37.09241],[127.12306,37.09135],[127.12639,37.08227],[127.12421,37.07754],[127.10364,37.07575],[127.10482,37.07442],[127.10272,37.073],[127.10231,37.06868],[127.10653,37.06493],[127.11398,37.06509],[127.11847,37.06267],[127.1257,37.06469],[127.12817,37.06347],[127.13062,37.05811],[127.12739,37.05252],[127.12218,37.05042],[127.11477,37.04216],[127.10989,37.04077],[127.10533,37.03519],[127.11694,37.02721],[127.12231,37.03506],[127.12633,37.03333],[127.13719,37.03387],[127.15307,37.02947],[127.15253,37.02155],[127.14537,37.01668],[127.14428,37.01401],[127.15392,36.99776],[127.14478,36.99722],[127.13618,36.99337],[127.13456,36.98929],[127.13061,36.98668],[127.13637,36.98472],[127.14112,36.97872],[127.13641,36.98007],[127.13719,36.97849],[127.13398,36.9768],[127.12451,36.97679],[127.12515,36.97524],[127.1195,36.96913],[127.13174,36.96502],[127.1443,36.97151],[127.15381,36.96942],[127.15677,36.96723],[127.15539,36.96572],[127.16505,36.96202],[127.17604,36.96207],[127.17767,36.95827],[127.18798,36.95524],[127.19011,36.95286],[127.20189,36.95211],[127.20683,36.94608],[127.20589,36.94178],[127.21167,36.93788],[127.21073,36.93041],[127.22021,36.9303],[127.22885,36.92439],[127.23609,36.92383],[127.23758,36.92065],[127.24402,36.9174],[127.25312,36.92226],[127.25913,36.91561],[127.27176,36.91331],[127.28033,36.90427],[127.27953,36.90024],[127.2898,36.89382]]]}},{"id":"feature_034","type":"Feature","properties":{"시도":"경기도","시군구":"안양시"},"geometry":{"type":"Polygon","coordinates":[[[126.89724,37.35807],[126.90434,37.35709],[126.90759,37.36033],[126.91483,37.37541],[126.91753,37.37678],[126.93277,37.37747],[126.94008,37.37585],[126.94082,37.37913],[126.94669,37.37566],[126.94555,37.37303],[126.94707,37.36998],[126.95034,37.36737],[126.95702,37.36603],[126.96214,37.36156],[126.96613,37.36219],[126.96434,37.36515],[126.96537,37.37198],[126.97223,37.38126],[126.9728,37.38677],[126.98171,37.39415],[126.97951,37.39589],[126.98257,37.40067],[126.97615,37.4061],[126.97376,37.41496],[126.96263,37.42106],[126.96091,37.42603],[126.96424,37.43139],[126.96548,37.44031],[126.9638,37.44077],[126.93864,37.43605],[126.93785,37.44018],[126.93051,37.44529],[126.93103,37.44782],[126.92875,37.45019],[126.91943,37.44078],[126.91236,37.43859],[126.90911,37.43399],[126.90447,37.43406],[126.90049,37.43736],[126.89781,37.43102],[126.89407,37.42903],[126.89657,37.42776],[126.89648,37.42562],[126.89396,37.42168],[126.88895,37.41887],[126.88891,37.41256],[126.87994,37.41019],[126.87124,37.41255],[126.87061,37.40691],[126.87576,37.40658],[126.877,37.40205],[126.87609,37.39466],[126.88191,37.37622],[126.8911,37.37527],[126.89724,37.35807]]]}},{"id":"feature_035","type":"Feature","properties":{"시도":"경기도","시군구":"양주시"},"geometry":{"type":"Polygon","coordinates":[[[127.01585,37.70103],[127.01547,37.70328],[127.01951,37.70814],[127.01338,37.71416],[127.01414,37.71921],[127.0115,37.72235],[127.01263,37.72576],[127.00873,37.72807],[127.0098,37.73012],[127.0022,37.74057],[127.00457,37.74318],[127.00243,37.74458],[127.00227,37.76276],[127.01871,37.76859],[127.04117,37.76674],[127.05086,37.76094],[127.06025,37.76212],[127.07914,37.76953],[127.08468,37.77361],[127.10434,37.77967],[127.11639,37.79438],[127.11806,37.79996],[127.11714,37.80412],[127.12209,37.8132],[127.12019,37.81736],[127.12189,37.82815],[127.11715,37.83454],[127.11485,37.85034],[127.10919,37.85985],[127.10339,37.8654],[127.08788,37.87208],[127.0775,37.87102],[127.07373,37.87279],[127.06039,37.86935],[127.04825,37.88288],[127.04626,37.89385],[127.02877,37.89893],[127.02443,37.89789],[127.01071,37.90447],[127.01056,37.91034],[127.0079,37.91615],[127.01291,37.91975],[127.00904,37.92505],[127.01005,37.92757],[127.00131,37.93303],[127.0012,37.93561],[126.9997,37.93562],[126.99962,37.93309],[126.9932,37.93451],[126.99197,37.93758],[126.98941,37.93628],[126.98545,37.93889],[126.98101,37.93746],[126.97336,37.94203],[126.96482,37.93902],[126.96505,37.92824],[126.96002,37.92016],[126.95633,37.92234],[126.9496,37.91897],[126.95473,37.91247],[126.94673,37.89964],[126.94854,37.89675],[126.946,37.88846],[126.94808,37.88465],[126.94426,37.87363],[126.94634,37.86699],[126.93562,37.84939],[126.93451,37.84624],[126.93649,37.84079],[126.92728,37.83805],[126.92533,37.84159],[126.91393,37.84107],[126.91193,37.83846],[126.913,37.83603],[126.91136,37.82864],[126.90299,37.82639],[126.90231,37.82472],[126.91022,37.81648],[126.90879,37.81051],[126.91191,37.80615],[126.90555,37.8021],[126.90389,37.79095],[126.9146,37.79168],[126.92721,37.78508],[126.9321,37.78878],[126.93812,37.78694],[126.93338,37.77994],[126.93629,37.77421],[126.9328,37.77069],[126.93391,37.76758],[126.92869,37.75759],[126.932,37.75392],[126.92971,37.74853],[126.93299,37.74538],[126.93006,37.74284],[126.93102,37.73751],[126.92189,37.73018],[126.92504,37.71991],[126.92047,37.71368],[126.92454,37.71173],[126.92467,37.70787],[126.92174,37.69903],[126.91415,37.68791],[126.9145,37.679],[126.9103,37.6738],[126.9064,37.67486],[126.90805,37.67026],[126.91297,37.66873],[126.92036,37.66959],[126.92081,37.67186],[126.92803,37.6707],[126.93195,37.67236],[126.93982,37.67076],[126.94458,37.67645],[126.94308,37.67943],[126.94479,37.68513],[126.95101,37.68772],[126.95444,37.69265],[126.96577,37.69236],[126.97299,37.68668],[126.98086,37.68594],[126.99174,37.67947],[126.99799,37.68382],[127.00829,37.68468],[127.00884,37.69461],[127.01195,37.69824],[127.01494,37.69855],[127.01585,37.70103]]]}},{"id":"feature_036","type":"Feature","properties":{"시도":"경기도","시군구":"양평군"},"geometry":{"type":"Polygon","coordinates":[[[127.40063,37.42138],[127.40738,37.43009],[127.41462,37.43217],[127.42287,37.43951],[127.45548,37.42855],[127.47093,37.42537],[127.47431,37.42233],[127.47965,37.42366],[127.48523,37.43223],[127.48919,37.43381],[127.49811,37.43313],[127.50801,37.43981],[127.52286,37.43474],[127.53152,37.42427],[127.53696,37.41131],[127.54395,37.41002],[127.5497,37.41051],[127.55613,37.41776],[127.56004,37.41753],[127.57175,37.41164],[127.58186,37.41687],[127.58556,37.41412],[127.59056,37.42279],[127.59354,37.4198],[127.60012,37.42063],[127.61114,37.41552],[127.61694,37.41485],[127.62026,37.40901],[127.62657,37.41331],[127.63538,37.41347],[127.64602,37.40462],[127.65213,37.40764],[127.65847,37.41749],[127.66844,37.41189],[127.68515,37.41256],[127.68747,37.41123],[127.68639,37.39944],[127.69491,37.40341],[127.6987,37.40741],[127.70779,37.41067],[127.7157,37.40164],[127.71436,37.39849],[127.7046,37.39255],[127.70336,37.38788],[127.706,37.3832],[127.70294,37.38059],[127.70131,37.37388],[127.70742,37.37009],[127.71102,37.37173],[127.71647,37.36998],[127.72446,37.37134],[127.73205,37.37567],[127.74578,37.3689],[127.75241,37.36923],[127.75948,37.36704],[127.76316,37.3699],[127.7778,37.3712],[127.77585,37.37842],[127.77659,37.38324],[127.78314,37.39027],[127.78369,37.39861],[127.78787,37.40133],[127.79462,37.42428],[127.80394,37.42897],[127.8018,37.43533],[127.79862,37.44238],[127.79955,37.45168],[127.7963,37.46282],[127.80055,37.46811],[127.79968,37.47219],[127.78793,37.47598],[127.78205,37.48165],[127.7806,37.48818],[127.77627,37.48843],[127.77448,37.49165],[127.76033,37.49234],[127.75936,37.50366],[127.76486,37.50272],[127.77394,37.50609],[127.78114,37.513],[127.78399,37.51219],[127.79675,37.52357],[127.79653,37.52851],[127.80507,37.53024],[127.80638,37.53501],[127.8095,37.53674],[127.82193,37.53802],[127.82862,37.53639],[127.8424,37.53902],[127.84668,37.54402],[127.84635,37.54779],[127.8491,37.54959],[127.84944,37.55318],[127.83711,37.56046],[127.82686,37.56075],[127.8129,37.56464],[127.81033,37.57285],[127.80487,37.5752],[127.80426,37.57886],[127.80037,37.58213],[127.79335,37.58541],[127.78596,37.57855],[127.76703,37.5826],[127.76458,37.58581],[127.75349,37.59188],[127.73947,37.58716],[127.72104,37.59068],[127.70812,37.5864],[127.69794,37.59158],[127.70025,37.59667],[127.69653,37.60037],[127.6872,37.60433],[127.68594,37.60673],[127.66756,37.61733],[127.66368,37.62402],[127.65241,37.62267],[127.64944,37.62473],[127.64688,37.63292],[127.63937,37.63288],[127.62756,37.64262],[127.6234,37.64138],[127.61613,37.64717],[127.61085,37.64694],[127.60722,37.65103],[127.60235,37.65134],[127.5986,37.64674],[127.58568,37.64211],[127.58202,37.63413],[127.57192,37.6322],[127.56457,37.63307],[127.55898,37.62845],[127.55981,37.62341],[127.57075,37.61367],[127.56956,37.60831],[127.56615,37.60796],[127.5623,37.60435],[127.56244,37.60001],[127.55908,37.59423],[127.56152,37.58706],[127.56025,37.58308],[127.55245,37.58608],[127.53788,37.58461],[127.52178,37.58641],[127.51296,37.57812],[127.49735,37.57184],[127.49012,37.57498],[127.47473,37.57725],[127.47159,37.57989],[127.46941,37.59106],[127.4726,37.59641],[127.47351,37.60792],[127.47118,37.62113],[127.46835,37.62467],[127.4626,37.62493],[127.45558,37.63691],[127.44485,37.64777],[127.43808,37.64789],[127.43477,37.65361],[127.44138,37.6598],[127.42815,37.67154],[127.42509,37.66563],[127.40813,37.65988],[127.40124,37.65449],[127.39943,37.65086],[127.38005,37.65142],[127.37328,37.64767],[127.37113,37.64819],[127.36598,37.64005],[127.35216,37.62779],[127.34636,37.6154],[127.33991,37.58792],[127.30889,37.5406],[127.30477,37.5254],[127.3071,37.51638],[127.31736,37.52921],[127.32596,37.53414],[127.34906,37.53561],[127.36549,37.52888],[127.38073,37.50428],[127.38356,37.50262],[127.38046,37.49001],[127.38881,37.47563],[127.38521,37.4599],[127.36771,37.45629],[127.37214,37.45199],[127.37247,37.44481],[127.38231,37.44313],[127.38448,37.43446],[127.38929,37.42882],[127.40063,37.42138]]]}},{"id":"feature_037","type":"Feature","properties":{"시도":"경기도","시군구":"여주시"},"geometry":{"type":"Polygon","coordinates":[[[127.44246,37.35844],[127.44913,37.35219],[127.47049,37.36152],[127.48724,37.34905],[127.48952,37.34236],[127.50209,37.33791],[127.51376,37.33931],[127.52054,37.33026],[127.52668,37.32966],[127.52919,37.32661],[127.52654,37.32247],[127.52965,37.32018],[127.5288,37.3162],[127.54607,37.31092],[127.54639,37.30143],[127.54273,37.29475],[127.53438,37.28928],[127.52919,37.27352],[127.53274,37.2573],[127.53707,37.25161],[127.53737,37.24663],[127.52521,37.23975],[127.52696,37.22946],[127.5255,37.22757],[127.52761,37.22739],[127.53147,37.20823],[127.53109,37.19813],[127.51597,37.18532],[127.51755,37.18213],[127.52286,37.18124],[127.52789,37.17296],[127.55283,37.17544],[127.55669,37.17704],[127.55876,37.18088],[127.56618,37.1764],[127.57051,37.17023],[127.57761,37.17623],[127.57236,37.18458],[127.57637,37.18916],[127.58381,37.18696],[127.596,37.18963],[127.5993,37.18311],[127.60167,37.18337],[127.61239,37.17338],[127.6158,37.16334],[127.61947,37.16244],[127.63059,37.16603],[127.62876,37.1538],[127.64761,37.15075],[127.66014,37.13977],[127.66576,37.13924],[127.66839,37.1366],[127.68743,37.1351],[127.69543,37.14045],[127.69441,37.14964],[127.70399,37.15649],[127.70458,37.16664],[127.70967,37.17211],[127.71097,37.17642],[127.71803,37.18379],[127.72292,37.18176],[127.72645,37.18261],[127.72846,37.19161],[127.73284,37.19622],[127.73539,37.20803],[127.74792,37.21668],[127.75098,37.22403],[127.7464,37.22963],[127.74765,37.24347],[127.74886,37.24748],[127.75831,37.25803],[127.7547,37.27852],[127.75578,37.28284],[127.7538,37.28901],[127.7565,37.29469],[127.75477,37.29769],[127.76192,37.30211],[127.76715,37.3018],[127.76857,37.30783],[127.76219,37.32078],[127.76036,37.32912],[127.76136,37.33656],[127.75779,37.34599],[127.76117,37.36379],[127.75948,37.36704],[127.75241,37.36923],[127.74578,37.3689],[127.73205,37.37567],[127.72446,37.37134],[127.71647,37.36998],[127.71102,37.37173],[127.70742,37.37009],[127.70131,37.37388],[127.70294,37.38059],[127.706,37.3832],[127.70336,37.38788],[127.7046,37.39255],[127.71436,37.39849],[127.7157,37.40164],[127.70779,37.41067],[127.6987,37.40741],[127.69491,37.40341],[127.68639,37.39944],[127.68747,37.41123],[127.68515,37.41256],[127.66844,37.41189],[127.65847,37.41749],[127.65213,37.40764],[127.64602,37.40462],[127.63538,37.41347],[127.62657,37.41331],[127.62026,37.40901],[127.61694,37.41485],[127.61114,37.41552],[127.60012,37.42063],[127.59354,37.4198],[127.59056,37.42279],[127.58556,37.41412],[127.58186,37.41687],[127.57175,37.41164],[127.56004,37.41753],[127.55613,37.41776],[127.5497,37.41051],[127.54395,37.41002],[127.53696,37.41131],[127.53152,37.42427],[127.52286,37.43474],[127.50801,37.43981],[127.49811,37.43313],[127.48919,37.43381],[127.48523,37.43223],[127.47965,37.42366],[127.47431,37.42233],[127.47093,37.42537],[127.45548,37.42855],[127.42287,37.43951],[127.41462,37.43217],[127.40738,37.43009],[127.40063,37.42138],[127.40098,37.4185],[127.39831,37.41533],[127.41197,37.40517],[127.41281,37.3982],[127.42028,37.38661],[127.42516,37.38577],[127.42974,37.38803],[127.43543,37.38642],[127.4425,37.38738],[127.44448,37.38552],[127.44376,37.36979],[127.44603,37.36091],[127.44246,37.35844]]]}},{"id":"feature_038","type":"Feature","properties":{"시도":"경기도","시군구":"연천군"},"geometry":{"type":"Polygon","coordinates":[[[127.09171,37.97144],[127.09119,37.98802],[127.11154,37.98931],[127.11733,37.98574],[127.12078,37.97942],[127.1296,37.98386],[127.1352,37.98968],[127.14482,37.99192],[127.14687,37.99564],[127.14564,38.00095],[127.14051,38.00661],[127.14024,38.01148],[127.14532,38.01565],[127.1392,38.02143],[127.13958,38.02613],[127.13549,38.02926],[127.13779,38.03744],[127.13481,38.03918],[127.12602,38.03653],[127.12254,38.03907],[127.11436,38.03998],[127.11796,38.04391],[127.11229,38.05141],[127.11717,38.06065],[127.12931,38.06093],[127.13826,38.06646],[127.13966,38.07138],[127.14367,38.07361],[127.14768,38.06968],[127.14625,38.06273],[127.14874,38.0577],[127.15696,38.06339],[127.16635,38.06135],[127.17376,38.06642],[127.18662,38.06444],[127.18625,38.07431],[127.19073,38.07784],[127.19225,38.08249],[127.18451,38.09223],[127.18221,38.10731],[127.18428,38.11441],[127.17156,38.12156],[127.17577,38.12881],[127.17291,38.14156],[127.17673,38.14652],[127.17718,38.15151],[127.17394,38.16111],[127.17378,38.17113],[127.17753,38.17602],[127.17938,38.18465],[127.16605,38.19851],[127.17223,38.20596],[127.17219,38.21042],[127.16956,38.21385],[127.15944,38.21907],[127.16146,38.22304],[127.15959,38.22605],[127.16249,38.23222],[127.15836,38.2389],[127.14895,38.24268],[127.14697,38.23972],[127.13054,38.23256],[127.12627,38.23377],[127.12288,38.23251],[127.1127,38.23804],[127.10989,38.24461],[127.11399,38.26527],[127.10928,38.29204],[127.09331,38.28211],[127.076,38.27808],[127.06686,38.26568],[127.05506,38.259],[127.04189,38.25902],[127.03286,38.24844],[127.02093,38.24588],[127.02218,38.24038],[127.01417,38.23706],[127.00524,38.22288],[127.00151,38.223],[126.99159,38.22947],[126.98816,38.22582],[126.98203,38.22746],[126.97816,38.22214],[126.98107,38.21984],[126.9801,38.21774],[126.98395,38.21091],[126.9793,38.20519],[126.97587,38.20488],[126.97508,38.19933],[126.96679,38.19911],[126.96669,38.19441],[126.96292,38.19053],[126.96826,38.1861],[126.96918,38.18193],[126.96572,38.1714],[126.95454,38.16326],[126.95173,38.1649],[126.95003,38.15911],[126.96943,38.14562],[126.96992,38.14354],[126.96483,38.13582],[126.96511,38.13802],[126.96086,38.13968],[126.96086,38.13607],[126.93235,38.13165],[126.93047,38.12741],[126.91706,38.13672],[126.9047,38.13789],[126.90048,38.13343],[126.88919,38.12882],[126.88366,38.11625],[126.86716,38.11118],[126.85607,38.09966],[126.86057,38.08587],[126.86956,38.07789],[126.86625,38.06945],[126.85944,38.06462],[126.85807,38.05312],[126.85283,38.0531],[126.85269,38.04361],[126.85462,38.04013],[126.85255,38.03734],[126.85359,38.03148],[126.83184,38.03375],[126.83046,38.02542],[126.83566,38.0245],[126.83322,38.02186],[126.83508,38.01817],[126.82874,38.02019],[126.82307,38.01133],[126.82533,38.00022],[126.83046,37.99872],[126.82955,37.9931],[126.8074,37.99375],[126.80091,37.992],[126.7985,37.98771],[126.80451,37.97075],[126.81045,37.96767],[126.81252,37.9693],[126.81471,37.96822],[126.81847,37.96409],[126.81754,37.96129],[126.82073,37.95746],[126.83678,37.96473],[126.84023,37.98095],[126.84398,37.98501],[126.85027,37.98744],[126.85494,37.98724],[126.87184,37.97115],[126.87874,37.96767],[126.88776,37.96614],[126.89346,37.96803],[126.89543,37.9722],[126.89116,37.98819],[126.89469,37.99945],[126.92163,37.98593],[126.93568,37.98173],[126.94091,37.98239],[126.95246,37.988],[126.96957,38.00333],[126.98208,38.00469],[126.99215,38.00337],[127.00099,37.99625],[127.01528,37.99231],[127.01704,37.98693],[127.0126,37.98457],[127.01129,37.97612],[127.00644,37.97325],[126.99635,37.9732],[126.98852,37.96009],[126.97912,37.95408],[126.97721,37.94553],[126.97336,37.94203],[126.98101,37.93746],[126.98545,37.93889],[126.98941,37.93628],[126.99197,37.93758],[126.9932,37.93451],[126.99962,37.93309],[126.9997,37.93562],[127.0012,37.93561],[127.00131,37.93303],[127.01005,37.92757],[127.0126,37.9282],[127.01676,37.93662],[127.02055,37.94005],[127.02495,37.94042],[127.02757,37.94315],[127.02873,37.95516],[127.0418,37.96001],[127.04443,37.97226],[127.04892,37.97576],[127.04882,37.97885],[127.05326,37.98134],[127.06439,37.9796],[127.06343,37.97602],[127.0661,37.97528],[127.08018,37.97668],[127.09171,37.97144]]]}},{"id":"feature_039","type":"Feature","properties":{"시도":"경기도","시군구":"오산시"},"geometry":{"type":"Polygon","coordinates":[[[127.03563,37.13602],[127.03852,37.13576],[127.03819,37.13178],[127.04557,37.12635],[127.04525,37.12926],[127.05233,37.12962],[127.0557,37.13352],[127.06637,37.13122],[127.06679,37.12673],[127.06896,37.12816],[127.07304,37.12537],[127.07928,37.12816],[127.07927,37.12577],[127.0862,37.12675],[127.08998,37.12992],[127.0929,37.12935],[127.08774,37.1348],[127.0916,37.13728],[127.09786,37.13686],[127.10035,37.14229],[127.10365,37.14357],[127.09518,37.15851],[127.07625,37.16217],[127.07127,37.16821],[127.07073,37.17392],[127.07303,37.17456],[127.07214,37.18202],[127.07106,37.18404],[127.06606,37.18432],[127.06532,37.18645],[127.06864,37.19062],[127.06565,37.19216],[127.06497,37.19775],[127.06147,37.1994],[127.04944,37.19591],[127.03689,37.19994],[127.02665,37.20042],[127.02413,37.19784],[127.01104,37.19375],[127.00785,37.187],[127.00243,37.18205],[127.00456,37.18041],[126.99977,37.17758],[126.9965,37.17846],[126.99515,37.1757],[127.00653,37.16806],[127.01905,37.16729],[127.0281,37.16312],[127.02697,37.16066],[127.03049,37.15601],[127.02783,37.15379],[127.03013,37.14952],[127.02982,37.14532],[127.03563,37.13602]]]}},{"id":"feature_040","type":"Feature","properties":{"시도":"경기도","시군구":"용인시"},"geometry":{"type":"Polygon","coordinates":[[[127.06668,37.24015],[127.06892,37.22993],[127.07456,37.22813],[127.08192,37.22015],[127.08896,37.21636],[127.10465,37.21986],[127.11738,37.21996],[127.13618,37.21564],[127.1443,37.21864],[127.1516,37.21854],[127.15172,37.21414],[127.15777,37.20717],[127.15196,37.19911],[127.16096,37.19164],[127.15908,37.18413],[127.16067,37.18036],[127.14841,37.16968],[127.13301,37.16909],[127.13387,37.16493],[127.12794,37.16072],[127.13059,37.15185],[127.12949,37.14875],[127.12708,37.14565],[127.1227,37.14451],[127.12058,37.1395],[127.12062,37.12951],[127.11495,37.12974],[127.11257,37.12624],[127.10867,37.12481],[127.10979,37.11741],[127.12306,37.09135],[127.13385,37.09241],[127.14211,37.08783],[127.14628,37.09141],[127.1537,37.09101],[127.1662,37.0866],[127.17308,37.08587],[127.17904,37.08761],[127.18623,37.08449],[127.19238,37.08709],[127.19527,37.08907],[127.19891,37.09686],[127.20943,37.10558],[127.20932,37.11227],[127.21205,37.11057],[127.22322,37.1129],[127.22939,37.11713],[127.23386,37.11768],[127.23645,37.12125],[127.25116,37.12312],[127.25338,37.129],[127.25116,37.1336],[127.25371,37.13809],[127.25026,37.14524],[127.2535,37.14686],[127.25548,37.15134],[127.26047,37.15207],[127.26386,37.15589],[127.26877,37.15424],[127.26803,37.14933],[127.27312,37.14331],[127.27307,37.13501],[127.27436,37.13364],[127.28206,37.134],[127.28425,37.13078],[127.28788,37.13147],[127.29324,37.12293],[127.29714,37.12033],[127.2998,37.11249],[127.3034,37.1117],[127.3057,37.10711],[127.31063,37.10538],[127.31328,37.10947],[127.31636,37.10984],[127.32672,37.11944],[127.32959,37.11881],[127.33336,37.11174],[127.33969,37.10932],[127.34343,37.10402],[127.34768,37.10357],[127.3528,37.10001],[127.35904,37.10757],[127.373,37.10582],[127.37695,37.1011],[127.3792,37.1052],[127.38903,37.10832],[127.39408,37.10544],[127.39899,37.09538],[127.41612,37.09309],[127.41628,37.09574],[127.42418,37.0997],[127.42107,37.10651],[127.42459,37.10944],[127.42307,37.11119],[127.42566,37.11311],[127.41398,37.11621],[127.41257,37.11943],[127.42091,37.12607],[127.42418,37.13113],[127.42615,37.13643],[127.42586,37.14304],[127.42982,37.14774],[127.4235,37.15183],[127.41484,37.15208],[127.41232,37.15507],[127.40969,37.16438],[127.41415,37.17339],[127.4105,37.18411],[127.40186,37.18018],[127.38238,37.18274],[127.38121,37.18756],[127.37529,37.1851],[127.37224,37.18603],[127.37204,37.18976],[127.37597,37.191],[127.37821,37.19555],[127.37038,37.20392],[127.36136,37.20048],[127.35684,37.20063],[127.35592,37.20262],[127.34218,37.20808],[127.33853,37.21629],[127.33187,37.22],[127.33087,37.22304],[127.33339,37.22716],[127.33445,37.23781],[127.33115,37.24312],[127.33344,37.24932],[127.33857,37.25239],[127.33618,37.25778],[127.33666,37.26117],[127.34088,37.265],[127.3388,37.27054],[127.33089,37.27024],[127.31929,37.27499],[127.30414,37.27093],[127.30125,37.26569],[127.29831,37.26977],[127.29193,37.27165],[127.28457,37.26898],[127.28006,37.26963],[127.27573,37.27475],[127.28176,37.27804],[127.2778,37.2904],[127.28169,37.29795],[127.27726,37.30921],[127.28311,37.31907],[127.28232,37.32741],[127.27979,37.33013],[127.28324,37.33659],[127.28334,37.34531],[127.2808,37.34616],[127.27442,37.34293],[127.26503,37.34268],[127.26138,37.3484],[127.24691,37.35565],[127.24187,37.35331],[127.23982,37.35416],[127.23896,37.35942],[127.23851,37.36004],[127.23369,37.35799],[127.22924,37.35919],[127.22262,37.35438],[127.21702,37.35521],[127.22358,37.34593],[127.21946,37.34657],[127.21681,37.34067],[127.20846,37.331],[127.20147,37.32861],[127.19692,37.33472],[127.19803,37.34145],[127.19246,37.34666],[127.19171,37.34719],[127.17876,37.34322],[127.17376,37.34467],[127.16206,37.34332],[127.14186,37.33631],[127.13634,37.33964],[127.12329,37.33701],[127.11707,37.3334],[127.1134,37.33566],[127.11031,37.33464],[127.10397,37.33861],[127.10225,37.34241],[127.09699,37.34322],[127.0862,37.35153],[127.08356,37.35203],[127.07762,37.34908],[127.07023,37.35803],[127.06116,37.36072],[127.05414,37.36015],[127.05288,37.3636],[127.04609,37.36841],[127.02794,37.37214],[127.0237,37.36373],[127.01613,37.35724],[127.01881,37.35156],[127.03344,37.34471],[127.03153,37.337],[127.03827,37.3285],[127.03726,37.32637],[127.04056,37.32013],[127.04945,37.3158],[127.05774,37.31551],[127.06062,37.31094],[127.05818,37.3049],[127.06096,37.30375],[127.06059,37.29658],[127.07934,37.29327],[127.0798,37.29535],[127.08559,37.29813],[127.09058,37.29714],[127.08831,37.29317],[127.08883,37.28697],[127.08413,37.28632],[127.06954,37.27874],[127.06466,37.27111],[127.06995,37.26673],[127.0736,37.26611],[127.0759,37.26151],[127.07768,37.26287],[127.07599,37.26573],[127.08553,37.27051],[127.0862,37.26477],[127.08105,37.25997],[127.0847,37.25661],[127.08244,37.25445],[127.08211,37.2494],[127.08004,37.24754],[127.06962,37.24619],[127.06621,37.24388],[127.06668,37.24015]]]}},{"id":"feature_041","type":"Feature","properties":{"시도":"경기도","시군구":"의왕시"},"geometry":{"type":"Polygon","coordinates":[[[126.93295,37.30305],[126.94159,37.30102],[126.95229,37.30065],[126.9543,37.30314],[126.96108,37.30197],[126.96635,37.30821],[126.96771,37.31594],[126.97,37.31692],[126.96694,37.32408],[126.97119,37.33179],[126.98278,37.32675],[126.99141,37.33401],[127.00047,37.33849],[127.0091,37.33879],[127.01331,37.34783],[127.01881,37.35156],[127.01613,37.35724],[127.0237,37.36373],[127.02794,37.37214],[127.02741,37.37678],[127.03536,37.38879],[127.03871,37.39107],[127.03741,37.40107],[127.04353,37.40363],[127.04268,37.4081],[127.04686,37.41094],[127.0469,37.41349],[127.04168,37.41563],[127.02834,37.4121],[127.00849,37.4122],[126.99977,37.40463],[126.98827,37.40794],[126.98257,37.40067],[126.97951,37.39589],[126.98171,37.39415],[126.9728,37.38677],[126.97223,37.38126],[126.96537,37.37198],[126.96434,37.36515],[126.96613,37.36219],[126.96214,37.36156],[126.96052,37.35639],[126.96237,37.35534],[126.95955,37.34822],[126.95444,37.3411],[126.95134,37.34175],[126.94856,37.33975],[126.9479,37.33119],[126.94741,37.32814],[126.94505,37.32034],[126.93709,37.32229],[126.92964,37.31703],[126.93301,37.30836],[126.93043,37.30706],[126.93295,37.30305]]]}},{"id":"feature_042","type":"Feature","properties":{"시도":"경기도","시군구":"의정부시"},"geometry":{"type":"Polygon","coordinates":[[[127.01585,37.70103],[127.0249,37.69944],[127.02803,37.70059],[127.0325,37.69171],[127.04158,37.69536],[127.04509,37.69244],[127.0482,37.69391],[127.05078,37.68702],[127.05482,37.68935],[127.06511,37.68985],[127.06939,37.69437],[127.08111,37.69609],[127.08036,37.6996],[127.08384,37.70174],[127.09401,37.7038],[127.09663,37.70221],[127.10365,37.70721],[127.10901,37.70864],[127.11167,37.71723],[127.11656,37.71795],[127.1182,37.7208],[127.12366,37.72287],[127.12577,37.72747],[127.12371,37.73861],[127.12904,37.74554],[127.12848,37.74783],[127.13622,37.74931],[127.13826,37.74731],[127.14248,37.74777],[127.14204,37.74992],[127.14671,37.75484],[127.13966,37.76407],[127.13343,37.76229],[127.12543,37.7633],[127.1291,37.76689],[127.12807,37.77184],[127.11564,37.77376],[127.11541,37.77643],[127.11175,37.77891],[127.10434,37.77967],[127.08468,37.77361],[127.07914,37.76953],[127.06025,37.76212],[127.05086,37.76094],[127.04117,37.76674],[127.01871,37.76859],[127.00227,37.76276],[127.00243,37.74458],[127.00457,37.74318],[127.0022,37.74057],[127.0098,37.73012],[127.00873,37.72807],[127.01263,37.72576],[127.0115,37.72235],[127.01414,37.71921],[127.01338,37.71416],[127.01951,37.70814],[127.01547,37.70328],[127.01585,37.70103]]]}},{"id":"feature_043","type":"Feature","properties":{"시도":"경기도","시군구":"이천시"},"geometry":{"type":"Polygon","coordinates":[[[127.3388,37.27054],[127.34088,37.265],[127.33666,37.26117],[127.33618,37.25778],[127.33857,37.25239],[127.33344,37.24932],[127.33115,37.24312],[127.33445,37.23781],[127.33339,37.22716],[127.33087,37.22304],[127.33187,37.22],[127.33853,37.21629],[127.34218,37.20808],[127.35592,37.20262],[127.35684,37.20063],[127.36136,37.20048],[127.37038,37.20392],[127.37821,37.19555],[127.37597,37.191],[127.37204,37.18976],[127.37224,37.18603],[127.37529,37.1851],[127.38121,37.18756],[127.38238,37.18274],[127.40186,37.18018],[127.4105,37.18411],[127.41415,37.17339],[127.40969,37.16438],[127.41232,37.15507],[127.41484,37.15208],[127.4235,37.15183],[127.42982,37.14774],[127.45009,37.1484],[127.44802,37.14419],[127.45796,37.13035],[127.46996,37.12954],[127.49248,37.12309],[127.49749,37.12436],[127.50294,37.11823],[127.50486,37.10841],[127.50774,37.10578],[127.51332,37.1055],[127.51463,37.10119],[127.51091,37.09932],[127.51053,37.09677],[127.51482,37.09344],[127.51562,37.08572],[127.5186,37.08237],[127.51492,37.08026],[127.51254,37.07135],[127.50679,37.06932],[127.50846,37.06407],[127.50723,37.06261],[127.49355,37.05653],[127.48996,37.05282],[127.49689,37.04838],[127.50469,37.04796],[127.50917,37.04958],[127.51252,37.05622],[127.51826,37.0584],[127.52313,37.05544],[127.53199,37.05564],[127.55043,37.0454],[127.55998,37.04296],[127.56813,37.0477],[127.56792,37.05554],[127.56513,37.06027],[127.57622,37.07395],[127.5795,37.07536],[127.58907,37.07274],[127.59589,37.07394],[127.6042,37.06853],[127.6045,37.07747],[127.60017,37.08185],[127.60089,37.08553],[127.61452,37.08789],[127.6315,37.09652],[127.63478,37.10194],[127.63415,37.12373],[127.63782,37.14118],[127.63312,37.14526],[127.62876,37.1538],[127.63059,37.16603],[127.61947,37.16244],[127.6158,37.16334],[127.61239,37.17338],[127.60167,37.18337],[127.5993,37.18311],[127.596,37.18963],[127.58381,37.18696],[127.57637,37.18916],[127.57236,37.18458],[127.57761,37.17623],[127.57051,37.17023],[127.56618,37.1764],[127.55876,37.18088],[127.55669,37.17704],[127.55283,37.17544],[127.52789,37.17296],[127.52286,37.18124],[127.51755,37.18213],[127.51597,37.18532],[127.53109,37.19813],[127.53147,37.20823],[127.52761,37.22739],[127.5255,37.22757],[127.52696,37.22946],[127.52521,37.23975],[127.53737,37.24663],[127.53707,37.25161],[127.53274,37.2573],[127.52919,37.27352],[127.53438,37.28928],[127.54273,37.29475],[127.54639,37.30143],[127.54607,37.31092],[127.5288,37.3162],[127.52965,37.32018],[127.52654,37.32247],[127.52919,37.32661],[127.52668,37.32966],[127.52054,37.33026],[127.51376,37.33931],[127.50209,37.33791],[127.48952,37.34236],[127.48724,37.34905],[127.47049,37.36152],[127.44913,37.35219],[127.44246,37.35844],[127.43533,37.35441],[127.43,37.34657],[127.42194,37.34291],[127.42063,37.33865],[127.41497,37.33411],[127.40503,37.32767],[127.39786,37.3261],[127.39031,37.31969],[127.38148,37.31901],[127.37591,37.32073],[127.3696,37.31523],[127.36336,37.31577],[127.36494,37.30849],[127.3545,37.30148],[127.35711,37.29881],[127.35714,37.2946],[127.34801,37.29001],[127.34317,37.29106],[127.34018,37.28816],[127.34319,37.28236],[127.34908,37.27681],[127.3388,37.27054]]]}},{"id":"feature_044","type":"Feature","properties":{"시도":"경기도","시군구":"파주시"},"geometry":{"type":"Polygon","coordinates":[[[126.67655,37.70008],[126.6914,37.68911],[126.69929,37.69703],[126.70458,37.69621],[126.72989,37.70494],[126.74802,37.70314],[126.75553,37.70489],[126.76008,37.70333],[126.76495,37.70405],[126.76608,37.70697],[126.77335,37.70425],[126.77328,37.70923],[126.78503,37.72089],[126.79365,37.72595],[126.79608,37.72961],[126.79558,37.73356],[126.79357,37.73497],[126.79817,37.73716],[126.80076,37.73528],[126.80134,37.7303],[126.81399,37.72348],[126.82303,37.72881],[126.82608,37.727],[126.83175,37.72881],[126.83413,37.7269],[126.83939,37.72863],[126.84125,37.7315],[126.8544,37.73366],[126.85656,37.73572],[126.85893,37.7334],[126.86495,37.73254],[126.86765,37.72959],[126.87149,37.7293],[126.87343,37.72614],[126.88099,37.72616],[126.8827,37.71931],[126.88614,37.71845],[126.89172,37.7253],[126.90216,37.72843],[126.90088,37.73713],[126.90358,37.7416],[126.9089,37.74485],[126.90879,37.74696],[126.92971,37.74853],[126.932,37.75392],[126.92869,37.75759],[126.93391,37.76758],[126.9328,37.77069],[126.93629,37.77421],[126.93338,37.77994],[126.93812,37.78694],[126.9321,37.78878],[126.92721,37.78508],[126.9146,37.79168],[126.90389,37.79095],[126.90555,37.8021],[126.91191,37.80615],[126.90879,37.81051],[126.91022,37.81648],[126.90231,37.82472],[126.90299,37.82639],[126.91136,37.82864],[126.913,37.83603],[126.91193,37.83846],[126.91393,37.84107],[126.92533,37.84159],[126.92728,37.83805],[126.93649,37.84079],[126.93451,37.84624],[126.93562,37.84939],[126.94634,37.86699],[126.94426,37.87363],[126.94808,37.88465],[126.946,37.88846],[126.94854,37.89675],[126.94673,37.89964],[126.95473,37.91247],[126.9496,37.91897],[126.95633,37.92234],[126.96002,37.92016],[126.96505,37.92824],[126.96482,37.93902],[126.97336,37.94203],[126.97721,37.94553],[126.97912,37.95408],[126.98852,37.96009],[126.99635,37.9732],[127.00644,37.97325],[127.01129,37.97612],[127.0126,37.98457],[127.01704,37.98693],[127.01528,37.99231],[127.00099,37.99625],[126.99215,38.00337],[126.98208,38.00469],[126.96957,38.00333],[126.95246,37.988],[126.94091,37.98239],[126.93568,37.98173],[126.92163,37.98593],[126.89469,37.99945],[126.89116,37.98819],[126.89543,37.9722],[126.89346,37.96803],[126.88776,37.96614],[126.87874,37.96767],[126.87184,37.97115],[126.85494,37.98724],[126.85027,37.98744],[126.84398,37.98501],[126.84023,37.98095],[126.83678,37.96473],[126.82073,37.95746],[126.81754,37.96129],[126.81847,37.96409],[126.81471,37.96822],[126.81252,37.9693],[126.81045,37.96767],[126.80451,37.97075],[126.7985,37.98771],[126.80091,37.992],[126.7964,37.99369],[126.79369,37.99231],[126.78224,37.98046],[126.77586,37.98445],[126.77348,37.984],[126.77182,37.98235],[126.77533,37.98041],[126.7728,37.97835],[126.76312,37.98505],[126.75216,37.98165],[126.74455,37.97422],[126.73996,37.9727],[126.73658,37.96582],[126.72778,37.96868],[126.71939,37.96495],[126.71665,37.96886],[126.71204,37.9684],[126.70948,37.97059],[126.70885,37.97516],[126.70249,37.97432],[126.70066,37.96912],[126.69156,37.96624],[126.68731,37.9572],[126.6813,37.95811],[126.67637,37.95351],[126.67038,37.9557],[126.67237,37.94845],[126.66906,37.9414],[126.67185,37.93971],[126.66756,37.93269],[126.66921,37.92797],[126.66577,37.92205],[126.66592,37.91834],[126.6701,37.91428],[126.68144,37.91558],[126.68457,37.9126],[126.68045,37.91111],[126.67586,37.90618],[126.67737,37.89773],[126.6722,37.88869],[126.67016,37.88796],[126.67448,37.8859],[126.67255,37.88215],[126.67565,37.88164],[126.67649,37.88461],[126.67974,37.88461],[126.67875,37.88152],[126.68206,37.87972],[126.67552,37.87717],[126.67207,37.87799],[126.67523,37.87443],[126.67261,37.87006],[126.68014,37.87034],[126.68345,37.874],[126.69218,37.86843],[126.6799,37.85169],[126.6796,37.84597],[126.67621,37.84398],[126.67101,37.84577],[126.66501,37.84319],[126.66096,37.8436],[126.65935,37.84024],[126.67138,37.83472],[126.67396,37.83105],[126.66605,37.81207],[126.66506,37.79864],[126.66216,37.79015],[126.667,37.78452],[126.67617,37.755],[126.674,37.75001],[126.67739,37.73501],[126.68544,37.7237],[126.68362,37.71339],[126.67655,37.70008]]]}},{"id":"feature_045","type":"Feature","properties":{"시도":"경기도","시군구":"평택시"},"geometry":{"type":"Polygon","coordinates":[[[127.07393,36.93839],[127.08612,36.94781],[127.09601,36.94224],[127.09752,36.94981],[127.1018,36.95383],[127.09638,36.95571],[127.09646,36.95954],[127.11106,36.97088],[127.11582,36.97114],[127.1195,36.96913],[127.12515,36.97524],[127.12451,36.97679],[127.13398,36.9768],[127.13719,36.97849],[127.13641,36.98007],[127.14112,36.97872],[127.13637,36.98472],[127.13061,36.98668],[127.13456,36.98929],[127.13618,36.99337],[127.14478,36.99722],[127.15392,36.99776],[127.14428,37.01401],[127.14537,37.01668],[127.15253,37.02155],[127.15307,37.02947],[127.13719,37.03387],[127.12633,37.03333],[127.12231,37.03506],[127.11694,37.02721],[127.10533,37.03519],[127.10989,37.04077],[127.11477,37.04216],[127.12218,37.05042],[127.12739,37.05252],[127.13062,37.05811],[127.12817,37.06347],[127.1257,37.06469],[127.11847,37.06267],[127.11398,37.06509],[127.10653,37.06493],[127.10231,37.06868],[127.10272,37.073],[127.10482,37.07442],[127.10364,37.07575],[127.12421,37.07754],[127.12639,37.08227],[127.12306,37.09135],[127.10979,37.11741],[127.10867,37.12481],[127.11257,37.12624],[127.11495,37.12974],[127.12062,37.12951],[127.12058,37.1395],[127.1227,37.14451],[127.11413,37.14462],[127.10416,37.14192],[127.10365,37.14357],[127.10035,37.14229],[127.09786,37.13686],[127.0916,37.13728],[127.08774,37.1348],[127.0929,37.12935],[127.08998,37.12992],[127.0862,37.12675],[127.07927,37.12577],[127.07928,37.12816],[127.07304,37.12537],[127.06896,37.12816],[127.06679,37.12673],[127.06637,37.13122],[127.0557,37.13352],[127.05233,37.12962],[127.04525,37.12926],[127.04557,37.12635],[127.03819,37.13178],[127.03852,37.13576],[127.03563,37.13602],[127.0175,37.12992],[127.00537,37.1281],[127.00243,37.12438],[126.9981,37.12309],[127.00239,37.12362],[126.99573,37.1082],[126.99785,37.10445],[126.99704,37.09713],[126.99893,37.09259],[126.99359,37.08958],[126.99173,37.08477],[126.99513,37.07005],[126.98463,37.07165],[126.97554,37.0706],[126.96883,37.07343],[126.9664,37.06911],[126.95137,37.06856],[126.94038,37.06081],[126.93165,37.06269],[126.92865,37.06804],[126.92205,37.0653],[126.91488,37.06577],[126.90577,37.06966],[126.90491,37.07364],[126.89623,37.0685],[126.88376,37.06648],[126.88121,37.05829],[126.85804,37.0261],[126.84693,37.01585],[126.83806,37.01365],[126.79691,37.01206],[126.7976,37.00803],[126.79522,37.00593],[126.77751,37.00195],[126.7799,37.00007],[126.78287,37.00215],[126.78668,36.99784],[126.78359,36.99809],[126.79021,36.99412],[126.79966,36.9994],[126.80808,36.9986],[126.81083,36.99559],[126.82562,36.9952],[126.82729,36.9929],[126.82442,36.99033],[126.82536,36.98713],[126.83885,36.96792],[126.83592,36.96658],[126.84232,36.95741],[126.84402,36.95817],[126.84658,36.95597],[126.84424,36.95381],[126.84988,36.94537],[126.85905,36.95049],[126.86241,36.94885],[126.86547,36.93901],[126.86422,36.93269],[126.88698,36.93609],[126.90062,36.93056],[126.90511,36.92462],[126.90896,36.90491],[126.91706,36.90536],[126.94323,36.918],[126.97285,36.92622],[126.99541,36.93552],[127.01586,36.93446],[127.03173,36.92834],[127.03815,36.93245],[127.04805,36.9335],[127.06064,36.93952],[127.07138,36.94004],[127.07393,36.93839]]]}},{"id":"feature_046","type":"Feature","properties":{"시도":"경기도","시군구":"포천시"},"geometry":{"type":"Polygon","coordinates":[[[127.14671,37.75484],[127.15376,37.7555],[127.16626,37.75294],[127.17556,37.75663],[127.17936,37.76226],[127.18381,37.76469],[127.19092,37.76258],[127.20415,37.76348],[127.20528,37.76124],[127.21265,37.76465],[127.21341,37.76102],[127.22075,37.75792],[127.22163,37.75502],[127.22535,37.75349],[127.23649,37.76219],[127.25973,37.7684],[127.26652,37.78045],[127.2719,37.78865],[127.27083,37.79459],[127.27875,37.80546],[127.2774,37.80882],[127.27923,37.81661],[127.27413,37.82647],[127.27413,37.83052],[127.27903,37.84234],[127.28632,37.84828],[127.28028,37.85464],[127.28491,37.86031],[127.28728,37.86833],[127.29154,37.87414],[127.29617,37.86887],[127.30547,37.86884],[127.3117,37.86614],[127.32236,37.87148],[127.3237,37.88785],[127.32913,37.89431],[127.32739,37.90284],[127.33056,37.90905],[127.32786,37.91241],[127.33089,37.91718],[127.32899,37.92203],[127.33098,37.92591],[127.3384,37.92384],[127.34518,37.92721],[127.35031,37.92233],[127.35583,37.92165],[127.3643,37.92595],[127.38428,37.94354],[127.38491,37.94709],[127.38313,37.94958],[127.37683,37.95293],[127.37973,37.95778],[127.37614,37.96153],[127.38264,37.9697],[127.38245,37.97422],[127.38539,37.97615],[127.38395,37.98111],[127.38666,37.98323],[127.3898,37.98268],[127.39942,37.9894],[127.40529,37.99054],[127.40907,37.9963],[127.41302,37.9978],[127.41828,38.01475],[127.42719,38.02749],[127.42429,38.03094],[127.42491,38.0334],[127.43504,38.03799],[127.44566,38.05098],[127.44668,38.05433],[127.4437,38.05913],[127.44632,38.06439],[127.44694,38.07944],[127.4444,38.09752],[127.44087,38.10838],[127.43057,38.11528],[127.41206,38.10272],[127.406,38.10607],[127.40301,38.11319],[127.38576,38.11426],[127.37809,38.11774],[127.37197,38.11366],[127.3709,38.11004],[127.36445,38.10704],[127.34601,38.10426],[127.33894,38.10136],[127.33739,38.08982],[127.32993,38.09431],[127.32119,38.09522],[127.31248,38.10736],[127.31129,38.11597],[127.30723,38.11936],[127.30274,38.11568],[127.29586,38.11632],[127.29234,38.11408],[127.28819,38.11671],[127.28559,38.11511],[127.2832,38.11648],[127.28195,38.12474],[127.27674,38.12545],[127.27739,38.13249],[127.27555,38.13679],[127.28718,38.15135],[127.28464,38.15775],[127.28752,38.16088],[127.28725,38.16871],[127.29119,38.17233],[127.29635,38.1736],[127.29618,38.1763],[127.28933,38.1769],[127.28312,38.18288],[127.26612,38.1805],[127.26442,38.17828],[127.266,38.17586],[127.26505,38.17352],[127.2585,38.16865],[127.25586,38.16396],[127.23962,38.15454],[127.23389,38.14733],[127.22591,38.14821],[127.22327,38.14686],[127.2237,38.14143],[127.22189,38.13763],[127.21342,38.14338],[127.21177,38.14688],[127.2082,38.14714],[127.20288,38.15341],[127.18999,38.16069],[127.18603,38.17295],[127.1904,38.18886],[127.17938,38.18465],[127.17753,38.17602],[127.17378,38.17113],[127.17394,38.16111],[127.17718,38.15151],[127.17673,38.14652],[127.17291,38.14156],[127.17577,38.12881],[127.17156,38.12156],[127.18428,38.11441],[127.18221,38.10731],[127.18451,38.09223],[127.19225,38.08249],[127.19073,38.07784],[127.18625,38.07431],[127.18662,38.06444],[127.17376,38.06642],[127.16635,38.06135],[127.15696,38.06339],[127.14874,38.0577],[127.14625,38.06273],[127.14768,38.06968],[127.14367,38.07361],[127.13966,38.07138],[127.13826,38.06646],[127.12931,38.06093],[127.11717,38.06065],[127.11229,38.05141],[127.11796,38.04391],[127.11436,38.03998],[127.12254,38.03907],[127.12602,38.03653],[127.13481,38.03918],[127.13779,38.03744],[127.13549,38.02926],[127.13958,38.02613],[127.1392,38.02143],[127.14532,38.01565],[127.14024,38.01148],[127.14051,38.00661],[127.14564,38.00095],[127.14687,37.99564],[127.14482,37.99192],[127.1352,37.98968],[127.1296,37.98386],[127.12078,37.97942],[127.11733,37.98574],[127.11154,37.98931],[127.09119,37.98802],[127.09171,37.97144],[127.09414,37.96801],[127.09257,37.95923],[127.09924,37.95458],[127.09558,37.94902],[127.09605,37.94365],[127.10801,37.93909],[127.1209,37.91703],[127.13284,37.91592],[127.13512,37.91332],[127.14596,37.91187],[127.14786,37.90663],[127.14673,37.9028],[127.15027,37.90058],[127.14966,37.89792],[127.15565,37.89568],[127.14696,37.87603],[127.12856,37.87391],[127.12356,37.86983],[127.12316,37.86716],[127.11368,37.86548],[127.10919,37.85985],[127.11485,37.85034],[127.11715,37.83454],[127.12189,37.82815],[127.12019,37.81736],[127.12209,37.8132],[127.11714,37.80412],[127.11806,37.79996],[127.11639,37.79438],[127.10434,37.77967],[127.11175,37.77891],[127.11541,37.77643],[127.11564,37.77376],[127.12807,37.77184],[127.1291,37.76689],[127.12543,37.7633],[127.13343,37.76229],[127.13966,37.76407],[127.14671,37.75484]]]}},{"id":"feature_047","type":"Feature","properties":{"시도":"경기도","시군구":"하남시"},"geometry":{"type":"Polygon","coordinates":[[[127.18105,37.47329],[127.17584,37.47677],[127.17586,37.48532],[127.18842,37.48027],[127.19804,37.47959],[127.20259,37.48171],[127.20684,37.48031],[127.21573,37.4823],[127.23936,37.47514],[127.24622,37.47782],[127.24826,37.48193],[127.2538,37.48461],[127.2537,37.48646],[127.25896,37.49021],[127.25327,37.50325],[127.25439,37.50596],[127.26856,37.50624],[127.27641,37.50831],[127.28043,37.51295],[127.28758,37.5135],[127.28478,37.52149],[127.2801,37.52571],[127.23842,37.545],[127.23443,37.55206],[127.23364,37.55869],[127.22906,37.56336],[127.22186,37.56467],[127.21967,37.5739],[127.21294,37.57697],[127.20078,37.59036],[127.18338,37.5917],[127.17076,37.58092],[127.16857,37.57895],[127.17767,37.58083],[127.17536,37.57729],[127.18197,37.56094],[127.18139,37.55285],[127.18355,37.54583],[127.16319,37.54502],[127.15355,37.534],[127.15326,37.52933],[127.14776,37.52217],[127.1458,37.52199],[127.14461,37.51696],[127.14466,37.51555],[127.14113,37.51564],[127.14352,37.51269],[127.14113,37.51232],[127.14093,37.5057],[127.15321,37.50275],[127.1536,37.50275],[127.15647,37.5019],[127.15762,37.50309],[127.16138,37.50025],[127.16005,37.4946],[127.15998,37.49422],[127.15764,37.48914],[127.14874,37.48399],[127.1474,37.47722],[127.14424,37.47732],[127.14345,37.4741],[127.15445,37.47369],[127.15436,37.47173],[127.1628,37.47126],[127.16462,37.4691],[127.18105,37.47329]]]}},{"id":"feature_048","type":"Feature","properties":{"시도":"경기도","시군구":"화성시"},"geometry":{"type":"MultiPolygon","coordinates":[[[[126.55741,37.06448],[126.55288,37.05929],[126.55367,37.05835],[126.55929,37.06179],[126.55741,37.06448]]],[[[126.7303,37.07317],[126.7317,37.07223],[126.74251,37.07676],[126.74195,37.08323],[126.73608,37.09308],[126.73581,37.083],[126.7303,37.07317]]],[[[126.53704,37.10894],[126.5391,37.09905],[126.54167,37.10276],[126.54017,37.11181],[126.5375,37.11243],[126.53704,37.10894]]],[[[126.61517,37.11833],[126.6145,37.11965],[126.6128,37.1178],[126.61385,37.11721],[126.61517,37.11833]]],[[[126.63753,37.13998],[126.63881,37.13949],[126.63919,37.14227],[126.63775,37.14354],[126.63731,37.14344],[126.63753,37.13998]]],[[[126.84647,37.26587],[126.83948,37.26955],[126.83561,37.27657],[126.82806,37.27708],[126.82349,37.28644],[126.81932,37.29053],[126.81173,37.2934],[126.80464,37.29318],[126.80449,37.28366],[126.7992,37.279],[126.80361,37.27655],[126.81047,37.26719],[126.79614,37.27092],[126.79011,37.26732],[126.79304,37.25945],[126.78809,37.25517],[126.78936,37.24437],[126.77806,37.24595],[126.7783,37.23925],[126.78641,37.23298],[126.78174,37.23439],[126.77761,37.2379],[126.77518,37.24793],[126.76754,37.24832],[126.76387,37.25281],[126.75701,37.25505],[126.74071,37.25515],[126.73403,37.25035],[126.72782,37.25423],[126.72546,37.25858],[126.71726,37.25611],[126.68917,37.26286],[126.68673,37.26271],[126.68112,37.25722],[126.6798,37.26059],[126.67691,37.26073],[126.6754,37.25743],[126.68028,37.25602],[126.67661,37.24647],[126.66994,37.24285],[126.65498,37.24681],[126.65615,37.24801],[126.65057,37.25418],[126.64808,37.24901],[126.65144,37.2388],[126.65557,37.23476],[126.65763,37.23595],[126.6567,37.2378],[126.66453,37.23679],[126.66477,37.23364],[126.66857,37.22916],[126.67296,37.22958],[126.67738,37.2236],[126.66611,37.21674],[126.66623,37.20864],[126.67272,37.20002],[126.67694,37.20092],[126.67921,37.20718],[126.68418,37.20945],[126.68844,37.20755],[126.69175,37.2143],[126.69916,37.21374],[126.69193,37.20314],[126.67796,37.19761],[126.66918,37.19646],[126.67121,37.19439],[126.662,37.19677],[126.65727,37.19096],[126.65162,37.19165],[126.65515,37.18965],[126.64927,37.18376],[126.65477,37.1828],[126.65451,37.18586],[126.65989,37.19047],[126.66473,37.19147],[126.66973,37.18914],[126.66456,37.18742],[126.66505,37.18331],[126.66086,37.17803],[126.65328,37.18092],[126.66065,37.16211],[126.65785,37.15924],[126.64944,37.15657],[126.65066,37.15362],[126.65904,37.15382],[126.66393,37.15657],[126.67012,37.1557],[126.68261,37.16037],[126.68926,37.16784],[126.68417,37.15968],[126.69073,37.15718],[126.6945,37.15236],[126.68371,37.14974],[126.67901,37.14073],[126.67351,37.13799],[126.6737,37.1347],[126.67744,37.13497],[126.68193,37.12844],[126.68428,37.11871],[126.67791,37.11503],[126.68255,37.11178],[126.68728,37.11263],[126.69238,37.11917],[126.70484,37.12314],[126.70639,37.13104],[126.71378,37.12943],[126.71922,37.132],[126.72191,37.13659],[126.72807,37.13876],[126.73208,37.14642],[126.73114,37.1491],[126.73752,37.14974],[126.74181,37.15283],[126.74825,37.16653],[126.77798,37.16468],[126.79531,37.18136],[126.79711,37.18888],[126.79557,37.17971],[126.792,37.17315],[126.79619,37.17043],[126.7976,37.16245],[126.79499,37.15825],[126.78125,37.15203],[126.79032,37.14955],[126.80045,37.15343],[126.80451,37.15147],[126.80765,37.14435],[126.81539,37.14275],[126.81195,37.13941],[126.80113,37.13865],[126.79576,37.13442],[126.79493,37.12901],[126.78749,37.1298],[126.78682,37.13269],[126.7827,37.13512],[126.7761,37.1323],[126.774,37.1283],[126.76874,37.1279],[126.75981,37.11712],[126.75827,37.11106],[126.76635,37.10372],[126.76982,37.10386],[126.77033,37.10148],[126.76424,37.08651],[126.76277,37.07522],[126.76413,37.06897],[126.76134,37.06808],[126.76289,37.0628],[126.77018,37.06385],[126.76895,37.06014],[126.75659,37.05639],[126.74837,37.04904],[126.74435,37.03919],[126.74882,37.0301],[126.75101,37.02925],[126.78906,37.02917],[126.79456,37.02579],[126.79691,37.01206],[126.83806,37.01365],[126.84693,37.01585],[126.85804,37.0261],[126.88121,37.05829],[126.88376,37.06648],[126.89623,37.0685],[126.90491,37.07364],[126.90577,37.06966],[126.91488,37.06577],[126.92205,37.0653],[126.92865,37.06804],[126.93165,37.06269],[126.94038,37.06081],[126.95137,37.06856],[126.9664,37.06911],[126.96883,37.07343],[126.97554,37.0706],[126.98463,37.07165],[126.99513,37.07005],[126.99173,37.08477],[126.99359,37.08958],[126.99893,37.09259],[126.99704,37.09713],[126.99785,37.10445],[126.99573,37.1082],[127.00239,37.12362],[126.9981,37.12309],[127.00243,37.12438],[127.00537,37.1281],[127.0175,37.12992],[127.03563,37.13602],[127.02982,37.14532],[127.03013,37.14952],[127.02783,37.15379],[127.03049,37.15601],[127.02697,37.16066],[127.0281,37.16312],[127.01905,37.16729],[127.00653,37.16806],[126.99515,37.1757],[126.9965,37.17846],[126.99977,37.17758],[127.00456,37.18041],[127.00243,37.18205],[127.00785,37.187],[127.01104,37.19375],[127.02413,37.19784],[127.02665,37.20042],[127.03689,37.19994],[127.04944,37.19591],[127.06147,37.1994],[127.06497,37.19775],[127.06565,37.19216],[127.06864,37.19062],[127.06532,37.18645],[127.06606,37.18432],[127.07106,37.18404],[127.07214,37.18202],[127.07303,37.17456],[127.07073,37.17392],[127.07127,37.16821],[127.07625,37.16217],[127.09518,37.15851],[127.10365,37.14357],[127.10416,37.14192],[127.11413,37.14462],[127.1227,37.14451],[127.12708,37.14565],[127.12949,37.14875],[127.13059,37.15185],[127.12794,37.16072],[127.13387,37.16493],[127.13301,37.16909],[127.14841,37.16968],[127.16067,37.18036],[127.15908,37.18413],[127.16096,37.19164],[127.15196,37.19911],[127.15777,37.20717],[127.15172,37.21414],[127.1516,37.21854],[127.1443,37.21864],[127.13618,37.21564],[127.11738,37.21996],[127.10465,37.21986],[127.08896,37.21636],[127.08192,37.22015],[127.07456,37.22813],[127.06892,37.22993],[127.06668,37.24015],[127.05256,37.23106],[127.05362,37.23344],[127.05154,37.23436],[127.04595,37.23279],[127.03913,37.23719],[127.04262,37.24675],[127.04069,37.24724],[127.04085,37.24377],[127.0367,37.2384],[127.02964,37.23201],[127.0229,37.22951],[127.02396,37.22718],[127.02137,37.22424],[126.99265,37.23085],[126.98812,37.23359],[126.98036,37.23224],[126.97822,37.22957],[126.97039,37.2292],[126.96695,37.23563],[126.95776,37.23976],[126.95619,37.24677],[126.95337,37.24813],[126.95005,37.25584],[126.94653,37.2575],[126.93513,37.25692],[126.93085,37.26104],[126.92726,37.27143],[126.92868,37.27672],[126.92737,37.2788],[126.91756,37.28539],[126.91385,37.29147],[126.90555,37.28989],[126.89841,37.294],[126.89955,37.2902],[126.89287,37.28645],[126.89091,37.28202],[126.88618,37.28053],[126.87969,37.28567],[126.87667,37.27772],[126.87132,37.27471],[126.85822,37.27418],[126.85272,37.27204],[126.84647,37.26587]]],[[[126.63062,37.17381],[126.62182,37.17898],[126.61845,37.17717],[126.61622,37.17329],[126.61747,37.16179],[126.61447,37.15542],[126.62711,37.16709],[126.63062,37.17381]]],[[[126.65772,37.20206],[126.65866,37.20192],[126.65891,37.20292],[126.65813,37.20296],[126.65772,37.20206]]],[[[126.66076,37.20456],[126.66313,37.20344],[126.66352,37.20488],[126.66214,37.20571],[126.66076,37.20456]]],[[[126.76268,37.26013],[126.76618,37.25942],[126.76647,37.25951],[126.76564,37.26197],[126.76268,37.26013]]],[[[126.66709,37.27454],[126.68002,37.27438],[126.68497,37.28062],[126.67867,37.28368],[126.67286,37.28089],[126.66709,37.27454]]],[[[126.74589,37.28362],[126.74538,37.28799],[126.73942,37.28918],[126.73666,37.28832],[126.73423,37.28309],[126.74491,37.28301],[126.74589,37.28362]]]]}},{"id":"feature_049","type":"Feature","properties":{"시도":"경상남도","시군구":"거제시"},"geometry":{"type":"MultiPolygon","coordinates":[[[[128.61,34.69648],[128.60778,34.69503],[128.60869,34.69207],[128.61187,34.69283],[128.61,34.69648]]],[[[128.59778,34.69508],[128.59901,34.69296],[128.6006,34.69567],[128.59866,34.69587],[128.59778,34.69508]]],[[[128.53093,34.7866],[128.53131,34.78554],[128.5352,34.78731],[128.5332,34.78829],[128.53093,34.7866]]],[[[128.67087,34.78307],[128.67435,34.78573],[128.66694,34.79293],[128.66941,34.79837],[128.66657,34.80124],[128.66988,34.80581],[128.6673,34.81079],[128.67346,34.81335],[128.69157,34.80754],[128.69292,34.80558],[128.68776,34.79964],[128.68794,34.79778],[128.69134,34.79659],[128.69908,34.79736],[128.6995,34.80213],[128.69537,34.80475],[128.69638,34.80694],[128.70807,34.81261],[128.71439,34.80201],[128.71338,34.79964],[128.70927,34.79801],[128.70931,34.79457],[128.72008,34.79177],[128.72792,34.79254],[128.73624,34.78562],[128.74076,34.7867],[128.74067,34.79253],[128.73737,34.79894],[128.73311,34.79989],[128.72768,34.81059],[128.72103,34.81563],[128.7194,34.82484],[128.72587,34.82643],[128.72678,34.82919],[128.72484,34.83354],[128.71903,34.83796],[128.71032,34.82876],[128.70406,34.83189],[128.70129,34.83926],[128.70315,34.8419],[128.71717,34.84946],[128.72036,34.84912],[128.72561,34.84097],[128.73498,34.84274],[128.73656,34.84639],[128.73459,34.85186],[128.73004,34.85301],[128.72958,34.8587],[128.72382,34.86484],[128.72472,34.86689],[128.72928,34.86715],[128.72863,34.86258],[128.73356,34.86195],[128.74417,34.8684],[128.74159,34.87596],[128.73892,34.8783],[128.74497,34.87941],[128.7436,34.88429],[128.7526,34.89429],[128.75083,34.89538],[128.73986,34.885],[128.73575,34.88556],[128.73495,34.89107],[128.73175,34.8917],[128.72941,34.8888],[128.72431,34.88711],[128.72363,34.88212],[128.71791,34.882],[128.71842,34.87722],[128.71455,34.87484],[128.71105,34.87851],[128.69599,34.88135],[128.69812,34.88532],[128.69672,34.89135],[128.70398,34.89131],[128.70739,34.89908],[128.71749,34.90055],[128.71101,34.91142],[128.71327,34.91295],[128.72072,34.90948],[128.72381,34.91369],[128.72402,34.91777],[128.72062,34.91876],[128.71726,34.92479],[128.72001,34.92717],[128.72033,34.93357],[128.7157,34.9364],[128.71906,34.93621],[128.72085,34.93841],[128.71871,34.93943],[128.72024,34.94099],[128.72216,34.93824],[128.72139,34.93578],[128.72623,34.93705],[128.72733,34.94697],[128.71576,34.95744],[128.71539,34.95969],[128.71892,34.96177],[128.71658,34.96472],[128.70676,34.96674],[128.70369,34.97219],[128.7,34.9709],[128.69716,34.97312],[128.69551,34.9807],[128.69788,34.98186],[128.70137,34.99083],[128.70014,34.99248],[128.69468,34.99271],[128.69356,34.99673],[128.70226,34.99875],[128.70432,34.9969],[128.70752,34.99735],[128.70687,35.00106],[128.70154,35.00193],[128.70247,35.00602],[128.70914,35.00876],[128.71069,35.00542],[128.71285,35.00505],[128.71762,35.00913],[128.71757,35.01229],[128.72203,35.01857],[128.72172,35.02373],[128.71855,35.02462],[128.71257,35.03232],[128.70583,35.03188],[128.69947,35.03715],[128.6993,35.03177],[128.69261,35.03092],[128.68688,35.03891],[128.67808,35.04096],[128.67475,35.03997],[128.68422,35.03547],[128.68406,35.03354],[128.67525,35.03237],[128.67502,35.02076],[128.669,35.02643],[128.67149,35.02192],[128.67119,35.01288],[128.66761,35.0112],[128.66706,35.00802],[128.66751,35.00648],[128.67618,35.00384],[128.6797,35.00854],[128.68153,35.00669],[128.68233,35.00167],[128.67316,35.00036],[128.67365,34.99799],[128.6786,34.99609],[128.68157,34.9914],[128.67903,34.98733],[128.67521,34.98892],[128.6712,34.99861],[128.66873,34.99835],[128.66595,34.99443],[128.66564,35.00037],[128.6609,35.00122],[128.66369,34.99794],[128.65866,34.9979],[128.65886,34.9941],[128.66597,34.98964],[128.6554,34.99102],[128.65282,34.98413],[128.65889,34.98237],[128.65785,34.98023],[128.65507,34.97882],[128.64731,34.98071],[128.64835,34.9859],[128.64576,34.99377],[128.64789,34.99495],[128.65155,34.99345],[128.65278,34.99647],[128.64728,34.99688],[128.64653,35.00027],[128.64995,35.00396],[128.65371,35.00487],[128.65281,35.00932],[128.65548,35.01121],[128.6535,35.01755],[128.6486,35.02292],[128.64418,35.013],[128.64035,35.0118],[128.64137,35.01309],[128.63873,35.01573],[128.63649,35.01532],[128.63091,35.00886],[128.63107,35.0051],[128.63459,35.00255],[128.63371,34.99952],[128.61653,34.99911],[128.61528,34.99489],[128.62512,34.99495],[128.6259,34.99277],[128.62197,34.9895],[128.62132,34.98623],[128.61789,34.98483],[128.61566,34.98739],[128.61097,34.98432],[128.61253,34.98044],[128.60867,34.97471],[128.61261,34.97249],[128.61775,34.97468],[128.61917,34.98136],[128.62231,34.98296],[128.62878,34.9756],[128.63041,34.97774],[128.63749,34.97732],[128.64685,34.98034],[128.65018,34.97925],[128.65203,34.97676],[128.65006,34.9769],[128.646,34.96749],[128.6465,34.96274],[128.65046,34.96114],[128.65042,34.95911],[128.6467,34.96129],[128.64383,34.95871],[128.6364,34.96365],[128.63609,34.96588],[128.63142,34.96759],[128.63022,34.96644],[128.63277,34.96418],[128.63179,34.96255],[128.6163,34.96431],[128.60619,34.95825],[128.60901,34.96431],[128.61173,34.96514],[128.61074,34.96835],[128.60607,34.97034],[128.59897,34.96821],[128.59739,34.96552],[128.59944,34.95611],[128.59653,34.95151],[128.59379,34.94951],[128.58821,34.95307],[128.58692,34.94728],[128.58259,34.9484],[128.5855,34.94643],[128.58728,34.94128],[128.59721,34.9364],[128.60361,34.92477],[128.61124,34.92324],[128.60778,34.91517],[128.61234,34.91318],[128.61426,34.91489],[128.61354,34.91652],[128.61543,34.91662],[128.61648,34.90872],[128.62601,34.89815],[128.62397,34.89204],[128.61816,34.89123],[128.61422,34.89487],[128.61445,34.89814],[128.61203,34.90131],[128.60656,34.90019],[128.60703,34.90627],[128.59826,34.90094],[128.59271,34.90364],[128.5929,34.90665],[128.58898,34.90697],[128.58561,34.91409],[128.5707,34.90863],[128.57042,34.9072],[128.57577,34.90394],[128.57603,34.90142],[128.57302,34.89919],[128.56787,34.89938],[128.55995,34.90235],[128.55524,34.90691],[128.54782,34.90839],[128.54093,34.91745],[128.52725,34.92377],[128.51826,34.91511],[128.51504,34.91509],[128.5163,34.9115],[128.51407,34.90913],[128.50724,34.90783],[128.50286,34.91108],[128.49959,34.91091],[128.50573,34.90659],[128.50645,34.90389],[128.49687,34.90737],[128.49766,34.90299],[128.50116,34.90224],[128.49829,34.89849],[128.49431,34.90148],[128.49168,34.9006],[128.49048,34.89638],[128.4839,34.88814],[128.47944,34.88699],[128.4758,34.883],[128.47599,34.87934],[128.47243,34.8775],[128.47172,34.87267],[128.47574,34.86846],[128.47577,34.85566],[128.48137,34.85534],[128.47834,34.84894],[128.48182,34.84036],[128.49322,34.83622],[128.49663,34.8328],[128.50799,34.83765],[128.50141,34.83319],[128.50302,34.82818],[128.50055,34.82541],[128.50163,34.82255],[128.50914,34.8177],[128.51049,34.80894],[128.51652,34.80811],[128.52392,34.81658],[128.51943,34.82242],[128.52228,34.82391],[128.52846,34.82122],[128.52681,34.82558],[128.52111,34.8268],[128.52783,34.82953],[128.52364,34.83119],[128.52425,34.83242],[128.53381,34.83356],[128.53283,34.83137],[128.53653,34.8291],[128.53904,34.83123],[128.5379,34.8341],[128.5405,34.83581],[128.54321,34.83372],[128.56334,34.8327],[128.5632,34.84363],[128.56735,34.84612],[128.57317,34.85421],[128.57792,34.85369],[128.58863,34.84693],[128.58722,34.84097],[128.58158,34.84427],[128.57586,34.84334],[128.58459,34.83892],[128.58623,34.83198],[128.59286,34.82738],[128.59506,34.82862],[128.59501,34.8263],[128.58545,34.82064],[128.58359,34.81718],[128.58496,34.80838],[128.58183,34.80548],[128.58448,34.80353],[128.5836,34.79743],[128.57907,34.79443],[128.56422,34.79284],[128.56252,34.79107],[128.55083,34.79416],[128.54805,34.78915],[128.53807,34.78822],[128.5398,34.78504],[128.54222,34.78501],[128.53991,34.77745],[128.54306,34.77489],[128.55524,34.78431],[128.55687,34.78924],[128.56855,34.78583],[128.56075,34.77845],[128.55527,34.77894],[128.55188,34.7753],[128.55452,34.76642],[128.56396,34.76567],[128.56801,34.77078],[128.56729,34.77289],[128.57358,34.7745],[128.57569,34.77826],[128.58176,34.77513],[128.59701,34.77746],[128.59075,34.77048],[128.60108,34.76674],[128.60068,34.76456],[128.59928,34.76323],[128.59071,34.76469],[128.58727,34.7618],[128.58368,34.76509],[128.57896,34.76206],[128.58178,34.75652],[128.57752,34.75356],[128.57682,34.74105],[128.58599,34.73685],[128.59075,34.73786],[128.59545,34.73516],[128.60041,34.73668],[128.6056,34.73533],[128.60689,34.73135],[128.60441,34.73093],[128.60333,34.72664],[128.59349,34.72353],[128.58316,34.72336],[128.58753,34.71758],[128.58658,34.71571],[128.58028,34.71609],[128.5788,34.71012],[128.57552,34.70625],[128.57663,34.70193],[128.58204,34.70284],[128.58531,34.70672],[128.59073,34.70854],[128.59747,34.70724],[128.59968,34.70359],[128.61023,34.70112],[128.6158,34.70534],[128.61882,34.70553],[128.6213,34.71122],[128.62554,34.71305],[128.63308,34.70911],[128.63756,34.70905],[128.6421,34.71238],[128.64161,34.71525],[128.63138,34.72021],[128.62791,34.72932],[128.62529,34.73086],[128.6219,34.7306],[128.6225,34.72849],[128.62097,34.72964],[128.62156,34.73212],[128.62561,34.73357],[128.62731,34.73634],[128.62984,34.73472],[128.62752,34.73279],[128.62864,34.72985],[128.63889,34.73513],[128.65166,34.73378],[128.65378,34.73933],[128.65543,34.7393],[128.65601,34.73666],[128.66206,34.73718],[128.66649,34.73501],[128.67091,34.73864],[128.67147,34.73042],[128.67627,34.72801],[128.67579,34.73624],[128.67764,34.73742],[128.68296,34.73607],[128.68359,34.73775],[128.67751,34.74398],[128.66851,34.74579],[128.66211,34.74218],[128.65289,34.74274],[128.64744,34.74711],[128.64988,34.75078],[128.63832,34.763],[128.64132,34.77351],[128.64625,34.77822],[128.64895,34.77901],[128.65776,34.77402],[128.66482,34.77905],[128.67005,34.7801],[128.67087,34.78307]]],[[[128.52846,34.80235],[128.53508,34.80314],[128.54072,34.807],[128.54684,34.81649],[128.5469,34.8234],[128.54185,34.82522],[128.53424,34.82255],[128.53014,34.81339],[128.52635,34.81148],[128.52846,34.80235]]],[[[128.47351,34.83257],[128.46556,34.83507],[128.46346,34.83274],[128.46287,34.8272],[128.46854,34.82559],[128.47133,34.82167],[128.47642,34.82065],[128.4795,34.82501],[128.47056,34.82949],[128.47351,34.83257]]],[[[128.49326,34.82815],[128.49687,34.82885],[128.49682,34.83147],[128.4941,34.83164],[128.49326,34.82815]]],[[[128.45554,34.83654],[128.45967,34.83692],[128.46228,34.83866],[128.45631,34.83795],[128.45554,34.83654]]],[[[128.48099,34.89571],[128.48501,34.89453],[128.486,34.8956],[128.48386,34.89736],[128.48099,34.89571]]],[[[128.56305,34.91448],[128.56371,34.91199],[128.56569,34.91167],[128.56437,34.91515],[128.56305,34.91448]]],[[[128.52585,34.93773],[128.52662,34.93962],[128.53287,34.93733],[128.5348,34.9418],[128.52648,34.947],[128.5223,34.95603],[128.53237,34.96032],[128.53692,34.96601],[128.53697,34.9689],[128.53251,34.97292],[128.51851,34.97606],[128.51153,34.96408],[128.51699,34.95884],[128.51778,34.9516],[128.51488,34.94989],[128.51741,34.94639],[128.51134,34.94372],[128.51168,34.94174],[128.5192,34.93358],[128.51822,34.93009],[128.52246,34.92981],[128.52483,34.9275],[128.53021,34.92872],[128.53117,34.93069],[128.52904,34.93513],[128.52598,34.93468],[128.52585,34.93773]]],[[[128.61595,34.68237],[128.62423,34.68294],[128.62469,34.68567],[128.61468,34.68509],[128.61595,34.68237]]],[[[128.61925,34.68924],[128.61782,34.68934],[128.61513,34.68744],[128.61649,34.68658],[128.61925,34.68924]]],[[[128.61062,34.69941],[128.60908,34.69889],[128.61269,34.69812],[128.61285,34.69867],[128.61062,34.69941]]],[[[128.64371,34.71044],[128.64708,34.70939],[128.64898,34.70985],[128.64503,34.7117],[128.64371,34.71044]]],[[[128.68208,34.7344],[128.68379,34.72919],[128.68579,34.73141],[128.68583,34.73622],[128.68208,34.7344]]],[[[128.68027,34.80465],[128.68074,34.80457],[128.6833,34.80537],[128.68067,34.80725],[128.68027,34.80465]]],[[[128.63019,34.97174],[128.63347,34.97169],[128.63614,34.97694],[128.63,34.97324],[128.63019,34.97174]]],[[[128.62887,35.00764],[128.62399,35.00975],[128.61971,35.0158],[128.61589,35.01598],[128.61364,35.01402],[128.61364,35.01137],[128.61898,35.00836],[128.62472,35.00777],[128.62748,35.00534],[128.62958,35.00594],[128.62887,35.00764]]],[[[128.63791,35.0192],[128.64021,35.01527],[128.64201,35.01652],[128.64175,35.02121],[128.63791,35.0192]]],[[[128.70993,34.76793],[128.71621,34.76751],[128.71802,34.7692],[128.71007,34.77267],[128.70993,34.76793]]],[[[128.7162,34.78698],[128.71813,34.78851],[128.71443,34.79014],[128.71071,34.78738],[128.71244,34.78126],[128.71694,34.78127],[128.7162,34.78698]]],[[[128.75455,34.82505],[128.75496,34.8266],[128.75314,34.8266],[128.74991,34.82451],[128.74588,34.81441],[128.75344,34.81715],[128.75148,34.81944],[128.75455,34.82505]]],[[[128.72856,34.97046],[128.72562,34.97142],[128.72469,34.96823],[128.72964,34.96473],[128.73637,34.96763],[128.73247,34.97019],[128.72856,34.97046]]],[[[128.72559,35.02697],[128.72407,35.02435],[128.72854,35.02534],[128.72834,35.02619],[128.72559,35.02697]]],[[[128.71566,35.03926],[128.71668,35.03804],[128.71887,35.03931],[128.7168,35.04051],[128.71566,35.03926]]]]}},{"id":"feature_050","type":"Feature","properties":{"시도":"경상남도","시군구":"거창군"},"geometry":{"type":"Polygon","coordinates":[[[127.67903,35.76927],[127.68639,35.76174],[127.69065,35.76177],[127.70165,35.75572],[127.71179,35.74352],[127.71274,35.73476],[127.71491,35.73116],[127.72929,35.72094],[127.73411,35.71899],[127.73769,35.72407],[127.74147,35.72434],[127.74795,35.73089],[127.75506,35.73354],[127.76114,35.73081],[127.76401,35.72114],[127.7769,35.71298],[127.78446,35.7053],[127.79536,35.70421],[127.80107,35.69607],[127.80329,35.6859],[127.81125,35.68555],[127.81235,35.68124],[127.82144,35.67227],[127.82221,35.6693],[127.83061,35.67],[127.83356,35.66861],[127.83363,35.66326],[127.83592,35.66058],[127.84586,35.65681],[127.85796,35.65791],[127.86203,35.65939],[127.8646,35.6664],[127.86889,35.67049],[127.87687,35.66935],[127.87499,35.6614],[127.8765,35.65829],[127.87428,35.65187],[127.87723,35.63942],[127.87078,35.63413],[127.87186,35.62182],[127.86323,35.6113],[127.86422,35.60836],[127.86195,35.60532],[127.85305,35.59662],[127.84726,35.59489],[127.84338,35.58778],[127.83513,35.58307],[127.83619,35.57693],[127.85045,35.57749],[127.85632,35.56942],[127.86301,35.57618],[127.86993,35.575],[127.87481,35.5678],[127.87464,35.56526],[127.86937,35.55949],[127.87215,35.55264],[127.87756,35.55051],[127.87574,35.54018],[127.87296,35.53597],[127.88053,35.53172],[127.87927,35.52735],[127.88772,35.53142],[127.8949,35.53051],[127.90195,35.53455],[127.91324,35.52577],[127.92137,35.52374],[127.92019,35.52007],[127.92512,35.51533],[127.94083,35.51446],[127.94959,35.5187],[127.95982,35.51858],[127.95862,35.5238],[127.95356,35.52982],[127.95505,35.54992],[127.97211,35.55585],[127.97641,35.56319],[127.97951,35.56352],[127.98094,35.56629],[127.97916,35.5738],[127.98073,35.58011],[127.98324,35.58464],[127.9876,35.58594],[127.98834,35.58951],[127.98861,35.59464],[127.98514,35.59635],[127.9827,35.60221],[127.9848,35.60873],[127.99783,35.61127],[127.99783,35.62815],[128.00033,35.62947],[128.00034,35.63257],[128.00526,35.6373],[128.01793,35.64333],[128.02095,35.65215],[128.04361,35.66033],[128.04564,35.66697],[128.04445,35.67426],[128.05035,35.67815],[128.06668,35.68276],[128.07285,35.67303],[128.07782,35.67967],[128.08991,35.68142],[128.09329,35.68545],[128.09507,35.69046],[128.08084,35.69566],[128.07546,35.6998],[128.073,35.71867],[128.06786,35.72285],[128.06119,35.72393],[128.05451,35.74106],[128.0487,35.74538],[128.04418,35.75217],[128.05125,35.76114],[128.04946,35.76926],[128.0527,35.77467],[128.05093,35.77783],[128.04024,35.78012],[128.03564,35.78614],[128.03807,35.79108],[128.04704,35.79544],[128.04978,35.80244],[128.05373,35.8056],[128.06855,35.80642],[128.07523,35.81321],[128.08495,35.81696],[128.08455,35.82252],[128.09068,35.83081],[128.08484,35.83658],[128.07871,35.83893],[128.07041,35.84069],[128.06145,35.83449],[128.05325,35.83279],[128.05084,35.82926],[128.031,35.83575],[128.02469,35.83292],[128.01983,35.83298],[128.01214,35.82886],[128.0045,35.83542],[127.99741,35.83775],[127.98537,35.85739],[127.98181,35.8589],[127.97327,35.85081],[127.96346,35.85499],[127.95921,35.86013],[127.95083,35.86125],[127.94234,35.85431],[127.92952,35.85639],[127.92615,35.85539],[127.92742,35.85832],[127.93193,35.85921],[127.93313,35.86333],[127.92951,35.87144],[127.9305,35.87816],[127.92812,35.88114],[127.92328,35.88219],[127.91887,35.88959],[127.92025,35.89286],[127.8933,35.88659],[127.89039,35.89069],[127.88486,35.89302],[127.88306,35.89929],[127.88459,35.90515],[127.88893,35.90981],[127.88761,35.91458],[127.8824,35.91308],[127.87723,35.9075],[127.87093,35.90464],[127.85954,35.90649],[127.85827,35.89702],[127.85075,35.89005],[127.8528,35.88073],[127.84513,35.87633],[127.84358,35.86907],[127.84094,35.86687],[127.83088,35.86974],[127.82533,35.86843],[127.81401,35.85672],[127.81273,35.85283],[127.80387,35.85718],[127.7993,35.85382],[127.78049,35.84826],[127.77215,35.83893],[127.75839,35.83669],[127.74441,35.84433],[127.73808,35.83513],[127.73865,35.82697],[127.7326,35.82084],[127.73041,35.81365],[127.72539,35.81311],[127.72338,35.81061],[127.72385,35.80459],[127.72042,35.80128],[127.71928,35.79706],[127.71035,35.79162],[127.70652,35.79186],[127.69965,35.78822],[127.68499,35.77785],[127.67903,35.76927]]]}},{"id":"feature_051","type":"Feature","properties":{"시도":"경상남도","시군구":"고성군"},"geometry":{"type":"MultiPolygon","coordinates":[[[[128.17884,34.88452],[128.18163,34.88439],[128.18227,34.88943],[128.17794,34.8921],[128.17604,34.88645],[128.17884,34.88452]]],[[[128.25494,34.8945],[128.25198,34.89696],[128.24952,34.89409],[128.25209,34.89095],[128.25494,34.8945]]],[[[128.20664,34.90707],[128.20787,34.9068],[128.20818,34.90914],[128.20668,34.9091],[128.20664,34.90707]]],[[[128.20806,34.92069],[128.20776,34.92223],[128.2062,34.92203],[128.20661,34.9191],[128.20806,34.92069]]],[[[128.21753,34.92693],[128.22324,34.92277],[128.22737,34.92859],[128.22728,34.93341],[128.22086,34.93289],[128.2204,34.92847],[128.21753,34.92693]]],[[[128.26194,34.92828],[128.26378,34.93057],[128.26288,34.93407],[128.26126,34.93387],[128.26071,34.93096],[128.26194,34.92828]]],[[[128.20022,34.93205],[128.20389,34.93169],[128.20206,34.93394],[128.19957,34.93368],[128.20022,34.93205]]],[[[128.24954,34.93455],[128.25069,34.9333],[128.25256,34.93518],[128.25078,34.9369],[128.24954,34.93455]]],[[[128.1194,34.92189],[128.11671,34.92086],[128.11209,34.92305],[128.10332,34.91921],[128.10245,34.91417],[128.10859,34.90695],[128.11753,34.90352],[128.1218,34.90442],[128.12695,34.89409],[128.13273,34.88773],[128.14074,34.89288],[128.14173,34.90252],[128.14612,34.89851],[128.15066,34.8987],[128.14667,34.90457],[128.15215,34.90359],[128.15628,34.90845],[128.15938,34.90687],[128.15941,34.90266],[128.16192,34.89914],[128.16468,34.89833],[128.1658,34.90173],[128.16873,34.90172],[128.16988,34.89633],[128.17486,34.89596],[128.17464,34.90247],[128.17244,34.90321],[128.17469,34.90566],[128.17814,34.90361],[128.17761,34.8999],[128.18434,34.89476],[128.18679,34.90542],[128.18898,34.90396],[128.18646,34.89904],[128.18749,34.89343],[128.20248,34.89415],[128.20354,34.89926],[128.20017,34.90153],[128.19687,34.91252],[128.20436,34.92491],[128.19899,34.93395],[128.19567,34.93601],[128.20319,34.9402],[128.20907,34.93594],[128.21166,34.93967],[128.21046,34.94166],[128.21304,34.94264],[128.21802,34.93913],[128.21904,34.94468],[128.22256,34.94627],[128.22707,34.94083],[128.23421,34.94221],[128.23792,34.94002],[128.23908,34.94356],[128.24531,34.9439],[128.24371,34.94017],[128.24519,34.93579],[128.24867,34.93727],[128.2482,34.94281],[128.2495,34.9434],[128.25715,34.93587],[128.25952,34.94011],[128.26403,34.93696],[128.26711,34.93944],[128.27001,34.93496],[128.26855,34.92997],[128.26412,34.92722],[128.26111,34.92748],[128.2581,34.93114],[128.25738,34.92931],[128.26108,34.9258],[128.26076,34.92292],[128.26764,34.91834],[128.26569,34.91199],[128.27407,34.91012],[128.27439,34.90631],[128.27071,34.90475],[128.27056,34.89982],[128.2728,34.89942],[128.27403,34.90311],[128.28314,34.90436],[128.28119,34.90893],[128.28192,34.91564],[128.28874,34.90974],[128.29537,34.91082],[128.29604,34.91395],[128.30055,34.91214],[128.30195,34.91705],[128.30524,34.91875],[128.3045,34.92131],[128.30279,34.92127],[128.29999,34.93579],[128.30833,34.93698],[128.30817,34.94153],[128.3096,34.93889],[128.31449,34.93794],[128.31456,34.94255],[128.32081,34.94402],[128.31777,34.96143],[128.33161,34.95374],[128.32981,34.94787],[128.3339,34.94447],[128.34047,34.94836],[128.34179,34.94067],[128.33534,34.93601],[128.33764,34.93565],[128.34256,34.9391],[128.34416,34.93735],[128.35062,34.94104],[128.36719,34.94559],[128.38272,34.94742],[128.38625,34.95097],[128.39112,34.95181],[128.38896,34.96084],[128.39285,34.96365],[128.40034,34.96408],[128.40122,34.97092],[128.41579,34.96666],[128.4239,34.97547],[128.43216,34.97654],[128.44294,34.97281],[128.44378,34.97774],[128.44127,34.98278],[128.43438,34.98507],[128.41779,34.98678],[128.40821,34.98285],[128.40572,34.98645],[128.40793,34.98883],[128.4078,34.99383],[128.41521,34.99632],[128.42263,34.99286],[128.43925,34.99366],[128.45897,34.99058],[128.46328,34.98737],[128.46771,34.98916],[128.46895,34.9923],[128.46554,34.99718],[128.46796,34.99741],[128.47303,34.99325],[128.47856,34.99259],[128.48054,34.99554],[128.47713,34.99783],[128.48479,34.99899],[128.48429,35.01084],[128.48646,35.01133],[128.48823,35.00715],[128.49213,35.00505],[128.49705,35.01025],[128.49603,35.01171],[128.50283,35.01434],[128.50345,35.01744],[128.50165,35.0203],[128.48902,35.02436],[128.4816,35.02936],[128.48577,35.03321],[128.48635,35.03864],[128.47483,35.04189],[128.47383,35.03556],[128.4716,35.04094],[128.45957,35.04756],[128.46183,35.04968],[128.47942,35.04679],[128.48243,35.05293],[128.47541,35.0554],[128.47997,35.0593],[128.48019,35.06273],[128.4827,35.06323],[128.48202,35.06608],[128.47519,35.06596],[128.47749,35.06871],[128.46917,35.07608],[128.46721,35.07459],[128.46824,35.06883],[128.46149,35.06481],[128.45916,35.06497],[128.45659,35.06963],[128.45232,35.07166],[128.44518,35.06818],[128.44198,35.06022],[128.44628,35.0534],[128.45036,35.05183],[128.43842,35.04993],[128.43763,35.04597],[128.43316,35.04794],[128.42788,35.04509],[128.42444,35.04586],[128.41779,35.04303],[128.40662,35.04345],[128.3992,35.04071],[128.38917,35.03507],[128.38862,35.01717],[128.3824,35.01872],[128.37353,35.01541],[128.36754,35.01624],[128.35924,35.00872],[128.35499,35.00964],[128.35818,35.01605],[128.36291,35.01767],[128.36918,35.02341],[128.37199,35.02404],[128.37405,35.02171],[128.37528,35.02443],[128.37112,35.02573],[128.36946,35.03123],[128.37408,35.02972],[128.37734,35.03375],[128.38226,35.03534],[128.3802,35.03958],[128.37652,35.03899],[128.37273,35.04204],[128.3741,35.04332],[128.37344,35.04964],[128.38052,35.04872],[128.3831,35.04588],[128.38395,35.05056],[128.40096,35.05457],[128.4031,35.05833],[128.40976,35.05837],[128.41172,35.06177],[128.41529,35.0621],[128.41738,35.05989],[128.41464,35.05725],[128.41524,35.05524],[128.41931,35.05473],[128.42103,35.0577],[128.42242,35.05629],[128.42737,35.07088],[128.42497,35.07582],[128.42822,35.08339],[128.42696,35.0866],[128.41128,35.09266],[128.39982,35.09042],[128.40111,35.08565],[128.39951,35.08361],[128.39245,35.08803],[128.38998,35.09872],[128.38633,35.1026],[128.37302,35.10975],[128.3575,35.10889],[128.35024,35.1118],[128.3538,35.11844],[128.34795,35.12684],[128.33825,35.12792],[128.33387,35.12471],[128.32808,35.12435],[128.32229,35.1296],[128.31594,35.12955],[128.30919,35.12546],[128.30405,35.1271],[128.29986,35.12551],[128.28896,35.13141],[128.26957,35.13172],[128.26391,35.12706],[128.24737,35.12847],[128.24118,35.12651],[128.24288,35.12553],[128.24146,35.12091],[128.23435,35.11696],[128.22868,35.11699],[128.22712,35.1139],[128.21093,35.11512],[128.20016,35.10772],[128.19831,35.10357],[128.20087,35.10019],[128.19721,35.09605],[128.19088,35.09748],[128.18737,35.08854],[128.19056,35.07669],[128.21003,35.07575],[128.21124,35.07372],[128.19721,35.06596],[128.18889,35.05311],[128.18456,35.0503],[128.17999,35.03829],[128.17259,35.03111],[128.16531,35.02997],[128.16273,35.02756],[128.158,35.00814],[128.17016,34.98453],[128.16627,34.98326],[128.15499,34.99023],[128.14821,34.99131],[128.14348,34.98938],[128.13352,34.97915],[128.13529,34.96759],[128.13408,34.96307],[128.12317,34.94901],[128.12412,34.94343],[128.12261,34.93876],[128.11433,34.93374],[128.1194,34.92189]]],[[[128.23696,34.93769],[128.23835,34.93569],[128.23865,34.93948],[128.23716,34.93923],[128.23696,34.93769]]],[[[128.27934,34.89082],[128.28145,34.89095],[128.28047,34.89391],[128.28009,34.89382],[128.27934,34.89082]]],[[[128.26091,34.91703],[128.26236,34.91548],[128.26368,34.91595],[128.2619,34.91872],[128.26091,34.91703]]],[[[128.3101,34.92234],[128.31227,34.92142],[128.30828,34.92662],[128.3087,34.92421],[128.3101,34.92234]]],[[[128.32424,34.9417],[128.32706,34.94264],[128.32665,34.94398],[128.32517,34.94347],[128.32424,34.9417]]]]}},{"id":"feature_052","type":"Feature","properties":{"시도":"경상남도","시군구":"김해시"},"geometry":{"type":"Polygon","coordinates":[[[128.79362,35.15705],[128.80596,35.1605],[128.80863,35.15899],[128.81586,35.16038],[128.82584,35.15578],[128.83744,35.15925],[128.84336,35.15799],[128.84666,35.16528],[128.86369,35.16743],[128.86611,35.16684],[128.86545,35.15792],[128.87045,35.1521],[128.87479,35.15173],[128.87448,35.1598],[128.87926,35.16199],[128.87602,35.16565],[128.87577,35.17051],[128.87235,35.17227],[128.87362,35.17436],[128.8802,35.17203],[128.88156,35.18294],[128.87602,35.18818],[128.87619,35.19291],[128.87039,35.20171],[128.88414,35.21368],[128.88912,35.21478],[128.8966,35.21311],[128.91023,35.21502],[128.90505,35.22007],[128.90953,35.22309],[128.90889,35.22056],[128.9103,35.22293],[128.91239,35.22256],[128.91663,35.21696],[128.92349,35.21605],[128.93686,35.22493],[128.94483,35.22792],[128.95246,35.22432],[128.95948,35.22508],[128.98002,35.22834],[128.99761,35.23439],[129.01098,35.26162],[129.01261,35.27328],[129.00858,35.28093],[129.00294,35.286],[128.98732,35.2932],[128.98249,35.2973],[128.97417,35.31036],[128.96753,35.32973],[128.9434,35.33862],[128.9311,35.35124],[128.9168,35.36217],[128.9065,35.3652],[128.89201,35.36459],[128.88376,35.3667],[128.87677,35.3716],[128.87254,35.38052],[128.87137,35.38827],[128.86744,35.39349],[128.86279,35.39509],[128.85468,35.39384],[128.83385,35.38375],[128.81139,35.38021],[128.79969,35.37255],[128.79719,35.36936],[128.79862,35.35607],[128.78936,35.34645],[128.78332,35.34474],[128.77082,35.34808],[128.76218,35.34739],[128.75465,35.33542],[128.7521,35.33462],[128.75293,35.33747],[128.75022,35.3399],[128.75007,35.33227],[128.74186,35.33139],[128.74265,35.32155],[128.73929,35.31734],[128.73302,35.31569],[128.71774,35.32561],[128.71362,35.32269],[128.71366,35.31843],[128.71149,35.31531],[128.71242,35.31254],[128.71675,35.31002],[128.70938,35.30882],[128.69689,35.31042],[128.69444,35.30667],[128.69956,35.29441],[128.70353,35.29147],[128.70574,35.28668],[128.70485,35.28218],[128.71157,35.26965],[128.71126,35.26327],[128.7193,35.24343],[128.72165,35.24444],[128.7246,35.24062],[128.72336,35.22967],[128.72048,35.22608],[128.7248,35.21147],[128.72975,35.206],[128.73653,35.20452],[128.74522,35.20574],[128.75145,35.20123],[128.75203,35.19468],[128.74756,35.19211],[128.74453,35.18451],[128.74119,35.16701],[128.75016,35.16774],[128.75599,35.16602],[128.75793,35.16815],[128.7628,35.16839],[128.77678,35.15932],[128.79362,35.15705]]]}},{"id":"feature_053","type":"Feature","properties":{"시도":"경상남도","시군구":"남해군"},"geometry":{"type":"MultiPolygon","coordinates":[[[[127.99565,34.70311],[127.99806,34.70336],[127.99782,34.70567],[127.9954,34.70557],[127.99565,34.70311]]],[[[127.93847,34.72357],[127.9424,34.72315],[127.94345,34.72468],[127.94308,34.72913],[127.94023,34.73153],[127.93534,34.73089],[127.9333,34.72807],[127.93847,34.72357]]],[[[128.00795,34.72125],[128.01396,34.72397],[128.02063,34.7229],[128.02571,34.71913],[128.02055,34.7092],[128.02188,34.70674],[128.01898,34.7039],[128.02021,34.7012],[128.02484,34.70049],[128.02809,34.70344],[128.02611,34.70595],[128.02897,34.7079],[128.03652,34.70743],[128.03709,34.70585],[128.03489,34.70587],[128.0362,34.70274],[128.04358,34.70219],[128.04834,34.70497],[128.04538,34.70399],[128.04275,34.70655],[128.04669,34.70844],[128.04844,34.70657],[128.05315,34.70787],[128.05346,34.71148],[128.06003,34.70929],[128.05358,34.71515],[128.04556,34.71363],[128.04191,34.71893],[128.0347,34.7238],[128.03674,34.72557],[128.03595,34.73146],[128.0426,34.73783],[128.0504,34.73955],[128.049,34.74239],[128.05696,34.74541],[128.05898,34.75133],[128.05449,34.75535],[128.05467,34.76966],[128.0503,34.77377],[128.04891,34.78093],[128.05099,34.78489],[128.05633,34.788],[128.05905,34.79432],[128.05589,34.79257],[128.05178,34.79438],[128.05238,34.79977],[128.05543,34.80182],[128.0616,34.79945],[128.06512,34.80048],[128.06213,34.80623],[128.06602,34.81219],[128.06349,34.81536],[128.06669,34.81818],[128.06229,34.8187],[128.06056,34.82187],[128.05601,34.82193],[128.049,34.82616],[128.03235,34.83042],[128.03005,34.83477],[128.01886,34.83335],[128.01945,34.83037],[127.992,34.83339],[127.9763,34.82552],[127.97439,34.82244],[127.97839,34.82054],[127.97154,34.81787],[127.97091,34.81605],[127.95841,34.81361],[127.96401,34.81147],[127.96579,34.8087],[127.95438,34.80525],[127.94507,34.80926],[127.94139,34.81572],[127.94209,34.82544],[127.9445,34.82914],[127.94044,34.82788],[127.93201,34.83352],[127.92427,34.83066],[127.92147,34.83508],[127.91739,34.83551],[127.9144,34.84995],[127.90852,34.85216],[127.90271,34.86045],[127.89787,34.8749],[127.90199,34.87838],[127.90097,34.88217],[127.90267,34.88456],[127.90449,34.88448],[127.90528,34.88185],[127.9107,34.88347],[127.9098,34.88579],[127.91371,34.88874],[127.91634,34.8877],[127.92606,34.89081],[127.92289,34.8994],[127.92901,34.90654],[127.92799,34.90911],[127.93028,34.9146],[127.94019,34.91095],[127.93974,34.91264],[127.93018,34.91541],[127.92862,34.92072],[127.92406,34.92647],[127.92593,34.92758],[127.93067,34.92483],[127.92758,34.92826],[127.9276,34.93273],[127.92457,34.93062],[127.92091,34.93355],[127.92564,34.94053],[127.91983,34.94261],[127.91597,34.9389],[127.91298,34.94182],[127.90874,34.93873],[127.90742,34.94318],[127.90543,34.94102],[127.90247,34.94148],[127.89542,34.94641],[127.89089,34.94713],[127.87334,34.94123],[127.87041,34.94233],[127.86453,34.93645],[127.8655,34.93215],[127.85705,34.93367],[127.85649,34.93171],[127.85901,34.92951],[127.85351,34.92696],[127.85891,34.92156],[127.85349,34.92181],[127.84989,34.91409],[127.85616,34.91422],[127.85668,34.91284],[127.8511,34.91014],[127.85771,34.90895],[127.86433,34.904],[127.86205,34.90145],[127.85396,34.9031],[127.84728,34.90103],[127.84445,34.90175],[127.84415,34.90478],[127.84156,34.90678],[127.84207,34.89835],[127.831,34.90008],[127.83164,34.90226],[127.82558,34.90331],[127.8256,34.89925],[127.82784,34.90109],[127.83097,34.89547],[127.82741,34.89414],[127.82407,34.89649],[127.82398,34.89411],[127.83308,34.8923],[127.83152,34.8883],[127.82427,34.88398],[127.82463,34.88227],[127.82963,34.88036],[127.82673,34.87415],[127.8188,34.87646],[127.81611,34.87259],[127.81605,34.86666],[127.81272,34.86404],[127.81055,34.86522],[127.80974,34.85961],[127.8065,34.85738],[127.80904,34.85611],[127.80722,34.85347],[127.81237,34.84788],[127.81272,34.83543],[127.82118,34.82134],[127.82777,34.8166],[127.82782,34.811],[127.83254,34.81108],[127.83343,34.80849],[127.83114,34.80821],[127.83237,34.80339],[127.83537,34.80158],[127.8339,34.79621],[127.83538,34.79231],[127.84492,34.78725],[127.84631,34.78507],[127.84456,34.77983],[127.84857,34.77747],[127.85203,34.76926],[127.84054,34.76747],[127.84347,34.76313],[127.84179,34.75792],[127.83526,34.75662],[127.83618,34.7503],[127.84283,34.74956],[127.84557,34.74689],[127.84914,34.74967],[127.85287,34.74719],[127.85521,34.7411],[127.85086,34.73772],[127.85557,34.73465],[127.85807,34.73656],[127.86177,34.7318],[127.85886,34.73095],[127.85684,34.72751],[127.87447,34.72678],[127.89158,34.72134],[127.89359,34.72407],[127.90602,34.72719],[127.9128,34.73629],[127.91326,34.7408],[127.91012,34.74413],[127.90902,34.75065],[127.9054,34.75438],[127.90689,34.75762],[127.90308,34.763],[127.90414,34.76567],[127.91133,34.76894],[127.91826,34.76885],[127.91979,34.77153],[127.92902,34.77585],[127.94916,34.77729],[127.953,34.77521],[127.95397,34.7724],[127.94802,34.76571],[127.9438,34.74703],[127.94655,34.74104],[127.94591,34.73266],[127.94742,34.73011],[127.95386,34.73085],[127.94935,34.72634],[127.95756,34.71887],[127.95274,34.71538],[127.95626,34.70946],[127.97691,34.71141],[127.9846,34.70912],[127.98744,34.71351],[127.98566,34.71358],[127.98489,34.71778],[127.98893,34.7202],[127.992,34.71926],[127.99213,34.71399],[128.00088,34.71634],[128.0036,34.71221],[128.00791,34.71097],[128.01164,34.71638],[128.00744,34.71937],[128.00795,34.72125]]],[[[127.84144,34.74682],[127.83986,34.74624],[127.83955,34.74583],[127.84291,34.7466],[127.84144,34.74682]]],[[[127.83764,34.7615],[127.83495,34.76176],[127.83484,34.7607],[127.83913,34.76067],[127.83764,34.7615]]],[[[127.8395,34.77539],[127.84123,34.77497],[127.84382,34.77708],[127.83996,34.77636],[127.8395,34.77539]]],[[[127.83162,34.78497],[127.83381,34.78521],[127.83357,34.78699],[127.83156,34.78716],[127.83162,34.78497]]],[[[127.82377,34.88242],[127.82188,34.88478],[127.8192,34.8844],[127.82023,34.8824],[127.82377,34.88242]]],[[[127.81571,34.91455],[127.81669,34.91255],[127.82022,34.91253],[127.82384,34.9174],[127.82096,34.91876],[127.82099,34.91668],[127.81571,34.91455]]],[[[128.05844,34.68312],[128.05907,34.68001],[128.0637,34.67919],[128.06294,34.68183],[128.05844,34.68312]]],[[[128.04364,34.68273],[128.04619,34.6809],[128.05098,34.68316],[128.0521,34.68798],[128.04939,34.69136],[128.04493,34.69097],[128.04364,34.68273]]],[[[128.05809,34.69036],[128.05327,34.69147],[128.0569,34.6879],[128.06011,34.68815],[128.05809,34.69036]]],[[[128.03256,34.69311],[128.03438,34.6903],[128.03749,34.69344],[128.03518,34.69474],[128.03256,34.69311]]],[[[128.02119,34.6953],[128.02512,34.69619],[128.02623,34.69739],[128.02401,34.69823],[128.02119,34.6953]]],[[[128.04734,34.69499],[128.05519,34.69413],[128.05741,34.69522],[128.05732,34.6985],[128.05053,34.70011],[128.04767,34.69782],[128.04734,34.69499]]],[[[128.0323,34.69754],[128.03005,34.69825],[128.02904,34.69707],[128.03518,34.69596],[128.0323,34.69754]]],[[[128.06462,34.69982],[128.06247,34.70053],[128.05782,34.69805],[128.06539,34.69852],[128.06462,34.69982]]],[[[128.0514,34.71947],[128.05309,34.71859],[128.05515,34.71983],[128.05187,34.72228],[128.0514,34.71947]]],[[[128.0595,34.73976],[128.06449,34.73949],[128.06552,34.73999],[128.06356,34.74209],[128.0595,34.73976]]],[[[128.07035,34.75045],[128.07336,34.75118],[128.073,34.75726],[128.07023,34.75392],[128.07035,34.75045]]],[[[128.03118,34.84293],[128.02565,34.84337],[128.02685,34.84152],[128.03257,34.84079],[128.03118,34.84293]]],[[[128.02935,34.90902],[128.03324,34.91711],[128.03149,34.92178],[128.02223,34.91957],[128.01137,34.92076],[128.00701,34.91955],[128.00666,34.91688],[128.0025,34.91525],[128.00303,34.91367],[127.99592,34.90868],[127.99327,34.90401],[127.98766,34.90277],[127.98746,34.90126],[127.99006,34.90068],[127.9903,34.89495],[127.98687,34.89417],[127.98075,34.88585],[127.97764,34.88642],[127.97829,34.88009],[127.97139,34.87773],[127.96143,34.86974],[127.96087,34.86394],[127.96512,34.8525],[127.97041,34.84847],[127.96862,34.84356],[127.97929,34.84099],[127.98727,34.8364],[128.00267,34.83595],[128.01234,34.8384],[128.01853,34.83751],[128.01962,34.84289],[128.02092,34.83916],[128.02408,34.83923],[128.0229,34.84407],[128.02485,34.84647],[128.04648,34.83551],[128.05385,34.83823],[128.06226,34.83398],[128.06345,34.83034],[128.07035,34.83205],[128.07119,34.83576],[128.07712,34.83236],[128.0775,34.82827],[128.08696,34.82839],[128.08453,34.83295],[128.08502,34.83674],[128.08131,34.83916],[128.07688,34.83912],[128.07684,34.84393],[128.06153,34.8445],[128.06075,34.8483],[128.06484,34.84992],[128.06243,34.85093],[128.06235,34.85587],[128.05476,34.85199],[128.05345,34.85289],[128.05784,34.85968],[128.0653,34.86168],[128.067,34.87034],[128.0645,34.87084],[128.06237,34.87564],[128.06411,34.87814],[128.0609,34.88076],[128.05992,34.87865],[128.05831,34.87945],[128.06036,34.88304],[128.05524,34.88529],[128.0497,34.88455],[128.04767,34.88221],[128.04708,34.88418],[128.05065,34.8863],[128.04997,34.88807],[128.04727,34.89063],[128.04312,34.89068],[128.0421,34.89271],[128.04803,34.8944],[128.04797,34.89716],[128.04349,34.89828],[128.03868,34.8939],[128.03837,34.89789],[128.03422,34.89728],[128.02143,34.88194],[128.02014,34.87724],[128.02513,34.86762],[128.02423,34.86639],[128.0198,34.86382],[128.01789,34.86645],[128.01348,34.86577],[128.01121,34.8681],[128.01024,34.87467],[128.01421,34.8824],[128.01593,34.893],[128.02635,34.9023],[128.02935,34.90902]]],[[[128.02318,34.89406],[128.02139,34.88633],[128.03036,34.8945],[128.02903,34.90016],[128.02666,34.8993],[128.02318,34.89406]]]]}},{"id":"feature_054","type":"Feature","properties":{"시도":"경상남도","시군구":"밀양시"},"geometry":{"type":"Polygon","coordinates":[[[128.76218,35.34739],[128.77082,35.34808],[128.78332,35.34474],[128.78936,35.34645],[128.79862,35.35607],[128.79719,35.36936],[128.79969,35.37255],[128.81139,35.38021],[128.83385,35.38375],[128.85468,35.39384],[128.86279,35.39509],[128.86744,35.39349],[128.87137,35.38827],[128.87254,35.38052],[128.87626,35.3854],[128.88066,35.38649],[128.87864,35.39704],[128.88735,35.40377],[128.89076,35.40428],[128.89249,35.41115],[128.8914,35.41453],[128.90353,35.42006],[128.91358,35.41558],[128.92366,35.42133],[128.92212,35.42588],[128.90723,35.43609],[128.90643,35.43928],[128.90922,35.44075],[128.91005,35.44482],[128.91893,35.45179],[128.93372,35.45289],[128.94215,35.45655],[128.94993,35.45454],[128.96712,35.46189],[128.96833,35.47259],[128.96447,35.47719],[128.96517,35.48108],[128.96256,35.48525],[128.9672,35.49069],[128.95891,35.49809],[128.95317,35.50036],[128.95592,35.50569],[128.96128,35.50996],[128.97773,35.508],[128.98966,35.51718],[128.98875,35.52221],[128.9945,35.52899],[128.99762,35.5422],[128.99295,35.54798],[128.98064,35.54602],[128.97679,35.55126],[128.97365,35.55223],[128.9709,35.56064],[128.99538,35.5689],[129.00624,35.57804],[129.02018,35.58497],[129.02603,35.60069],[129.02346,35.60354],[129.02184,35.614],[129.01554,35.6165],[129.00752,35.61589],[129.00335,35.62014],[128.98613,35.60799],[128.97912,35.60831],[128.97166,35.61404],[128.95988,35.61535],[128.95916,35.62037],[128.94095,35.63307],[128.92415,35.63694],[128.92329,35.64662],[128.91975,35.64704],[128.91494,35.64541],[128.91176,35.63791],[128.8982,35.63182],[128.88548,35.62984],[128.88257,35.63472],[128.87472,35.6349],[128.87292,35.63277],[128.8711,35.61818],[128.8677,35.61606],[128.86449,35.60923],[128.85835,35.60604],[128.85171,35.5946],[128.84301,35.58908],[128.83424,35.59721],[128.82619,35.5967],[128.81161,35.58953],[128.80119,35.5882],[128.79691,35.57453],[128.78564,35.56584],[128.76809,35.57051],[128.76635,35.56824],[128.75743,35.56767],[128.7378,35.57608],[128.73108,35.57621],[128.72405,35.58097],[128.71627,35.57832],[128.70327,35.57853],[128.69591,35.58325],[128.69128,35.59442],[128.68876,35.59508],[128.67246,35.59585],[128.66492,35.59432],[128.65533,35.598],[128.64363,35.59235],[128.63599,35.58409],[128.63109,35.58666],[128.60685,35.58042],[128.59344,35.58433],[128.5853,35.57978],[128.58639,35.57315],[128.584,35.56701],[128.5896,35.56107],[128.5888,35.55741],[128.58551,35.55509],[128.58753,35.54772],[128.59374,35.54049],[128.59114,35.53673],[128.58487,35.53903],[128.57714,35.53704],[128.58183,35.53509],[128.58376,35.52915],[128.58241,35.52427],[128.59158,35.5169],[128.59183,35.51488],[128.58585,35.50506],[128.57756,35.50574],[128.57107,35.49229],[128.57336,35.48936],[128.57165,35.4857],[128.5737,35.47231],[128.57728,35.4704],[128.57935,35.46615],[128.5772,35.45996],[128.58312,35.45376],[128.60256,35.45127],[128.61503,35.44593],[128.62337,35.45164],[128.6312,35.44893],[128.63565,35.4353],[128.64467,35.43275],[128.65107,35.42552],[128.64586,35.41313],[128.64814,35.4006],[128.64706,35.39648],[128.64386,35.39242],[128.64445,35.3883],[128.63913,35.38697],[128.63863,35.38469],[128.64984,35.38517],[128.6517,35.38198],[128.6475,35.37956],[128.65617,35.37263],[128.67239,35.37995],[128.68873,35.37925],[128.71206,35.36691],[128.73494,35.34841],[128.76218,35.34739]]]}},{"id":"feature_055","type":"Feature","properties":{"시도":"경상남도","시군구":"사천시"},"geometry":{"type":"MultiPolygon","coordinates":[[[[128.04331,34.9221],[128.04494,34.92168],[128.04609,34.92231],[128.04365,34.92352],[128.04331,34.9221]]],[[[128.02797,34.92846],[128.02848,34.92671],[128.03158,34.92737],[128.029,34.92965],[128.02797,34.92846]]],[[[128.02771,34.93745],[128.02918,34.93469],[128.03374,34.93448],[128.03065,34.9386],[128.02771,34.93745]]],[[[127.92255,35.01404],[127.92849,35.01273],[127.93239,35.00611],[127.9364,35.0037],[127.94009,35.00422],[127.94109,35.00168],[127.9357,34.99794],[127.94439,34.99934],[127.93815,34.99735],[127.93968,34.99291],[127.93644,34.99349],[127.93659,34.99645],[127.93446,34.99656],[127.93171,34.99219],[127.93358,34.98543],[127.93829,34.98914],[127.9435,34.98426],[127.93673,34.98454],[127.9348,34.98182],[127.94779,34.97667],[127.95328,34.97556],[127.95282,34.97748],[127.9486,34.97869],[127.94954,34.98085],[127.9533,34.98075],[127.94903,34.98401],[127.95277,34.98603],[127.95718,34.98408],[127.96364,34.99441],[127.97203,34.99376],[127.97416,34.99019],[127.97234,34.9864],[127.98276,34.97771],[127.98639,34.97857],[127.98831,34.97695],[127.99153,34.98107],[127.9878,34.98546],[127.98933,34.98919],[127.99423,34.98705],[127.99388,34.98445],[127.99508,34.9851],[127.99658,34.98772],[127.99354,34.99167],[127.99739,34.99599],[128.00017,34.99512],[128.00149,34.99029],[127.99974,34.98354],[128.00543,34.98822],[128.0058,34.98524],[128.00355,34.98324],[128.00814,34.98233],[128.01024,34.98702],[128.00758,34.99593],[128.00896,34.99653],[128.01479,34.99107],[128.02019,35.00391],[128.01877,35.0104],[128.00837,35.01342],[128.01018,35.01635],[128.00917,35.02251],[127.99597,35.03182],[127.99605,35.03789],[127.98882,35.03953],[127.98737,35.0379],[127.98801,35.03341],[127.97714,35.03149],[127.97632,35.0333],[127.98181,35.03582],[127.98531,35.04517],[127.99469,35.04565],[128.00222,35.04215],[128.00315,35.0349],[128.00874,35.03031],[128.01481,35.02812],[128.02114,35.02835],[128.02606,35.03341],[128.02662,35.04269],[128.03134,35.04962],[128.03113,35.05101],[128.0265,35.05123],[128.02643,35.05467],[128.02886,35.0592],[128.035,35.0623],[128.03271,35.06845],[128.04088,35.07117],[128.04148,35.07367],[128.05242,35.07954],[128.05436,35.08562],[128.05647,35.08733],[128.05564,35.08598],[128.05876,35.08443],[128.05599,35.08037],[128.05724,35.07853],[128.06185,35.07863],[128.04541,35.06745],[128.04278,35.0638],[128.0383,35.05121],[128.0389,35.04814],[128.0415,35.04702],[128.0384,35.03743],[128.04218,35.03181],[128.03452,35.02318],[128.03768,35.01808],[128.03914,35.02133],[128.04457,35.0243],[128.04976,35.01613],[128.04894,35.0115],[128.03957,35.00301],[128.03841,34.99578],[128.04539,34.98028],[128.05226,34.97748],[128.04595,34.96742],[128.03294,34.95856],[128.02955,34.95806],[128.03382,34.95064],[128.03793,34.94771],[128.03784,34.94228],[128.05244,34.93074],[128.04804,34.92655],[128.04228,34.92662],[128.04283,34.92472],[128.04095,34.9234],[128.03857,34.92334],[128.03645,34.92736],[128.03279,34.92465],[128.03674,34.91872],[128.05334,34.92963],[128.06512,34.92615],[128.07198,34.92716],[128.07173,34.92361],[128.07452,34.92284],[128.07782,34.92678],[128.0878,34.92612],[128.08551,34.91775],[128.08931,34.91854],[128.09573,34.92633],[128.09797,34.92448],[128.09827,34.92032],[128.10029,34.92511],[128.10578,34.92205],[128.1109,34.92417],[128.1194,34.92189],[128.11433,34.93374],[128.12261,34.93876],[128.12412,34.94343],[128.12317,34.94901],[128.13408,34.96307],[128.13529,34.96759],[128.13352,34.97915],[128.14348,34.98938],[128.14821,34.99131],[128.15499,34.99023],[128.16627,34.98326],[128.17016,34.98453],[128.158,35.00814],[128.16273,35.02756],[128.16531,35.02997],[128.17259,35.03111],[128.17999,35.03829],[128.18456,35.0503],[128.1789,35.05359],[128.17243,35.05205],[128.16293,35.06609],[128.15678,35.06585],[128.15248,35.07406],[128.14877,35.07537],[128.14839,35.07704],[128.15301,35.08072],[128.16256,35.07966],[128.16856,35.08333],[128.16856,35.08869],[128.17342,35.09414],[128.16989,35.09715],[128.16685,35.09669],[128.16304,35.10157],[128.15795,35.10126],[128.15408,35.11061],[128.14623,35.11524],[128.13416,35.11704],[128.12842,35.11476],[128.12314,35.11512],[128.10891,35.10532],[128.09816,35.10657],[128.09116,35.10096],[128.08951,35.10472],[128.09116,35.11586],[128.08679,35.12019],[128.07577,35.1232],[128.06964,35.12887],[128.06057,35.12808],[128.05019,35.13131],[128.04759,35.12761],[128.04891,35.12454],[128.04361,35.12065],[128.03673,35.12019],[128.028,35.12283],[128.02463,35.12128],[128.02419,35.11819],[128.02069,35.11719],[128.0222,35.11415],[128.01936,35.11231],[128.01002,35.11177],[128.00556,35.11315],[128.00124,35.11737],[128.00313,35.13364],[128.00056,35.14126],[127.99728,35.14432],[128.00101,35.14558],[128.00164,35.14859],[127.99579,35.15505],[127.98373,35.15663],[127.97996,35.15888],[127.97367,35.15683],[127.97129,35.15346],[127.96608,35.15422],[127.96483,35.15719],[127.96218,35.15782],[127.95009,35.15444],[127.9424,35.15559],[127.93165,35.14943],[127.93168,35.14615],[127.92979,35.14469],[127.92155,35.15013],[127.9096,35.14846],[127.9023,35.15485],[127.89609,35.15652],[127.89651,35.15273],[127.88852,35.15105],[127.88564,35.14733],[127.88009,35.14791],[127.87942,35.14489],[127.8857,35.1304],[127.88976,35.13068],[127.89604,35.12602],[127.90262,35.12511],[127.91109,35.11879],[127.90984,35.11524],[127.90085,35.1108],[127.89935,35.10795],[127.90957,35.09749],[127.90233,35.09439],[127.90174,35.08749],[127.89162,35.08642],[127.89589,35.07928],[127.90467,35.07946],[127.90838,35.07465],[127.91196,35.07374],[127.91449,35.06463],[127.92034,35.06433],[127.92526,35.05354],[127.93134,35.04788],[127.92364,35.0418],[127.92485,35.03593],[127.92293,35.03337],[127.92435,35.03017],[127.92255,35.01404]]],[[[128.0298,34.94653],[128.029,34.9425],[128.03132,34.94231],[128.03222,34.94387],[128.0298,34.94653]]],[[[127.96947,34.96196],[127.97041,34.96097],[127.97213,34.96298],[127.97128,34.9634],[127.96947,34.96196]]],[[[127.94645,34.96418],[127.94858,34.9616],[127.94936,34.96188],[127.94846,34.96396],[127.94645,34.96418]]],[[[127.96077,34.96154],[127.96436,34.96172],[127.96685,34.96567],[127.96284,34.966],[127.96077,34.96154]]],[[[127.97531,34.97732],[127.97359,34.98032],[127.96849,34.98195],[127.96392,34.98239],[127.96226,34.9802],[127.96412,34.97099],[127.9738,34.96558],[127.98193,34.96348],[127.98404,34.96583],[127.99058,34.96574],[127.99486,34.96872],[127.99488,34.97099],[127.99137,34.97056],[127.98695,34.97329],[127.98833,34.96871],[127.98512,34.96706],[127.98381,34.96918],[127.98152,34.96907],[127.98034,34.97267],[127.97531,34.97732]]],[[[127.99359,34.97417],[127.99457,34.97264],[127.99836,34.97476],[127.99577,34.97789],[127.99359,34.97417]]],[[[127.93443,34.97854],[127.93448,34.97717],[127.93971,34.97729],[127.93623,34.97929],[127.93443,34.97854]]],[[[127.96554,34.98345],[127.97131,34.98405],[127.96782,34.98966],[127.96961,34.99056],[127.96554,34.98983],[127.96554,34.98345]]],[[[128.07625,34.89406],[128.0849,34.89664],[128.07956,34.90105],[128.08237,34.90268],[128.07864,34.90429],[128.08069,34.90749],[128.07516,34.91091],[128.07165,34.90891],[128.07367,34.90163],[128.07233,34.90007],[128.07323,34.89429],[128.07036,34.88974],[128.07405,34.88584],[128.08071,34.88958],[128.07707,34.89047],[128.07625,34.89406]]],[[[128.056,34.90075],[128.05971,34.90051],[128.06055,34.90112],[128.05969,34.90284],[128.056,34.90075]]],[[[128.08121,34.90811],[128.08209,34.90628],[128.08489,34.9091],[128.08186,34.90905],[128.08121,34.90811]]],[[[128.06149,34.90773],[128.06412,34.90716],[128.06454,34.90882],[128.06365,34.90909],[128.06149,34.90773]]]]}},{"id":"feature_056","type":"Feature","properties":{"시도":"경상남도","시군구":"산청군"},"geometry":{"type":"Polygon","coordinates":[[[127.68879,35.31916],[127.68857,35.29405],[127.69262,35.28762],[127.69018,35.28372],[127.69584,35.27702],[127.70056,35.27442],[127.70504,35.26471],[127.73313,35.25469],[127.73762,35.25529],[127.74847,35.25002],[127.75303,35.23687],[127.75663,35.23207],[127.77568,35.21969],[127.78302,35.22122],[127.81256,35.22004],[127.826,35.22203],[127.83308,35.2259],[127.83552,35.22939],[127.84384,35.22714],[127.84613,35.23009],[127.84584,35.2336],[127.85725,35.24028],[127.85686,35.24924],[127.86136,35.25368],[127.86434,35.25393],[127.86421,35.25965],[127.87195,35.25966],[127.87665,35.25738],[127.87538,35.25169],[127.89226,35.25017],[127.88743,35.2375],[127.89085,35.23224],[127.89032,35.22649],[127.89804,35.22748],[127.90521,35.22264],[127.90885,35.22393],[127.91098,35.22746],[127.91178,35.24099],[127.9215,35.25234],[127.92475,35.24922],[127.93239,35.25072],[127.93809,35.24963],[127.94534,35.24494],[127.94739,35.24145],[127.96712,35.24657],[127.97207,35.25445],[127.97359,35.26998],[127.98309,35.27068],[127.98539,35.27378],[127.98633,35.27714],[127.98416,35.28165],[127.98617,35.28688],[127.99586,35.28652],[128.00198,35.29053],[128.00572,35.29744],[128.01279,35.29925],[128.01508,35.30338],[128.03451,35.30785],[128.04128,35.30376],[128.04559,35.30612],[128.05246,35.31288],[128.05216,35.31867],[128.05027,35.32092],[128.05878,35.33357],[128.0699,35.33248],[128.07383,35.33342],[128.07454,35.33597],[128.08012,35.33679],[128.10174,35.33528],[128.10748,35.33184],[128.11469,35.33086],[128.11353,35.33538],[128.09741,35.34171],[128.09426,35.34473],[128.09387,35.34894],[128.09936,35.35393],[128.09464,35.35779],[128.10002,35.36172],[128.1024,35.36608],[128.08802,35.36607],[128.08034,35.37013],[128.08674,35.37465],[128.0885,35.38051],[128.08072,35.38909],[128.07293,35.38892],[128.07197,35.39232],[128.06492,35.3986],[128.0659,35.40224],[128.05949,35.40549],[128.05321,35.41761],[128.04526,35.41573],[128.04205,35.41891],[128.03658,35.41571],[128.03066,35.41635],[128.02311,35.42636],[128.01162,35.42623],[128.00813,35.43169],[128.0081,35.43564],[128.00256,35.43781],[127.99798,35.43724],[127.98692,35.44544],[127.98646,35.45122],[127.98382,35.45313],[127.9848,35.45657],[127.97883,35.46104],[127.97933,35.46755],[127.97413,35.47674],[127.97603,35.47996],[127.97434,35.49504],[127.96228,35.50012],[127.95982,35.51858],[127.94959,35.5187],[127.94083,35.51446],[127.92512,35.51533],[127.92019,35.52007],[127.92137,35.52374],[127.91324,35.52577],[127.90195,35.53455],[127.8949,35.53051],[127.88772,35.53142],[127.87927,35.52735],[127.88053,35.53172],[127.87296,35.53597],[127.87574,35.54018],[127.87756,35.55051],[127.87215,35.55264],[127.86937,35.55949],[127.87464,35.56526],[127.87481,35.5678],[127.86993,35.575],[127.86301,35.57618],[127.85632,35.56942],[127.84067,35.54629],[127.8319,35.53924],[127.82422,35.52923],[127.81674,35.52554],[127.81581,35.52189],[127.82317,35.51665],[127.82024,35.50966],[127.82287,35.50682],[127.82331,35.49971],[127.81691,35.49128],[127.80528,35.48869],[127.8079,35.47942],[127.814,35.47312],[127.81428,35.47006],[127.80084,35.46763],[127.78247,35.45915],[127.78203,35.45754],[127.78883,35.4523],[127.78913,35.44521],[127.78391,35.44364],[127.77838,35.44693],[127.7724,35.44396],[127.77277,35.43838],[127.77567,35.43942],[127.77944,35.43415],[127.77042,35.42645],[127.77056,35.42055],[127.75927,35.415],[127.75859,35.40274],[127.74854,35.397],[127.74924,35.39032],[127.75264,35.38299],[127.74602,35.37625],[127.73874,35.3723],[127.73899,35.36498],[127.73407,35.36099],[127.73297,35.35474],[127.73514,35.34726],[127.731,35.33722],[127.71851,35.33438],[127.70781,35.32591],[127.70638,35.32042],[127.70066,35.31623],[127.68879,35.31916]]]}},{"id":"feature_057","type":"Feature","properties":{"시도":"경상남도","시군구":"양산시"},"geometry":{"type":"Polygon","coordinates":[[[128.87254,35.38052],[128.87677,35.3716],[128.88376,35.3667],[128.89201,35.36459],[128.9065,35.3652],[128.9168,35.36217],[128.9311,35.35124],[128.9434,35.33862],[128.96753,35.32973],[128.97417,35.31036],[128.98249,35.2973],[128.98732,35.2932],[129.00294,35.286],[129.00858,35.28093],[129.01261,35.27328],[129.02618,35.27807],[129.03923,35.27589],[129.04411,35.28031],[129.05057,35.28006],[129.04991,35.28386],[129.05186,35.28796],[129.06013,35.29555],[129.06511,35.29151],[129.07317,35.28994],[129.08911,35.30314],[129.097,35.30354],[129.10387,35.30618],[129.10892,35.30507],[129.11165,35.30877],[129.11331,35.3195],[129.11848,35.32246],[129.12087,35.32892],[129.126,35.33222],[129.12503,35.3363],[129.12604,35.34133],[129.12834,35.34321],[129.12737,35.34567],[129.13457,35.35141],[129.12956,35.35916],[129.1313,35.36556],[129.14988,35.36384],[129.15725,35.359],[129.16179,35.35878],[129.16255,35.35636],[129.16746,35.35406],[129.17808,35.35144],[129.18558,35.35817],[129.19358,35.36101],[129.19937,35.37562],[129.19373,35.38208],[129.20053,35.38867],[129.20297,35.38787],[129.21073,35.40012],[129.21999,35.40877],[129.21119,35.41921],[129.20202,35.4216],[129.20018,35.42413],[129.20234,35.43195],[129.19649,35.43943],[129.17895,35.43263],[129.17224,35.43356],[129.1658,35.43205],[129.1647,35.43414],[129.14297,35.44591],[129.13572,35.45645],[129.12876,35.45925],[129.11998,35.46836],[129.11711,35.47486],[129.1095,35.47984],[129.10793,35.48363],[129.10896,35.48774],[129.10664,35.48977],[129.10527,35.49647],[129.09078,35.49824],[129.08644,35.50184],[129.06165,35.50946],[129.052,35.51573],[129.05314,35.52536],[129.05653,35.52704],[129.05576,35.53214],[129.01267,35.52315],[129.00874,35.52397],[129.00955,35.52799],[128.9945,35.52899],[128.98875,35.52221],[128.98966,35.51718],[128.97773,35.508],[128.96128,35.50996],[128.95592,35.50569],[128.95317,35.50036],[128.95891,35.49809],[128.9672,35.49069],[128.96256,35.48525],[128.96517,35.48108],[128.96447,35.47719],[128.96833,35.47259],[128.96712,35.46189],[128.94993,35.45454],[128.94215,35.45655],[128.93372,35.45289],[128.91893,35.45179],[128.91005,35.44482],[128.90922,35.44075],[128.90643,35.43928],[128.90723,35.43609],[128.92212,35.42588],[128.92366,35.42133],[128.91358,35.41558],[128.90353,35.42006],[128.8914,35.41453],[128.89249,35.41115],[128.89076,35.40428],[128.88735,35.40377],[128.87864,35.39704],[128.88066,35.38649],[128.87626,35.3854],[128.87254,35.38052]]]}},{"id":"feature_058","type":"Feature","properties":{"시도":"경상남도","시군구":"의령군"},"geometry":{"type":"Polygon","coordinates":[[[128.27424,35.25737],[128.28163,35.27468],[128.29745,35.27921],[128.30212,35.28235],[128.29071,35.2971],[128.289,35.30306],[128.29505,35.31317],[128.31232,35.31916],[128.31677,35.32294],[128.31741,35.32874],[128.31205,35.33733],[128.31104,35.34727],[128.31513,35.3612],[128.32579,35.36279],[128.33905,35.35932],[128.35025,35.34278],[128.35583,35.33858],[128.37789,35.33323],[128.39402,35.33464],[128.39609,35.33611],[128.39483,35.33998],[128.38216,35.35098],[128.38346,35.35725],[128.38705,35.35965],[128.40206,35.36083],[128.41384,35.35837],[128.41642,35.36267],[128.42734,35.36431],[128.42832,35.36658],[128.42015,35.37854],[128.42951,35.38982],[128.43652,35.3924],[128.42487,35.41528],[128.41945,35.41801],[128.39618,35.42176],[128.38781,35.42598],[128.37664,35.43963],[128.3744,35.44577],[128.37722,35.45721],[128.41257,35.46938],[128.42228,35.47728],[128.42595,35.48332],[128.42591,35.48837],[128.41745,35.49655],[128.37224,35.51896],[128.36934,35.51371],[128.37328,35.50369],[128.36668,35.5002],[128.35922,35.50313],[128.3535,35.5015],[128.35264,35.49834],[128.34878,35.49919],[128.33973,35.50687],[128.33899,35.50952],[128.33015,35.50752],[128.3228,35.50811],[128.31337,35.51637],[128.30786,35.51698],[128.30414,35.51349],[128.29286,35.5173],[128.28868,35.51189],[128.26636,35.50952],[128.26099,35.50176],[128.26189,35.49718],[128.25499,35.49373],[128.23987,35.49389],[128.23048,35.48896],[128.22835,35.49105],[128.22071,35.48597],[128.20945,35.48292],[128.2063,35.47762],[128.20132,35.47757],[128.20058,35.47522],[128.20631,35.46913],[128.21514,35.46477],[128.21666,35.46148],[128.21131,35.46184],[128.20812,35.45987],[128.20713,35.44819],[128.20295,35.44248],[128.20018,35.43208],[128.18572,35.41917],[128.1916,35.40902],[128.18946,35.39867],[128.16674,35.3943],[128.14773,35.38584],[128.12887,35.38772],[128.12584,35.38502],[128.12977,35.37332],[128.12752,35.37237],[128.11223,35.38226],[128.09532,35.36815],[128.08034,35.37013],[128.08802,35.36607],[128.1024,35.36608],[128.10002,35.36172],[128.09464,35.35779],[128.09936,35.35393],[128.09387,35.34894],[128.09426,35.34473],[128.09741,35.34171],[128.11353,35.33538],[128.11469,35.33086],[128.12404,35.33308],[128.13227,35.33799],[128.13367,35.34128],[128.15448,35.35108],[128.16376,35.34211],[128.16423,35.33614],[128.17837,35.32247],[128.17885,35.31988],[128.17419,35.31475],[128.17277,35.30811],[128.17727,35.29931],[128.1745,35.29214],[128.17986,35.28577],[128.17858,35.28174],[128.18024,35.27924],[128.18471,35.27537],[128.18813,35.27488],[128.19079,35.26753],[128.19507,35.26606],[128.19408,35.25628],[128.20098,35.2535],[128.20552,35.26285],[128.21155,35.26495],[128.21481,35.26269],[128.21959,35.26456],[128.2292,35.25593],[128.23681,35.25367],[128.24797,35.25372],[128.26001,35.25733],[128.27196,35.25607],[128.27424,35.25737]]]}},{"id":"feature_059","type":"Feature","properties":{"시도":"경상남도","시군구":"진주시"},"geometry":{"type":"Polygon","coordinates":[[[127.9424,35.15559],[127.95009,35.15444],[127.96218,35.15782],[127.96483,35.15719],[127.96608,35.15422],[127.97129,35.15346],[127.97367,35.15683],[127.97996,35.15888],[127.98373,35.15663],[127.99579,35.15505],[128.00164,35.14859],[128.00101,35.14558],[127.99728,35.14432],[128.00056,35.14126],[128.00313,35.13364],[128.00124,35.11737],[128.00556,35.11315],[128.01002,35.11177],[128.01936,35.11231],[128.0222,35.11415],[128.02069,35.11719],[128.02419,35.11819],[128.02463,35.12128],[128.028,35.12283],[128.03673,35.12019],[128.04361,35.12065],[128.04891,35.12454],[128.04759,35.12761],[128.05019,35.13131],[128.06057,35.12808],[128.06964,35.12887],[128.07577,35.1232],[128.08679,35.12019],[128.09116,35.11586],[128.08951,35.10472],[128.09116,35.10096],[128.09816,35.10657],[128.10891,35.10532],[128.12314,35.11512],[128.12842,35.11476],[128.13416,35.11704],[128.14623,35.11524],[128.15408,35.11061],[128.15795,35.10126],[128.16304,35.10157],[128.16685,35.09669],[128.16989,35.09715],[128.17342,35.09414],[128.16856,35.08869],[128.16856,35.08333],[128.16256,35.07966],[128.15301,35.08072],[128.14839,35.07704],[128.14877,35.07537],[128.15248,35.07406],[128.15678,35.06585],[128.16293,35.06609],[128.17243,35.05205],[128.1789,35.05359],[128.18456,35.0503],[128.18889,35.05311],[128.19721,35.06596],[128.21124,35.07372],[128.21003,35.07575],[128.19056,35.07669],[128.18737,35.08854],[128.19088,35.09748],[128.19721,35.09605],[128.20087,35.10019],[128.19831,35.10357],[128.20016,35.10772],[128.21093,35.11512],[128.22712,35.1139],[128.22868,35.11699],[128.23435,35.11696],[128.24146,35.12091],[128.24288,35.12553],[128.24118,35.12651],[128.24737,35.12847],[128.26391,35.12706],[128.26957,35.13172],[128.28896,35.13141],[128.29986,35.12551],[128.30405,35.1271],[128.30919,35.12546],[128.31594,35.12955],[128.32229,35.1296],[128.32808,35.12435],[128.33387,35.12471],[128.33825,35.12792],[128.34795,35.12684],[128.34881,35.13101],[128.35328,35.13448],[128.35784,35.13504],[128.35699,35.13854],[128.36211,35.14194],[128.35863,35.14691],[128.36219,35.1522],[128.36131,35.16231],[128.36511,35.17179],[128.3645,35.17808],[128.36684,35.18312],[128.36754,35.19413],[128.35265,35.20941],[128.32978,35.2067],[128.3274,35.20781],[128.31827,35.22173],[128.30734,35.22168],[128.30577,35.22392],[128.30781,35.22949],[128.3036,35.23745],[128.2942,35.24126],[128.29899,35.24821],[128.29848,35.25005],[128.29344,35.25353],[128.28609,35.25169],[128.27424,35.25737],[128.27196,35.25607],[128.26001,35.25733],[128.24797,35.25372],[128.23681,35.25367],[128.2292,35.25593],[128.21959,35.26456],[128.21481,35.26269],[128.21155,35.26495],[128.20552,35.26285],[128.20098,35.2535],[128.19408,35.25628],[128.19507,35.26606],[128.19079,35.26753],[128.18813,35.27488],[128.18471,35.27537],[128.18024,35.27924],[128.17858,35.28174],[128.17986,35.28577],[128.1745,35.29214],[128.17727,35.29931],[128.17277,35.30811],[128.17419,35.31475],[128.17885,35.31988],[128.17837,35.32247],[128.16423,35.33614],[128.16376,35.34211],[128.15448,35.35108],[128.13367,35.34128],[128.13227,35.33799],[128.12404,35.33308],[128.11469,35.33086],[128.10748,35.33184],[128.10174,35.33528],[128.08012,35.33679],[128.07454,35.33597],[128.07383,35.33342],[128.0699,35.33248],[128.05878,35.33357],[128.05027,35.32092],[128.05216,35.31867],[128.05246,35.31288],[128.04559,35.30612],[128.04128,35.30376],[128.03451,35.30785],[128.01508,35.30338],[128.01279,35.29925],[128.00572,35.29744],[128.00198,35.29053],[127.99586,35.28652],[127.98617,35.28688],[127.98416,35.28165],[127.98633,35.27714],[127.98539,35.27378],[127.98309,35.27068],[127.97359,35.26998],[127.97207,35.25445],[127.96712,35.24657],[127.94739,35.24145],[127.94534,35.24494],[127.93809,35.24963],[127.93239,35.25072],[127.92475,35.24922],[127.9215,35.25234],[127.91178,35.24099],[127.91098,35.22746],[127.90885,35.22393],[127.90521,35.22264],[127.89804,35.22748],[127.89032,35.22649],[127.88776,35.21554],[127.89446,35.20942],[127.89347,35.19689],[127.90808,35.18431],[127.91958,35.18042],[127.93784,35.1697],[127.93989,35.16635],[127.93661,35.15895],[127.9424,35.15559]]]}},{"id":"feature_060","type":"Feature","properties":{"시도":"경상남도","시군구":"창녕군"},"geometry":{"type":"Polygon","coordinates":[[[128.43652,35.3924],[128.44247,35.38708],[128.45206,35.38321],[128.46665,35.38039],[128.47627,35.38074],[128.48109,35.38212],[128.50188,35.39792],[128.50838,35.39918],[128.5241,35.39176],[128.53588,35.38955],[128.55164,35.37941],[128.57698,35.37916],[128.58496,35.38218],[128.59319,35.39077],[128.60028,35.39425],[128.61781,35.38051],[128.6442,35.37216],[128.65617,35.37263],[128.6475,35.37956],[128.6517,35.38198],[128.64984,35.38517],[128.63863,35.38469],[128.63913,35.38697],[128.64445,35.3883],[128.64386,35.39242],[128.64706,35.39648],[128.64814,35.4006],[128.64586,35.41313],[128.65107,35.42552],[128.64467,35.43275],[128.63565,35.4353],[128.6312,35.44893],[128.62337,35.45164],[128.61503,35.44593],[128.60256,35.45127],[128.58312,35.45376],[128.5772,35.45996],[128.57935,35.46615],[128.57728,35.4704],[128.5737,35.47231],[128.57165,35.4857],[128.57336,35.48936],[128.57107,35.49229],[128.57756,35.50574],[128.58585,35.50506],[128.59183,35.51488],[128.59158,35.5169],[128.58241,35.52427],[128.58376,35.52915],[128.58183,35.53509],[128.57714,35.53704],[128.58487,35.53903],[128.59114,35.53673],[128.59374,35.54049],[128.58753,35.54772],[128.58551,35.55509],[128.5888,35.55741],[128.5896,35.56107],[128.584,35.56701],[128.58639,35.57315],[128.5853,35.57978],[128.59344,35.58433],[128.58169,35.58789],[128.57426,35.59221],[128.57264,35.59712],[128.5677,35.59942],[128.56747,35.60122],[128.55969,35.60325],[128.55805,35.61494],[128.55624,35.61671],[128.55048,35.61701],[128.5365,35.62365],[128.5358,35.62733],[128.53822,35.63197],[128.53472,35.6438],[128.53831,35.65504],[128.53671,35.66124],[128.53074,35.66292],[128.52638,35.6742],[128.52847,35.67948],[128.52641,35.68238],[128.5191,35.67963],[128.51582,35.67574],[128.50753,35.67331],[128.50926,35.66895],[128.50681,35.65015],[128.51071,35.64569],[128.50529,35.63908],[128.4978,35.63899],[128.48482,35.63545],[128.47892,35.64035],[128.46981,35.63634],[128.4652,35.63713],[128.46113,35.64061],[128.45472,35.63722],[128.4465,35.63837],[128.43191,35.62358],[128.4266,35.62354],[128.42261,35.62013],[128.4163,35.62167],[128.411,35.61534],[128.39939,35.61592],[128.38423,35.60979],[128.3818,35.60678],[128.3729,35.60843],[128.37077,35.61116],[128.36235,35.61189],[128.35582,35.61095],[128.35202,35.60754],[128.35535,35.59038],[128.35876,35.58627],[128.36175,35.57733],[128.35999,35.56764],[128.34979,35.55216],[128.34882,35.54597],[128.35276,35.53493],[128.37224,35.51896],[128.41745,35.49655],[128.42591,35.48837],[128.42595,35.48332],[128.42228,35.47728],[128.41257,35.46938],[128.37722,35.45721],[128.3744,35.44577],[128.37664,35.43963],[128.38781,35.42598],[128.39618,35.42176],[128.41945,35.41801],[128.42487,35.41528],[128.43652,35.3924]]]}},{"id":"feature_061","type":"Feature","properties":{"시도":"경상남도","시군구":"창원시"},"geometry":{"type":"MultiPolygon","coordinates":[[[[128.56939,35.06168],[128.57026,35.05696],[128.57571,35.06084],[128.57417,35.06355],[128.56939,35.06168]]],[[[128.5664,35.05759],[128.5605,35.06389],[128.56379,35.06388],[128.56177,35.06693],[128.55243,35.07024],[128.54194,35.06906],[128.54263,35.06618],[128.54885,35.06186],[128.55531,35.05355],[128.56741,35.05317],[128.56861,35.05463],[128.5664,35.05759]]],[[[128.57028,35.06654],[128.57081,35.06495],[128.57332,35.0648],[128.57253,35.06723],[128.57028,35.06654]]],[[[128.49384,35.07087],[128.49563,35.06925],[128.49752,35.07028],[128.49624,35.0731],[128.49384,35.07087]]],[[[128.56262,35.07347],[128.55266,35.07269],[128.56005,35.07189],[128.56319,35.07233],[128.56262,35.07347]]],[[[128.54804,35.07515],[128.54727,35.07349],[128.55054,35.07451],[128.54907,35.07543],[128.54804,35.07515]]],[[[128.48897,35.07705],[128.49504,35.07965],[128.48844,35.08397],[128.4878,35.07834],[128.48897,35.07705]]],[[[128.54461,35.08654],[128.54282,35.08584],[128.5425,35.07832],[128.5485,35.08065],[128.54753,35.08556],[128.54461,35.08654]]],[[[128.48819,35.09211],[128.49263,35.08839],[128.49329,35.08902],[128.49282,35.09425],[128.48819,35.09211]]],[[[128.52141,35.09653],[128.51445,35.09608],[128.51668,35.0886],[128.51842,35.09324],[128.52141,35.09653]]],[[[128.51071,35.09441],[128.51184,35.09431],[128.51413,35.09579],[128.51216,35.09626],[128.51071,35.09441]]],[[[128.57698,35.37916],[128.57697,35.36609],[128.57149,35.36169],[128.5709,35.35815],[128.56253,35.35701],[128.55947,35.35275],[128.56395,35.35008],[128.56272,35.34696],[128.56613,35.34259],[128.56458,35.34116],[128.57019,35.33598],[128.56335,35.32586],[128.57138,35.3211],[128.57219,35.31553],[128.58267,35.30863],[128.57253,35.30116],[128.57355,35.29585],[128.58106,35.28751],[128.5832,35.27864],[128.58982,35.27649],[128.59124,35.27159],[128.57819,35.26913],[128.557,35.27734],[128.54515,35.27067],[128.53832,35.27274],[128.53537,35.26711],[128.53268,35.26648],[128.52478,35.27024],[128.51105,35.26899],[128.50714,35.27335],[128.4974,35.27564],[128.49081,35.27369],[128.49104,35.26566],[128.4852,35.2576],[128.47869,35.25307],[128.47438,35.24137],[128.47581,35.23773],[128.47421,35.22235],[128.47902,35.21251],[128.48424,35.21167],[128.49004,35.20702],[128.48999,35.20206],[128.47897,35.18772],[128.46507,35.18882],[128.45822,35.18581],[128.45741,35.18379],[128.44629,35.18027],[128.44392,35.17002],[128.43633,35.16469],[128.43001,35.16422],[128.41644,35.17048],[128.4099,35.17927],[128.40631,35.17934],[128.40371,35.18602],[128.40788,35.19236],[128.4008,35.20485],[128.3893,35.20686],[128.3766,35.19831],[128.37564,35.19387],[128.36754,35.19413],[128.36684,35.18312],[128.3645,35.17808],[128.36511,35.17179],[128.36131,35.16231],[128.36219,35.1522],[128.35863,35.14691],[128.36211,35.14194],[128.35699,35.13854],[128.35784,35.13504],[128.35328,35.13448],[128.34881,35.13101],[128.34795,35.12684],[128.3538,35.11844],[128.35024,35.1118],[128.3575,35.10889],[128.37302,35.10975],[128.38633,35.1026],[128.38998,35.09872],[128.39245,35.08803],[128.39951,35.08361],[128.40111,35.08565],[128.39982,35.09042],[128.41128,35.09266],[128.42696,35.0866],[128.42822,35.08339],[128.42497,35.07582],[128.42737,35.07088],[128.42242,35.05629],[128.42742,35.05494],[128.43205,35.05753],[128.43598,35.0653],[128.44068,35.06925],[128.43984,35.07165],[128.44648,35.07152],[128.45316,35.07385],[128.46159,35.07151],[128.46497,35.07374],[128.4659,35.07981],[128.46932,35.08182],[128.47428,35.07564],[128.47969,35.0789],[128.4792,35.08196],[128.46596,35.08564],[128.44864,35.09607],[128.44827,35.09954],[128.45265,35.10306],[128.45112,35.10565],[128.46132,35.10383],[128.46586,35.10108],[128.46675,35.09824],[128.47114,35.09708],[128.47624,35.09743],[128.48074,35.10136],[128.4808,35.09847],[128.48355,35.09988],[128.48625,35.10469],[128.48975,35.1068],[128.4941,35.10608],[128.50423,35.0976],[128.51868,35.0969],[128.52171,35.10435],[128.5272,35.1034],[128.53112,35.10615],[128.5349,35.11344],[128.53406,35.11615],[128.53676,35.11871],[128.53931,35.11722],[128.53555,35.1109],[128.53586,35.10754],[128.53977,35.10596],[128.54374,35.1097],[128.54737,35.10709],[128.54098,35.10153],[128.54485,35.10005],[128.54506,35.09247],[128.54909,35.09197],[128.54992,35.09553],[128.58095,35.08925],[128.57319,35.08726],[128.5677,35.08319],[128.56153,35.08331],[128.56063,35.07584],[128.5642,35.07281],[128.56017,35.06934],[128.56218,35.06695],[128.57393,35.06747],[128.57398,35.06477],[128.58086,35.06366],[128.5888,35.06965],[128.58699,35.07187],[128.58926,35.07201],[128.59342,35.06874],[128.58319,35.06168],[128.57762,35.06117],[128.57184,35.05473],[128.5744,35.05179],[128.60415,35.05511],[128.61412,35.06132],[128.62561,35.06292],[128.63103,35.06694],[128.63675,35.06774],[128.63672,35.07223],[128.62598,35.07549],[128.6169,35.07289],[128.61402,35.06986],[128.61011,35.07036],[128.61368,35.07215],[128.61268,35.07577],[128.60671,35.07543],[128.60836,35.07923],[128.62301,35.0818],[128.62543,35.08759],[128.62313,35.09047],[128.61414,35.09142],[128.61854,35.0924],[128.61807,35.09525],[128.61108,35.09725],[128.60307,35.10415],[128.60068,35.1197],[128.59177,35.1208],[128.59766,35.12152],[128.6008,35.12426],[128.60097,35.13336],[128.59266,35.13425],[128.58764,35.12948],[128.57467,35.13327],[128.57471,35.1361],[128.58022,35.13802],[128.58736,35.13028],[128.59758,35.14223],[128.59108,35.14673],[128.58556,35.14644],[128.59176,35.1498],[128.59166,35.15793],[128.58216,35.1646],[128.57943,35.17276],[128.57044,35.17504],[128.56476,35.18453],[128.56503,35.1869],[128.5865,35.20958],[128.60266,35.21072],[128.60953,35.21321],[128.62012,35.21199],[128.60862,35.21217],[128.58923,35.19963],[128.59221,35.19129],[128.59119,35.17826],[128.59303,35.17334],[128.60045,35.16833],[128.59884,35.16493],[128.60484,35.16051],[128.60812,35.16382],[128.61094,35.16327],[128.60853,35.15802],[128.60913,35.15247],[128.61385,35.14493],[128.60797,35.1419],[128.6068,35.13723],[128.61329,35.13865],[128.61789,35.13552],[128.62188,35.13649],[128.62676,35.14585],[128.6254,35.1474],[128.62923,35.14856],[128.63721,35.14573],[128.63481,35.14936],[128.64708,35.15038],[128.64711,35.14654],[128.64269,35.14731],[128.64363,35.14061],[128.64879,35.13774],[128.64888,35.13542],[128.659,35.13625],[128.6587,35.13425],[128.66298,35.13039],[128.66168,35.12167],[128.6671,35.1185],[128.67795,35.12514],[128.6768,35.13031],[128.67363,35.13384],[128.67328,35.14093],[128.67083,35.14248],[128.67958,35.14678],[128.68876,35.14737],[128.69048,35.14616],[128.68737,35.14233],[128.68881,35.14011],[128.69189,35.14155],[128.69632,35.13839],[128.69725,35.13446],[128.69377,35.13316],[128.69966,35.12556],[128.70009,35.12211],[128.70051,35.11582],[128.69478,35.11142],[128.69534,35.10985],[128.68811,35.10901],[128.6857,35.10703],[128.6886,35.10743],[128.68892,35.10114],[128.69431,35.09735],[128.70297,35.10006],[128.70094,35.10398],[128.71039,35.10343],[128.71348,35.10672],[128.71514,35.10421],[128.71425,35.09518],[128.72446,35.09752],[128.726,35.09463],[128.73051,35.09391],[128.72906,35.08998],[128.73548,35.09343],[128.73872,35.09936],[128.74355,35.09981],[128.73529,35.08866],[128.73991,35.08191],[128.74367,35.08432],[128.74172,35.07796],[128.74394,35.07799],[128.74705,35.08163],[128.75155,35.08215],[128.75976,35.07181],[128.76475,35.07168],[128.76637,35.06746],[128.76849,35.07592],[128.76498,35.07893],[128.76504,35.08286],[128.78002,35.08175],[128.78439,35.09667],[128.76572,35.09796],[128.76297,35.10513],[128.76972,35.1032],[128.77306,35.09893],[128.77995,35.10305],[128.78251,35.11244],[128.78862,35.11337],[128.78822,35.10687],[128.79142,35.10268],[128.788,35.09827],[128.79868,35.10035],[128.80246,35.09863],[128.79822,35.09308],[128.79193,35.09517],[128.78936,35.09426],[128.78184,35.08612],[128.78483,35.07983],[128.7916,35.07878],[128.8016,35.08305],[128.80949,35.08278],[128.81853,35.083],[128.82154,35.08585],[128.82643,35.08621],[128.82838,35.08948],[128.83247,35.08631],[128.83298,35.08867],[128.82463,35.0946],[128.82276,35.09882],[128.82481,35.10199],[128.83666,35.10199],[128.84208,35.10703],[128.8429,35.11317],[128.83756,35.11597],[128.83357,35.12919],[128.82729,35.12818],[128.81545,35.13256],[128.80233,35.14315],[128.79362,35.15705],[128.77678,35.15932],[128.7628,35.16839],[128.75793,35.16815],[128.75599,35.16602],[128.75016,35.16774],[128.74119,35.16701],[128.74453,35.18451],[128.74756,35.19211],[128.75203,35.19468],[128.75145,35.20123],[128.74522,35.20574],[128.73653,35.20452],[128.72975,35.206],[128.7248,35.21147],[128.72048,35.22608],[128.72336,35.22967],[128.7246,35.24062],[128.72165,35.24444],[128.7193,35.24343],[128.71126,35.26327],[128.71157,35.26965],[128.70485,35.28218],[128.70574,35.28668],[128.70353,35.29147],[128.69956,35.29441],[128.69444,35.30667],[128.69689,35.31042],[128.70938,35.30882],[128.71675,35.31002],[128.71242,35.31254],[128.71149,35.31531],[128.71366,35.31843],[128.71362,35.32269],[128.71774,35.32561],[128.73302,35.31569],[128.73929,35.31734],[128.74265,35.32155],[128.74186,35.33139],[128.75007,35.33227],[128.75022,35.3399],[128.75293,35.33747],[128.7521,35.33462],[128.75465,35.33542],[128.76218,35.34739],[128.73494,35.34841],[128.71206,35.36691],[128.68873,35.37925],[128.67239,35.37995],[128.65617,35.37263],[128.6442,35.37216],[128.61781,35.38051],[128.60028,35.39425],[128.59319,35.39077],[128.58496,35.38218],[128.57698,35.37916]]],[[[128.63278,35.06424],[128.63118,35.06122],[128.63346,35.05987],[128.63891,35.06389],[128.63688,35.06613],[128.63278,35.06424]]],[[[128.66137,35.09134],[128.6649,35.09002],[128.66604,35.09094],[128.66404,35.0921],[128.66137,35.09134]]],[[[128.65886,35.10583],[128.64791,35.10529],[128.64758,35.0999],[128.65325,35.0996],[128.66096,35.09407],[128.66079,35.10067],[128.65905,35.10257],[128.66194,35.10526],[128.65886,35.10583]]],[[[128.65223,35.11816],[128.65043,35.11893],[128.64911,35.11802],[128.65056,35.11631],[128.65223,35.11816]]],[[[128.57841,35.17859],[128.58382,35.17691],[128.58418,35.17728],[128.58338,35.18001],[128.57841,35.17859]]],[[[128.66899,35.06095],[128.66569,35.06018],[128.66945,35.05608],[128.67188,35.05642],[128.67236,35.05763],[128.66899,35.06095]]],[[[128.76144,35.06086],[128.764,35.05983],[128.76896,35.06539],[128.76661,35.06695],[128.76289,35.06594],[128.76144,35.06086]]],[[[128.69304,35.07683],[128.69724,35.07721],[128.69762,35.07917],[128.69551,35.07928],[128.69304,35.07683]]],[[[128.71481,35.08085],[128.70943,35.08287],[128.70783,35.08198],[128.71305,35.07997],[128.71481,35.08085]]],[[[128.72271,35.08916],[128.71832,35.08497],[128.71893,35.08421],[128.72289,35.08392],[128.72271,35.08916]]],[[[128.71786,35.09108],[128.71912,35.08949],[128.72274,35.09124],[128.71946,35.09311],[128.71786,35.09108]]],[[[128.66964,35.09795],[128.67055,35.09689],[128.67264,35.09799],[128.67147,35.09882],[128.66964,35.09795]]]]}},{"id":"feature_062","type":"Feature","properties":{"시도":"경상남도","시군구":"통영시"},"geometry":{"type":"MultiPolygon","coordinates":[[[[128.18002,34.56047],[128.18523,34.56037],[128.19008,34.57177],[128.185,34.57181],[128.18351,34.56288],[128.1804,34.56307],[128.17867,34.56095],[128.18002,34.56047]]],[[[128.30886,34.61565],[128.30531,34.62563],[128.29787,34.62157],[128.29911,34.61781],[128.30128,34.6186],[128.30886,34.61565]]],[[[128.2483,34.65166],[128.24264,34.6526],[128.23684,34.65075],[128.23388,34.65293],[128.22762,34.64871],[128.23494,34.64393],[128.23503,34.64056],[128.22351,34.63797],[128.22515,34.63247],[128.22939,34.63062],[128.23595,34.6357],[128.23743,34.63486],[128.23464,34.62857],[128.24277,34.62258],[128.24169,34.61883],[128.23091,34.61706],[128.23571,34.61169],[128.24329,34.61158],[128.2457,34.61441],[128.24409,34.61837],[128.2543,34.62037],[128.25591,34.6191],[128.26327,34.62737],[128.27148,34.62372],[128.27222,34.62087],[128.27558,34.61931],[128.2861,34.62164],[128.28954,34.61992],[128.28666,34.62407],[128.28738,34.62663],[128.28985,34.6302],[128.2921,34.62877],[128.2966,34.63138],[128.29365,34.63501],[128.29906,34.63814],[128.29923,34.63984],[128.29055,34.64101],[128.28441,34.63857],[128.27886,34.6338],[128.27847,34.62821],[128.27466,34.62478],[128.26512,34.63437],[128.27321,34.63532],[128.27411,34.64],[128.26425,34.64547],[128.25828,34.64505],[128.2483,34.65166]]],[[[128.25741,34.66093],[128.25979,34.6595],[128.26114,34.66012],[128.26032,34.66141],[128.25741,34.66093]]],[[[128.31444,34.6599],[128.31735,34.6586],[128.31547,34.6638],[128.31438,34.66307],[128.31444,34.6599]]],[[[128.25234,34.66208],[128.25411,34.66206],[128.25727,34.66651],[128.25161,34.66837],[128.24893,34.66572],[128.24306,34.66643],[128.24534,34.66297],[128.25234,34.66208]]],[[[128.26302,34.66634],[128.26727,34.66482],[128.26885,34.66587],[128.26674,34.6698],[128.26302,34.66634]]],[[[128.30101,34.66669],[128.30568,34.66597],[128.30518,34.67136],[128.30212,34.67078],[128.30101,34.66669]]],[[[128.30663,34.67228],[128.30709,34.67055],[128.30866,34.67228],[128.30777,34.67368],[128.30663,34.67228]]],[[[128.27684,34.67325],[128.27848,34.67278],[128.27922,34.6755],[128.27782,34.67522],[128.27684,34.67325]]],[[[128.25945,34.67523],[128.25426,34.67476],[128.25262,34.68116],[128.24657,34.67798],[128.23361,34.67788],[128.23279,34.67372],[128.22855,34.67328],[128.22353,34.67541],[128.22198,34.68031],[128.21825,34.67974],[128.22198,34.67303],[128.22707,34.67316],[128.23322,34.6705],[128.24193,34.67113],[128.24444,34.66768],[128.25554,34.67099],[128.25945,34.67523]]],[[[128.25935,34.68107],[128.26575,34.67845],[128.26779,34.67867],[128.26319,34.68277],[128.25935,34.68107]]],[[[128.28907,34.68791],[128.2852,34.6915],[128.2791,34.68753],[128.28755,34.68735],[128.28907,34.68791]]],[[[128.18514,34.70983],[128.18232,34.70916],[128.17621,34.71159],[128.16808,34.70695],[128.16765,34.70221],[128.18385,34.69039],[128.19376,34.69222],[128.19764,34.6885],[128.20238,34.69116],[128.20231,34.69565],[128.20003,34.69811],[128.20179,34.70239],[128.19923,34.70595],[128.19102,34.71136],[128.18514,34.70983]]],[[[128.30148,34.75354],[128.30658,34.75153],[128.30792,34.75628],[128.30039,34.7582],[128.29451,34.76307],[128.28672,34.75928],[128.28843,34.75317],[128.29249,34.74803],[128.30266,34.74583],[128.29779,34.74928],[128.30148,34.75354]]],[[[128.24939,34.79403],[128.25211,34.79427],[128.25253,34.79524],[128.24866,34.79629],[128.24939,34.79403]]],[[[128.25604,34.80535],[128.25526,34.80374],[128.25736,34.79958],[128.25729,34.80422],[128.25604,34.80535]]],[[[128.24745,34.82994],[128.2409,34.83416],[128.23653,34.8415],[128.2252,34.83797],[128.21749,34.83906],[128.21248,34.83129],[128.20672,34.82739],[128.21194,34.82368],[128.21135,34.82151],[128.2049,34.82219],[128.20085,34.82534],[128.19839,34.81795],[128.21357,34.81512],[128.21555,34.8125],[128.20979,34.81155],[128.20866,34.80819],[128.21332,34.80679],[128.22388,34.80777],[128.22258,34.80247],[128.22551,34.79976],[128.23667,34.80128],[128.23943,34.79717],[128.23878,34.79477],[128.24222,34.79485],[128.24606,34.79916],[128.24566,34.80115],[128.24299,34.80841],[128.23829,34.809],[128.23837,34.81098],[128.24486,34.81347],[128.24579,34.80982],[128.25476,34.80806],[128.26033,34.80916],[128.26314,34.81388],[128.26627,34.81544],[128.26533,34.81836],[128.24991,34.82491],[128.24745,34.82994]]],[[[128.17697,34.82202],[128.17354,34.82052],[128.17768,34.81892],[128.17881,34.82066],[128.17697,34.82202]]],[[[128.14217,34.8329],[128.13036,34.83613],[128.12587,34.83492],[128.12444,34.83192],[128.12927,34.82559],[128.13573,34.82335],[128.14334,34.82655],[128.14217,34.8329]]],[[[128.3175,34.83161],[128.31959,34.83556],[128.31713,34.83313],[128.31378,34.83306],[128.31426,34.83066],[128.3175,34.83161]]],[[[128.15714,34.83737],[128.15815,34.83518],[128.15961,34.83515],[128.15928,34.83658],[128.15714,34.83737]]],[[[128.21051,34.85224],[128.21047,34.85545],[128.20514,34.85829],[128.1958,34.86038],[128.19058,34.85936],[128.16829,34.85243],[128.16701,34.84196],[128.17208,34.83837],[128.17951,34.83652],[128.18221,34.83749],[128.18398,34.83412],[128.179,34.83152],[128.17957,34.82873],[128.18171,34.82671],[128.18984,34.82585],[128.19911,34.83157],[128.20044,34.83948],[128.20368,34.84181],[128.21497,34.84327],[128.21963,34.84158],[128.22163,34.8422],[128.2214,34.84406],[128.22848,34.84177],[128.23295,34.84523],[128.22309,34.8524],[128.21051,34.85224]]],[[[128.31471,34.62269],[128.31829,34.6195],[128.32648,34.61988],[128.32153,34.62271],[128.3164,34.6239],[128.31471,34.62269]]],[[[128.35637,34.65037],[128.35201,34.65241],[128.34936,34.64993],[128.34408,34.64958],[128.34353,34.6452],[128.34574,34.64143],[128.35621,34.63883],[128.35992,34.6429],[128.36216,34.64281],[128.37899,34.63306],[128.37559,34.63857],[128.38125,34.64002],[128.37885,34.64487],[128.3765,34.64523],[128.3712,34.64075],[128.36824,34.64204],[128.36786,34.64619],[128.36275,34.64866],[128.36042,34.64749],[128.35637,34.65037]]],[[[128.34206,34.66237],[128.33963,34.66277],[128.34143,34.65796],[128.35073,34.65528],[128.35179,34.65714],[128.34833,34.66202],[128.34206,34.66237]]],[[[128.38763,34.74126],[128.3807,34.74109],[128.37824,34.73788],[128.39183,34.73683],[128.38763,34.74126]]],[[[128.39038,34.76434],[128.3922,34.76405],[128.3898,34.76658],[128.38966,34.76552],[128.39038,34.76434]]],[[[128.36609,34.76987],[128.36858,34.76956],[128.36908,34.77111],[128.36698,34.77114],[128.36609,34.76987]]],[[[128.37703,34.77891],[128.37953,34.77826],[128.38095,34.78069],[128.37998,34.78083],[128.37703,34.77891]]],[[[128.37216,34.77617],[128.37433,34.7826],[128.369,34.78413],[128.36874,34.78633],[128.36258,34.78475],[128.36187,34.77979],[128.35681,34.78077],[128.35537,34.77892],[128.35991,34.77422],[128.36349,34.77684],[128.37216,34.77617]]],[[[128.3597,34.78447],[128.36228,34.78576],[128.3583,34.78708],[128.35814,34.78505],[128.3597,34.78447]]],[[[128.34416,34.93735],[128.34653,34.93283],[128.34224,34.9251],[128.35069,34.92353],[128.34605,34.92199],[128.34824,34.91955],[128.35444,34.91928],[128.35388,34.91702],[128.35097,34.91592],[128.35493,34.90804],[128.34627,34.90486],[128.33889,34.90852],[128.32356,34.90672],[128.31757,34.90917],[128.30865,34.90881],[128.29796,34.902],[128.29999,34.89809],[128.30491,34.89734],[128.30913,34.89362],[128.31085,34.887],[128.3163,34.88359],[128.31672,34.87979],[128.31951,34.87904],[128.3219,34.88319],[128.32807,34.8861],[128.32847,34.88411],[128.32551,34.88295],[128.32473,34.87942],[128.32838,34.87541],[128.33823,34.87753],[128.33339,34.88263],[128.33998,34.88077],[128.3401,34.88227],[128.34177,34.8811],[128.34132,34.87435],[128.3482,34.87266],[128.35106,34.87647],[128.34902,34.88714],[128.35075,34.88661],[128.35318,34.87883],[128.35716,34.87998],[128.35486,34.87547],[128.35575,34.87075],[128.36352,34.86979],[128.3682,34.8722],[128.37253,34.86878],[128.37672,34.87127],[128.3724,34.87552],[128.37324,34.87948],[128.37161,34.88292],[128.37685,34.88198],[128.38029,34.88556],[128.37618,34.89104],[128.38071,34.88899],[128.38479,34.88177],[128.3815,34.87765],[128.38095,34.87289],[128.38309,34.87216],[128.38817,34.87617],[128.38965,34.87477],[128.38562,34.87245],[128.38478,34.86847],[128.40524,34.86531],[128.4052,34.8676],[128.40772,34.86733],[128.41337,34.86447],[128.41285,34.86667],[128.41501,34.86738],[128.4193,34.86515],[128.42056,34.86236],[128.41819,34.85959],[128.41478,34.86146],[128.41333,34.859],[128.40044,34.86256],[128.39696,34.8584],[128.39647,34.8635],[128.38868,34.86323],[128.38697,34.85962],[128.38371,34.86165],[128.38346,34.85716],[128.3774,34.85166],[128.37101,34.85281],[128.36956,34.8489],[128.37729,34.84539],[128.37562,34.84384],[128.3713,34.8446],[128.3724,34.84273],[128.37711,34.83983],[128.38128,34.84071],[128.38281,34.84376],[128.38523,34.84352],[128.38847,34.84048],[128.37959,34.83773],[128.37913,34.83595],[128.38583,34.83302],[128.3913,34.83546],[128.39329,34.83407],[128.39385,34.83157],[128.3921,34.83079],[128.3937,34.82915],[128.39624,34.82966],[128.39896,34.8353],[128.40203,34.83601],[128.4046,34.83188],[128.40431,34.82844],[128.40069,34.82876],[128.39422,34.82485],[128.38393,34.82957],[128.38731,34.81614],[128.38624,34.81435],[128.37833,34.82947],[128.37091,34.83413],[128.36641,34.83084],[128.36386,34.83248],[128.36512,34.83513],[128.35606,34.83227],[128.35903,34.83796],[128.35694,34.84087],[128.35476,34.84001],[128.35378,34.8427],[128.34828,34.84206],[128.34687,34.83998],[128.34894,34.83527],[128.34445,34.83136],[128.34199,34.83518],[128.34213,34.84155],[128.33683,34.84197],[128.33945,34.83899],[128.34013,34.82875],[128.3374,34.82932],[128.33625,34.83301],[128.33274,34.83444],[128.33706,34.82743],[128.33572,34.82627],[128.33009,34.83002],[128.33091,34.82486],[128.33527,34.82298],[128.33628,34.81724],[128.34043,34.81814],[128.34066,34.82068],[128.34549,34.82536],[128.34925,34.82545],[128.37891,34.81528],[128.3811,34.812],[128.37784,34.81092],[128.37594,34.80766],[128.38059,34.80602],[128.37785,34.802],[128.37822,34.79864],[128.37588,34.7984],[128.37233,34.80304],[128.37207,34.79998],[128.36841,34.80022],[128.36365,34.79639],[128.37336,34.79401],[128.37521,34.78863],[128.37755,34.7937],[128.37443,34.79459],[128.38348,34.79683],[128.38045,34.79278],[128.38859,34.79043],[128.39124,34.78651],[128.38585,34.78055],[128.38734,34.77586],[128.38925,34.7757],[128.39138,34.77992],[128.3948,34.78101],[128.39722,34.77959],[128.39468,34.77462],[128.39749,34.77041],[128.39745,34.76538],[128.40662,34.76838],[128.4043,34.76423],[128.40656,34.76234],[128.42129,34.76535],[128.42359,34.76194],[128.42586,34.76874],[128.42392,34.77003],[128.43576,34.77957],[128.43565,34.78184],[128.42558,34.78832],[128.42144,34.78841],[128.41952,34.79238],[128.42082,34.79355],[128.43408,34.7889],[128.44024,34.79487],[128.4372,34.79903],[128.43145,34.80101],[128.43152,34.80606],[128.43329,34.80881],[128.43622,34.80233],[128.44115,34.80206],[128.44234,34.80398],[128.43946,34.81345],[128.44086,34.82801],[128.43539,34.83093],[128.43051,34.82936],[128.42322,34.83319],[128.42248,34.83815],[128.42634,34.83876],[128.42439,34.84237],[128.42559,34.84453],[128.42758,34.83948],[128.43542,34.83846],[128.44181,34.84071],[128.43278,34.84118],[128.43183,34.84278],[128.43368,34.84451],[128.44122,34.84252],[128.45222,34.84657],[128.45062,34.85167],[128.45419,34.85505],[128.44717,34.86286],[128.44692,34.86562],[128.45014,34.86782],[128.45192,34.86528],[128.45645,34.86478],[128.45586,34.86982],[128.45226,34.87333],[128.45555,34.87513],[128.45733,34.88244],[128.46051,34.87979],[128.4602,34.8728],[128.46208,34.87126],[128.46714,34.87167],[128.46778,34.88197],[128.47127,34.88457],[128.46875,34.88758],[128.475,34.89037],[128.47338,34.894],[128.47142,34.89194],[128.46538,34.89226],[128.46426,34.89959],[128.45924,34.89839],[128.45394,34.90068],[128.4608,34.90499],[128.45254,34.91063],[128.4535,34.91451],[128.44027,34.91339],[128.43805,34.91209],[128.45112,34.90295],[128.44405,34.9001],[128.44171,34.8948],[128.43885,34.89291],[128.44536,34.88883],[128.43669,34.88992],[128.4316,34.88821],[128.43082,34.88341],[128.43407,34.8847],[128.43426,34.88094],[128.42494,34.87295],[128.42127,34.8732],[128.42353,34.8835],[128.42029,34.8935],[128.42656,34.904],[128.4239,34.91006],[128.43074,34.91407],[128.42935,34.92815],[128.43673,34.93175],[128.43404,34.93185],[128.42865,34.93629],[128.43003,34.93855],[128.42593,34.93985],[128.42613,34.94178],[128.43148,34.94421],[128.43145,34.95685],[128.44021,34.96232],[128.44045,34.96567],[128.43716,34.96576],[128.44294,34.97281],[128.43216,34.97654],[128.4239,34.97547],[128.41579,34.96666],[128.40122,34.97092],[128.40034,34.96408],[128.39285,34.96365],[128.38896,34.96084],[128.39112,34.95181],[128.38625,34.95097],[128.38272,34.94742],[128.36719,34.94559],[128.35062,34.94104],[128.34416,34.93735]]],[[[128.35388,34.82006],[128.35052,34.82198],[128.34662,34.81952],[128.34643,34.81724],[128.35644,34.81278],[128.3693,34.8113],[128.36355,34.81497],[128.35714,34.81476],[128.36033,34.8183],[128.35522,34.82133],[128.35388,34.82006]]],[[[128.34431,34.817],[128.34495,34.81864],[128.34315,34.81907],[128.34284,34.81794],[128.34431,34.817]]],[[[128.35482,34.85174],[128.35878,34.8507],[128.35971,34.85118],[128.35783,34.85282],[128.35482,34.85174]]],[[[128.36752,34.85046],[128.36958,34.85063],[128.36697,34.85421],[128.36622,34.8536],[128.36752,34.85046]]],[[[128.35136,34.86391],[128.34989,34.86729],[128.34354,34.86473],[128.34732,34.86611],[128.35136,34.86391]]],[[[128.33513,34.8712],[128.33289,34.87112],[128.33883,34.86854],[128.33593,34.87029],[128.33513,34.8712]]],[[[128.37489,34.87877],[128.37477,34.87638],[128.37625,34.87569],[128.37574,34.87855],[128.37489,34.87877]]],[[[128.32317,34.9265],[128.32009,34.92618],[128.3191,34.92115],[128.32465,34.92268],[128.32317,34.9265]]],[[[128.33638,34.92564],[128.33599,34.92167],[128.34031,34.92393],[128.33778,34.92417],[128.3378,34.92689],[128.33638,34.92564]]],[[[128.34101,34.92392],[128.3415,34.92422],[128.34224,34.9251],[128.34031,34.92393],[128.34101,34.92392]]],[[[128.32815,34.92292],[128.3316,34.9228],[128.33361,34.92803],[128.33012,34.926],[128.32815,34.92292]]],[[[128.34021,34.93171],[128.33912,34.93124],[128.33816,34.93018],[128.34267,34.93103],[128.34021,34.93171]]],[[[128.4351,34.54009],[128.43545,34.53732],[128.44034,34.53893],[128.44626,34.54386],[128.44705,34.54779],[128.44404,34.54798],[128.4351,34.54009]]],[[[128.39348,34.63987],[128.38819,34.63775],[128.38824,34.63608],[128.39436,34.63729],[128.39348,34.63987]]],[[[128.46995,34.72618],[128.4717,34.72942],[128.46445,34.73588],[128.46177,34.73486],[128.46043,34.73155],[128.45556,34.72997],[128.45447,34.72643],[128.45911,34.72142],[128.45986,34.71792],[128.45045,34.71367],[128.44767,34.70841],[128.4511,34.70417],[128.45688,34.70235],[128.4671,34.70678],[128.46625,34.71178],[128.46097,34.71716],[128.46219,34.72056],[128.46995,34.72618]]],[[[128.4526,34.7225],[128.45215,34.72018],[128.45246,34.71997],[128.4544,34.72228],[128.4526,34.7225]]],[[[128.4227,34.72662],[128.42564,34.71985],[128.42885,34.71992],[128.42989,34.72949],[128.4281,34.73237],[128.42398,34.73154],[128.4227,34.72662]]],[[[128.40206,34.72863],[128.40655,34.7296],[128.40659,34.73454],[128.40431,34.73744],[128.39978,34.74059],[128.39499,34.73666],[128.39254,34.73682],[128.39764,34.73009],[128.40206,34.72863]]],[[[128.41892,34.74421],[128.42237,34.74564],[128.42432,34.74945],[128.42627,34.75452],[128.4246,34.75596],[128.42135,34.75482],[128.42005,34.74745],[128.40746,34.74788],[128.40425,34.75035],[128.39889,34.74677],[128.4032,34.74587],[128.40214,34.743],[128.40406,34.74164],[128.41479,34.74657],[128.41621,34.74426],[128.41892,34.74421]]],[[[128.39427,34.75129],[128.40018,34.75047],[128.40153,34.75548],[128.39864,34.75593],[128.39832,34.75355],[128.39596,34.75259],[128.39383,34.75472],[128.39142,34.75427],[128.39427,34.75129]]],[[[128.40885,34.75531],[128.40646,34.75546],[128.40389,34.75257],[128.40868,34.75261],[128.40885,34.75531]]],[[[128.45586,34.81197],[128.45602,34.80962],[128.45998,34.8147],[128.45884,34.81508],[128.45586,34.81197]]],[[[128.4241,34.89661],[128.42113,34.8941],[128.42353,34.88953],[128.42531,34.89507],[128.4241,34.89661]]],[[[128.4373,34.92752],[128.43377,34.92591],[128.43308,34.92482],[128.43968,34.92572],[128.4373,34.92752]]],[[[128.4361,34.94405],[128.43307,34.94415],[128.43304,34.94187],[128.4348,34.94198],[128.4361,34.94405]]],[[[128.54877,34.62177],[128.5455,34.62073],[128.54517,34.61869],[128.55005,34.61838],[128.54877,34.62177]]],[[[128.54541,34.62789],[128.54946,34.62219],[128.55175,34.62184],[128.55647,34.63091],[128.54925,34.63071],[128.54541,34.62789]]],[[[128.58557,34.64375],[128.57836,34.64588],[128.58026,34.65009],[128.57736,34.65106],[128.57048,34.641],[128.55988,34.63556],[128.56337,34.63234],[128.57161,34.63324],[128.57774,34.64012],[128.58459,34.6413],[128.58557,34.64375]]],[[[128.57417,34.65747],[128.57177,34.65615],[128.57375,34.65337],[128.57931,34.65581],[128.57855,34.65771],[128.57417,34.65747]]],[[[128.57396,34.68252],[128.57709,34.68091],[128.58426,34.68106],[128.57809,34.68866],[128.57396,34.68252]]],[[[128.54395,34.69744],[128.54904,34.69644],[128.54878,34.7007],[128.54218,34.70083],[128.54129,34.69968],[128.54395,34.69744]]],[[[128.55517,34.70435],[128.55804,34.70266],[128.55922,34.70394],[128.55795,34.70562],[128.55517,34.70435]]],[[[128.55959,34.7161],[128.55272,34.71831],[128.56049,34.70707],[128.56601,34.70661],[128.56622,34.70751],[128.55959,34.7161]]],[[[128.53755,34.73213],[128.52956,34.73524],[128.5229,34.73303],[128.51989,34.72853],[128.53023,34.7271],[128.53543,34.72893],[128.53755,34.73213]]],[[[128.49924,34.7437],[128.49702,34.74873],[128.49419,34.75038],[128.48512,34.74526],[128.47502,34.74668],[128.46578,34.74107],[128.467,34.73904],[128.48172,34.73939],[128.48315,34.7375],[128.4816,34.73492],[128.48604,34.73646],[128.49545,34.73144],[128.50154,34.73829],[128.50442,34.73209],[128.51435,34.7343],[128.5146,34.73683],[128.50596,34.74032],[128.50261,34.7394],[128.49924,34.7437]]],[[[128.52879,34.76481],[128.51315,34.76668],[128.50923,34.76498],[128.51095,34.75875],[128.5159,34.75875],[128.52478,34.75465],[128.53581,34.75483],[128.55134,34.74796],[128.56093,34.75046],[128.55381,34.75357],[128.55421,34.75513],[128.56069,34.75605],[128.55894,34.75991],[128.54524,34.7615],[128.54166,34.76065],[128.53804,34.75688],[128.5315,34.75762],[128.53005,34.7617],[128.53451,34.76441],[128.52879,34.76481]]],[[[128.53139,34.7667],[128.52962,34.76696],[128.52917,34.7665],[128.53137,34.76591],[128.53139,34.7667]]],[[[128.46124,34.78002],[128.46017,34.77589],[128.46074,34.77522],[128.46377,34.77907],[128.46124,34.78002]]],[[[128.49541,34.78701],[128.4947,34.78547],[128.49798,34.78582],[128.4974,34.78696],[128.49541,34.78701]]],[[[128.4784,34.81258],[128.48476,34.81782],[128.47802,34.81576],[128.46923,34.81804],[128.46405,34.81097],[128.4669,34.81057],[128.46947,34.80413],[128.4784,34.80607],[128.48577,34.79774],[128.48243,34.7976],[128.48221,34.79975],[128.47649,34.80459],[128.47289,34.80373],[128.47281,34.79692],[128.46871,34.79518],[128.46744,34.78786],[128.46602,34.78794],[128.46859,34.80087],[128.46135,34.806],[128.46354,34.79685],[128.4614,34.79391],[128.46223,34.78919],[128.45942,34.78649],[128.46476,34.78167],[128.46854,34.78314],[128.47291,34.7756],[128.4733,34.77103],[128.46949,34.76077],[128.47499,34.75885],[128.47856,34.76216],[128.48427,34.75791],[128.49122,34.75724],[128.5011,34.76493],[128.50862,34.76665],[128.51061,34.77056],[128.51094,34.77891],[128.50508,34.78102],[128.50674,34.78359],[128.50485,34.78452],[128.49751,34.78183],[128.49345,34.7827],[128.4898,34.79574],[128.49181,34.80147],[128.48517,34.80737],[128.48955,34.81257],[128.48453,34.81351],[128.4824,34.8087],[128.48023,34.8084],[128.4784,34.81258]]],[[[128.51144,34.79422],[128.517,34.79216],[128.52123,34.79314],[128.51904,34.79556],[128.51934,34.79822],[128.5159,34.79886],[128.51065,34.79582],[128.51144,34.79422]]],[[[128.5109,34.79989],[128.5004,34.80416],[128.49806,34.8024],[128.49792,34.79672],[128.49469,34.79434],[128.49476,34.79143],[128.4986,34.79],[128.50003,34.79264],[128.50179,34.78819],[128.50496,34.78704],[128.5077,34.79937],[128.5109,34.79989]]],[[[128.4943,34.80924],[128.49932,34.81143],[128.49619,34.8134],[128.4914,34.81298],[128.4943,34.80924]]],[[[128.46589,34.86375],[128.46913,34.86498],[128.46907,34.86898],[128.46622,34.86794],[128.46589,34.86375]]],[[[128.47273,34.91796],[128.47509,34.91893],[128.46491,34.92085],[128.46815,34.91787],[128.46445,34.91367],[128.46393,34.90977],[128.46614,34.90576],[128.47627,34.9045],[128.47958,34.90919],[128.47519,34.91143],[128.47259,34.91489],[128.47273,34.91796]]],[[[128.48326,34.91612],[128.4847,34.91469],[128.4864,34.91611],[128.48467,34.91714],[128.48326,34.91612]]],[[[128.49153,34.93245],[128.48746,34.94101],[128.48653,34.93581],[128.48426,34.93404],[128.48511,34.93029],[128.49027,34.92943],[128.49153,34.93245]]],[[[128.49052,34.9557],[128.48664,34.95687],[128.48508,34.95995],[128.48699,34.96425],[128.49,34.96598],[128.48693,34.9672],[128.48334,34.96601],[128.48198,34.96359],[128.48438,34.96044],[128.4839,34.9548],[128.49052,34.95373],[128.49052,34.9557]]]]}},{"id":"feature_063","type":"Feature","properties":{"시도":"경상남도","시군구":"하동군"},"geometry":{"type":"MultiPolygon","coordinates":[[[[127.82919,34.92487],[127.83405,34.92478],[127.83488,34.92639],[127.82881,34.92574],[127.82919,34.92487]]],[[[127.78058,34.9391],[127.78189,34.93719],[127.78354,34.93834],[127.78213,34.94174],[127.78156,34.94156],[127.78058,34.9391]]],[[[127.77777,34.98811],[127.78011,34.98837],[127.77373,34.9818],[127.76747,34.97899],[127.76509,34.97279],[127.76753,34.96686],[127.77008,34.96685],[127.77215,34.96356],[127.77342,34.95483],[127.77662,34.95311],[127.78082,34.9444],[127.78573,34.93993],[127.8069,34.94369],[127.80853,34.94069],[127.80739,34.93862],[127.81585,34.93903],[127.81755,34.9416],[127.81408,34.94102],[127.80989,34.94806],[127.81808,34.94928],[127.81816,34.94652],[127.81621,34.94713],[127.81852,34.94362],[127.82954,34.94802],[127.82873,34.95088],[127.83459,34.94909],[127.83864,34.95017],[127.84133,34.9617],[127.84532,34.95817],[127.84277,34.95687],[127.84441,34.94872],[127.8481,34.94926],[127.84566,34.9472],[127.85523,34.94773],[127.858,34.95061],[127.85831,34.94721],[127.87163,34.94626],[127.88083,34.94939],[127.88171,34.953],[127.88519,34.9559],[127.88658,34.95174],[127.88721,34.95487],[127.89248,34.95339],[127.89147,34.95619],[127.89444,34.95781],[127.89598,34.95487],[127.90217,34.95476],[127.90394,34.95833],[127.90071,34.96864],[127.90786,34.97309],[127.91114,34.97194],[127.91053,34.97064],[127.9121,34.97246],[127.91059,34.9776],[127.91173,34.97977],[127.909,34.98319],[127.91155,34.98397],[127.91795,34.97981],[127.91974,34.98134],[127.91852,34.98799],[127.92253,34.9888],[127.91916,34.99076],[127.9168,34.99541],[127.9226,35.00503],[127.9221,35.0077],[127.91859,35.00999],[127.92255,35.01404],[127.92435,35.03017],[127.92293,35.03337],[127.92485,35.03593],[127.92364,35.0418],[127.93134,35.04788],[127.92526,35.05354],[127.92034,35.06433],[127.91449,35.06463],[127.91196,35.07374],[127.90838,35.07465],[127.90467,35.07946],[127.89589,35.07928],[127.89162,35.08642],[127.90174,35.08749],[127.90233,35.09439],[127.90957,35.09749],[127.89935,35.10795],[127.90085,35.1108],[127.90984,35.11524],[127.91109,35.11879],[127.90262,35.12511],[127.89604,35.12602],[127.88976,35.13068],[127.8857,35.1304],[127.87942,35.14489],[127.88009,35.14791],[127.88564,35.14733],[127.88852,35.15105],[127.89651,35.15273],[127.89609,35.15652],[127.9023,35.15485],[127.9096,35.14846],[127.92155,35.15013],[127.92979,35.14469],[127.93168,35.14615],[127.93165,35.14943],[127.9424,35.15559],[127.93661,35.15895],[127.93989,35.16635],[127.93784,35.1697],[127.91958,35.18042],[127.90808,35.18431],[127.89347,35.19689],[127.89446,35.20942],[127.88776,35.21554],[127.89032,35.22649],[127.89085,35.23224],[127.88743,35.2375],[127.89226,35.25017],[127.87538,35.25169],[127.87665,35.25738],[127.87195,35.25966],[127.86421,35.25965],[127.86434,35.25393],[127.86136,35.25368],[127.85686,35.24924],[127.85725,35.24028],[127.84584,35.2336],[127.84613,35.23009],[127.84384,35.22714],[127.83552,35.22939],[127.83308,35.2259],[127.826,35.22203],[127.81256,35.22004],[127.78302,35.22122],[127.77568,35.21969],[127.75663,35.23207],[127.75303,35.23687],[127.74847,35.25002],[127.73762,35.25529],[127.73313,35.25469],[127.70504,35.26471],[127.70056,35.27442],[127.69584,35.27702],[127.69018,35.28372],[127.69262,35.28762],[127.68857,35.29405],[127.68879,35.31916],[127.68311,35.32292],[127.66449,35.32074],[127.65806,35.32866],[127.64028,35.32465],[127.63022,35.32716],[127.62042,35.33233],[127.61485,35.33056],[127.60813,35.32532],[127.60551,35.31896],[127.5932,35.31193],[127.58567,35.30914],[127.57745,35.30896],[127.57611,35.30636],[127.57714,35.29548],[127.58652,35.28638],[127.59052,35.27931],[127.59071,35.27537],[127.59503,35.27162],[127.5958,35.26816],[127.61002,35.26191],[127.61494,35.25027],[127.6126,35.24744],[127.61306,35.24121],[127.61867,35.23677],[127.62087,35.22296],[127.62095,35.21346],[127.61719,35.21007],[127.61744,35.2037],[127.62137,35.18851],[127.62474,35.18449],[127.63247,35.1753],[127.64064,35.17114],[127.6453,35.1613],[127.64978,35.15887],[127.65972,35.15815],[127.67287,35.14975],[127.68479,35.1374],[127.694,35.13178],[127.69532,35.12597],[127.69291,35.10994],[127.6946,35.10308],[127.70652,35.09523],[127.71825,35.08197],[127.73747,35.07808],[127.7396,35.06376],[127.74221,35.06028],[127.75414,35.05644],[127.76224,35.05788],[127.7662,35.05521],[127.76869,35.05044],[127.76899,35.03609],[127.77196,35.02948],[127.78275,35.02253],[127.78715,35.01725],[127.7865,35.00878],[127.77777,34.98811]],[[127.83604,34.95644],[127.83845,34.95427],[127.83855,34.95026],[127.83689,34.94995],[127.83604,34.95644]],[[127.83705,34.95666],[127.83542,34.95885],[127.837,34.95927],[127.83705,34.95666]]],[[[127.76381,34.96531],[127.76642,34.96508],[127.76393,34.9712],[127.76193,34.96763],[127.76381,34.96531]]],[[[127.83882,34.92608],[127.84005,34.92415],[127.84071,34.92415],[127.84005,34.92703],[127.83882,34.92608]]],[[[127.83732,34.93272],[127.83848,34.93022],[127.84049,34.9309],[127.83908,34.93298],[127.83732,34.93272]]],[[[127.82999,34.92853],[127.83441,34.92792],[127.83239,34.93218],[127.83348,34.93925],[127.82909,34.92957],[127.82999,34.92853]]],[[[127.91589,34.97189],[127.91665,34.97008],[127.91747,34.97014],[127.91743,34.97271],[127.91589,34.97189]]],[[[127.91913,34.97649],[127.91532,34.97668],[127.91495,34.97544],[127.92223,34.97474],[127.91913,34.97649]]],[[[127.92441,34.98123],[127.92403,34.98462],[127.92062,34.986],[127.92144,34.98114],[127.92441,34.98123]]]]}},{"id":"feature_064","type":"Feature","properties":{"시도":"경상남도","시군구":"함안군"},"geometry":{"type":"Polygon","coordinates":[[[128.36754,35.19413],[128.37564,35.19387],[128.3766,35.19831],[128.3893,35.20686],[128.4008,35.20485],[128.40788,35.19236],[128.40371,35.18602],[128.40631,35.17934],[128.4099,35.17927],[128.41644,35.17048],[128.43001,35.16422],[128.43633,35.16469],[128.44392,35.17002],[128.44629,35.18027],[128.45741,35.18379],[128.45822,35.18581],[128.46507,35.18882],[128.47897,35.18772],[128.48999,35.20206],[128.49004,35.20702],[128.48424,35.21167],[128.47902,35.21251],[128.47421,35.22235],[128.47581,35.23773],[128.47438,35.24137],[128.47869,35.25307],[128.4852,35.2576],[128.49104,35.26566],[128.49081,35.27369],[128.4974,35.27564],[128.50714,35.27335],[128.51105,35.26899],[128.52478,35.27024],[128.53268,35.26648],[128.53537,35.26711],[128.53832,35.27274],[128.54515,35.27067],[128.557,35.27734],[128.57819,35.26913],[128.59124,35.27159],[128.58982,35.27649],[128.5832,35.27864],[128.58106,35.28751],[128.57355,35.29585],[128.57253,35.30116],[128.58267,35.30863],[128.57219,35.31553],[128.57138,35.3211],[128.56335,35.32586],[128.57019,35.33598],[128.56458,35.34116],[128.56613,35.34259],[128.56272,35.34696],[128.56395,35.35008],[128.55947,35.35275],[128.56253,35.35701],[128.5709,35.35815],[128.57149,35.36169],[128.57697,35.36609],[128.57698,35.37916],[128.55164,35.37941],[128.53588,35.38955],[128.5241,35.39176],[128.50838,35.39918],[128.50188,35.39792],[128.48109,35.38212],[128.47627,35.38074],[128.46665,35.38039],[128.45206,35.38321],[128.44247,35.38708],[128.43652,35.3924],[128.42951,35.38982],[128.42015,35.37854],[128.42832,35.36658],[128.42734,35.36431],[128.41642,35.36267],[128.41384,35.35837],[128.40206,35.36083],[128.38705,35.35965],[128.38346,35.35725],[128.38216,35.35098],[128.39483,35.33998],[128.39609,35.33611],[128.39402,35.33464],[128.37789,35.33323],[128.35583,35.33858],[128.35025,35.34278],[128.33905,35.35932],[128.32579,35.36279],[128.31513,35.3612],[128.31104,35.34727],[128.31205,35.33733],[128.31741,35.32874],[128.31677,35.32294],[128.31232,35.31916],[128.29505,35.31317],[128.289,35.30306],[128.29071,35.2971],[128.30212,35.28235],[128.29745,35.27921],[128.28163,35.27468],[128.27424,35.25737],[128.28609,35.25169],[128.29344,35.25353],[128.29848,35.25005],[128.29899,35.24821],[128.2942,35.24126],[128.3036,35.23745],[128.30781,35.22949],[128.30577,35.22392],[128.30734,35.22168],[128.31827,35.22173],[128.3274,35.20781],[128.32978,35.2067],[128.35265,35.20941],[128.36754,35.19413]]]}},{"id":"feature_065","type":"Feature","properties":{"시도":"경상남도","시군구":"함양군"},"geometry":{"type":"Polygon","coordinates":[[[127.68879,35.31916],[127.70066,35.31623],[127.70638,35.32042],[127.70781,35.32591],[127.71851,35.33438],[127.731,35.33722],[127.73514,35.34726],[127.73297,35.35474],[127.73407,35.36099],[127.73899,35.36498],[127.73874,35.3723],[127.74602,35.37625],[127.75264,35.38299],[127.74924,35.39032],[127.74854,35.397],[127.75859,35.40274],[127.75927,35.415],[127.77056,35.42055],[127.77042,35.42645],[127.77944,35.43415],[127.77567,35.43942],[127.77277,35.43838],[127.7724,35.44396],[127.77838,35.44693],[127.78391,35.44364],[127.78913,35.44521],[127.78883,35.4523],[127.78203,35.45754],[127.78247,35.45915],[127.80084,35.46763],[127.81428,35.47006],[127.814,35.47312],[127.8079,35.47942],[127.80528,35.48869],[127.81691,35.49128],[127.82331,35.49971],[127.82287,35.50682],[127.82024,35.50966],[127.82317,35.51665],[127.81581,35.52189],[127.81674,35.52554],[127.82422,35.52923],[127.8319,35.53924],[127.84067,35.54629],[127.85632,35.56942],[127.85045,35.57749],[127.83619,35.57693],[127.83513,35.58307],[127.84338,35.58778],[127.84726,35.59489],[127.85305,35.59662],[127.86195,35.60532],[127.86422,35.60836],[127.86323,35.6113],[127.87186,35.62182],[127.87078,35.63413],[127.87723,35.63942],[127.87428,35.65187],[127.8765,35.65829],[127.87499,35.6614],[127.87687,35.66935],[127.86889,35.67049],[127.8646,35.6664],[127.86203,35.65939],[127.85796,35.65791],[127.84586,35.65681],[127.83592,35.66058],[127.83363,35.66326],[127.83356,35.66861],[127.83061,35.67],[127.82221,35.6693],[127.82144,35.67227],[127.81235,35.68124],[127.81125,35.68555],[127.80329,35.6859],[127.80107,35.69607],[127.79536,35.70421],[127.78446,35.7053],[127.7769,35.71298],[127.76401,35.72114],[127.76114,35.73081],[127.75506,35.73354],[127.74795,35.73089],[127.74147,35.72434],[127.73769,35.72407],[127.73411,35.71899],[127.72929,35.72094],[127.71491,35.73116],[127.71274,35.73476],[127.71179,35.74352],[127.70165,35.75572],[127.69065,35.76177],[127.68639,35.76174],[127.67903,35.76927],[127.67003,35.77168],[127.66414,35.76701],[127.66182,35.74983],[127.6636,35.74502],[127.6603,35.7384],[127.66344,35.72476],[127.65975,35.71609],[127.66077,35.70975],[127.65764,35.70657],[127.64916,35.70399],[127.64955,35.70162],[127.64505,35.69766],[127.64038,35.68666],[127.64026,35.67231],[127.63515,35.66709],[127.62907,35.6642],[127.6296,35.65663],[127.62248,35.65101],[127.62025,35.64626],[127.62041,35.64179],[127.62449,35.63808],[127.62413,35.63235],[127.63547,35.61847],[127.62113,35.61501],[127.61819,35.61031],[127.613,35.60869],[127.61268,35.5997],[127.60757,35.59477],[127.61059,35.58486],[127.60437,35.5787],[127.59459,35.57336],[127.59074,35.56702],[127.58741,35.56516],[127.58541,35.55459],[127.59108,35.55417],[127.59434,35.54813],[127.60643,35.54284],[127.61193,35.53569],[127.6188,35.53705],[127.62286,35.53376],[127.62872,35.53575],[127.6245,35.52733],[127.63087,35.52082],[127.63416,35.52105],[127.63408,35.51298],[127.64187,35.50506],[127.64495,35.49904],[127.65084,35.49763],[127.6502,35.49013],[127.65272,35.48567],[127.63677,35.47846],[127.63786,35.47083],[127.63568,35.46255],[127.63693,35.45932],[127.64507,35.44951],[127.65201,35.45082],[127.6679,35.44793],[127.67283,35.44376],[127.66554,35.43634],[127.66582,35.4286],[127.66351,35.4255],[127.66198,35.41666],[127.65004,35.40773],[127.64645,35.40266],[127.63542,35.39982],[127.62556,35.38549],[127.62462,35.37656],[127.6224,35.3732],[127.61034,35.3663],[127.61212,35.35595],[127.62286,35.34395],[127.62042,35.33233],[127.63022,35.32716],[127.64028,35.32465],[127.65806,35.32866],[127.66449,35.32074],[127.68311,35.32292],[127.68879,35.31916]]]}},{"id":"feature_066","type":"Feature","properties":{"시도":"경상남도","시군구":"합천군"},"geometry":{"type":"Polygon","coordinates":[[[128.08034,35.37013],[128.09532,35.36815],[128.11223,35.38226],[128.12752,35.37237],[128.12977,35.37332],[128.12584,35.38502],[128.12887,35.38772],[128.14773,35.38584],[128.16674,35.3943],[128.18946,35.39867],[128.1916,35.40902],[128.18572,35.41917],[128.20018,35.43208],[128.20295,35.44248],[128.20713,35.44819],[128.20812,35.45987],[128.21131,35.46184],[128.21666,35.46148],[128.21514,35.46477],[128.20631,35.46913],[128.20058,35.47522],[128.20132,35.47757],[128.2063,35.47762],[128.20945,35.48292],[128.22071,35.48597],[128.22835,35.49105],[128.23048,35.48896],[128.23987,35.49389],[128.25499,35.49373],[128.26189,35.49718],[128.26099,35.50176],[128.26636,35.50952],[128.28868,35.51189],[128.29286,35.5173],[128.30414,35.51349],[128.30786,35.51698],[128.31337,35.51637],[128.3228,35.50811],[128.33015,35.50752],[128.33899,35.50952],[128.33973,35.50687],[128.34878,35.49919],[128.35264,35.49834],[128.3535,35.5015],[128.35922,35.50313],[128.36668,35.5002],[128.37328,35.50369],[128.36934,35.51371],[128.37224,35.51896],[128.35276,35.53493],[128.34882,35.54597],[128.34979,35.55216],[128.35999,35.56764],[128.36175,35.57733],[128.35876,35.58627],[128.35535,35.59038],[128.35202,35.60754],[128.35582,35.61095],[128.36235,35.61189],[128.36364,35.61407],[128.36305,35.62858],[128.35492,35.64247],[128.34917,35.64645],[128.34095,35.64415],[128.32926,35.64816],[128.32371,35.64602],[128.31822,35.65092],[128.29726,35.65619],[128.2962,35.65053],[128.27971,35.65229],[128.27669,35.64673],[128.2611,35.64269],[128.25825,35.64759],[128.24893,35.6511],[128.24362,35.65566],[128.23578,35.65123],[128.23749,35.64425],[128.23572,35.64073],[128.22967,35.63945],[128.22523,35.64207],[128.2115,35.64154],[128.21027,35.64438],[128.2011,35.64376],[128.19886,35.64916],[128.1843,35.65845],[128.16373,35.65349],[128.15942,35.65501],[128.15772,35.65781],[128.16137,35.66094],[128.16002,35.66713],[128.16398,35.67289],[128.17916,35.67295],[128.1842,35.6783],[128.1944,35.68436],[128.20182,35.68418],[128.20415,35.68865],[128.20205,35.69118],[128.20446,35.69736],[128.20078,35.70817],[128.20301,35.71184],[128.20082,35.71782],[128.20157,35.72281],[128.1965,35.73114],[128.19814,35.73644],[128.19433,35.73821],[128.18727,35.75416],[128.16385,35.76331],[128.16142,35.76974],[128.16406,35.77703],[128.15983,35.77957],[128.15477,35.78649],[128.13949,35.78406],[128.13552,35.78465],[128.12881,35.78937],[128.1285,35.79431],[128.12169,35.80357],[128.12527,35.82276],[128.12227,35.82245],[128.11786,35.82579],[128.10871,35.8239],[128.10345,35.82895],[128.09574,35.83257],[128.09068,35.83081],[128.08455,35.82252],[128.08495,35.81696],[128.07523,35.81321],[128.06855,35.80642],[128.05373,35.8056],[128.04978,35.80244],[128.04704,35.79544],[128.03807,35.79108],[128.03564,35.78614],[128.04024,35.78012],[128.05093,35.77783],[128.0527,35.77467],[128.04946,35.76926],[128.05125,35.76114],[128.04418,35.75217],[128.0487,35.74538],[128.05451,35.74106],[128.06119,35.72393],[128.06786,35.72285],[128.073,35.71867],[128.07546,35.6998],[128.08084,35.69566],[128.09507,35.69046],[128.09329,35.68545],[128.08991,35.68142],[128.07782,35.67967],[128.07285,35.67303],[128.06668,35.68276],[128.05035,35.67815],[128.04445,35.67426],[128.04564,35.66697],[128.04361,35.66033],[128.02095,35.65215],[128.01793,35.64333],[128.00526,35.6373],[128.00034,35.63257],[128.00033,35.62947],[127.99783,35.62815],[127.99783,35.61127],[127.9848,35.60873],[127.9827,35.60221],[127.98514,35.59635],[127.98861,35.59464],[127.98834,35.58951],[127.9876,35.58594],[127.98324,35.58464],[127.98073,35.58011],[127.97916,35.5738],[127.98094,35.56629],[127.97951,35.56352],[127.97641,35.56319],[127.97211,35.55585],[127.95505,35.54992],[127.95356,35.52982],[127.95862,35.5238],[127.95982,35.51858],[127.96228,35.50012],[127.97434,35.49504],[127.97603,35.47996],[127.97413,35.47674],[127.97933,35.46755],[127.97883,35.46104],[127.9848,35.45657],[127.98382,35.45313],[127.98646,35.45122],[127.98692,35.44544],[127.99798,35.43724],[128.00256,35.43781],[128.0081,35.43564],[128.00813,35.43169],[128.01162,35.42623],[128.02311,35.42636],[128.03066,35.41635],[128.03658,35.41571],[128.04205,35.41891],[128.04526,35.41573],[128.05321,35.41761],[128.05949,35.40549],[128.0659,35.40224],[128.06492,35.3986],[128.07197,35.39232],[128.07293,35.38892],[128.08072,35.38909],[128.0885,35.38051],[128.08674,35.37465],[128.08034,35.37013]]]}},{"id":"feature_067","type":"Feature","properties":{"시도":"경상북도","시군구":"경산시"},"geometry":{"type":"Polygon","coordinates":[[[128.69438,35.74388],[128.70218,35.74362],[128.70404,35.73625],[128.71096,35.73088],[128.71529,35.7208],[128.72312,35.71902],[128.73217,35.71978],[128.73608,35.71641],[128.73697,35.70978],[128.74359,35.70387],[128.7539,35.70064],[128.76559,35.70041],[128.76673,35.7059],[128.76282,35.70853],[128.76439,35.71614],[128.774,35.72128],[128.77465,35.72943],[128.78601,35.73292],[128.78428,35.73484],[128.78958,35.74256],[128.79776,35.74288],[128.80091,35.74498],[128.81045,35.74003],[128.81555,35.74317],[128.82709,35.73841],[128.83545,35.74557],[128.84973,35.74132],[128.85835,35.74743],[128.85457,35.75382],[128.85556,35.75691],[128.86039,35.75523],[128.8664,35.75814],[128.8763,35.74802],[128.8865,35.75124],[128.89159,35.75482],[128.89551,35.7639],[128.89882,35.7613],[128.90347,35.74686],[128.90624,35.74676],[128.914,35.75804],[128.92614,35.75547],[128.93478,35.76158],[128.94191,35.77714],[128.94635,35.7815],[128.94454,35.78652],[128.94966,35.79326],[128.95089,35.79822],[128.95556,35.80282],[128.95444,35.81187],[128.96296,35.83028],[128.96594,35.83449],[128.97076,35.83544],[128.96926,35.84092],[128.9592,35.8417],[128.94403,35.82986],[128.94116,35.83081],[128.93872,35.8356],[128.9353,35.83531],[128.93359,35.83712],[128.92573,35.83556],[128.92396,35.83357],[128.91488,35.8374],[128.91397,35.8338],[128.90847,35.83154],[128.90225,35.83713],[128.89454,35.83742],[128.89209,35.84464],[128.88223,35.84315],[128.87847,35.84934],[128.87518,35.85102],[128.87515,35.86047],[128.87298,35.86596],[128.86086,35.87241],[128.85862,35.87684],[128.86604,35.88361],[128.87091,35.8841],[128.8756,35.88935],[128.87336,35.88927],[128.8697,35.89406],[128.85532,35.89978],[128.85543,35.90567],[128.85316,35.908],[128.85673,35.91161],[128.85657,35.91605],[128.8525,35.9203],[128.85741,35.92672],[128.86263,35.92969],[128.85798,35.94791],[128.85929,35.95236],[128.85618,35.95275],[128.84899,35.96174],[128.84007,35.96318],[128.83654,35.96814],[128.82781,35.96403],[128.81334,35.96532],[128.81158,35.96757],[128.81184,35.97322],[128.79861,35.9817],[128.79076,35.98371],[128.78607,35.988],[128.76916,35.983],[128.75204,35.99075],[128.73516,35.9929],[128.73231,35.98978],[128.73173,35.98495],[128.73639,35.98158],[128.73814,35.97683],[128.74607,35.97193],[128.73903,35.95532],[128.74179,35.94797],[128.74557,35.94437],[128.73785,35.92949],[128.74446,35.92192],[128.75802,35.91262],[128.76045,35.90698],[128.75725,35.90482],[128.7571,35.8998],[128.76194,35.88322],[128.75822,35.8782],[128.76067,35.87394],[128.75858,35.87055],[128.76004,35.86546],[128.75394,35.86402],[128.75162,35.85755],[128.74657,35.85655],[128.73685,35.85072],[128.72613,35.85712],[128.72151,35.85628],[128.72529,35.85352],[128.72511,35.83613],[128.71819,35.83533],[128.7086,35.82586],[128.70883,35.82234],[128.71335,35.81764],[128.71769,35.80671],[128.7107,35.80487],[128.69999,35.79513],[128.69695,35.79415],[128.69297,35.79654],[128.68906,35.79233],[128.68258,35.7899],[128.68172,35.78367],[128.68708,35.77652],[128.68616,35.76949],[128.68871,35.7694],[128.69189,35.76518],[128.69247,35.75993],[128.69619,35.75659],[128.69262,35.74802],[128.69438,35.74388]]]}},{"id":"feature_068","type":"Feature","properties":{"시도":"경상북도","시군구":"경주시"},"geometry":{"type":"Polygon","coordinates":[[[129.04731,35.65015],[129.06433,35.64625],[129.07413,35.64009],[129.08121,35.64343],[129.07971,35.64949],[129.06842,35.65828],[129.06761,35.6618],[129.06947,35.66911],[129.06757,35.67124],[129.07319,35.67774],[129.06949,35.68073],[129.07743,35.69302],[129.08857,35.70202],[129.11208,35.70795],[129.12328,35.70748],[129.12665,35.71446],[129.13524,35.71193],[129.14004,35.71808],[129.13853,35.72088],[129.14572,35.7247],[129.15437,35.72171],[129.16064,35.71488],[129.17686,35.71553],[129.18152,35.72314],[129.19765,35.71579],[129.2006,35.7158],[129.20208,35.71871],[129.20723,35.72151],[129.21405,35.71525],[129.22669,35.70832],[129.23254,35.70807],[129.23406,35.70358],[129.25604,35.70078],[129.26269,35.69145],[129.26224,35.68579],[129.2586,35.68343],[129.26086,35.67939],[129.25981,35.67303],[129.25418,35.66604],[129.25517,35.66034],[129.26024,35.65442],[129.2695,35.65104],[129.27588,35.65279],[129.28219,35.64948],[129.28443,35.65149],[129.2919,35.64516],[129.29581,35.6443],[129.29672,35.64651],[129.30277,35.64832],[129.30357,35.65697],[129.31083,35.66025],[129.31879,35.65841],[129.32399,35.65921],[129.3305,35.66574],[129.34162,35.67083],[129.34879,35.67733],[129.35571,35.67972],[129.36455,35.67877],[129.37347,35.66984],[129.38122,35.67106],[129.39993,35.66754],[129.40343,35.66292],[129.41263,35.66402],[129.42839,35.65594],[129.43273,35.65664],[129.43518,35.65218],[129.43742,35.65452],[129.44284,35.65438],[129.45001,35.65095],[129.45457,35.6639],[129.45799,35.66629],[129.46006,35.66476],[129.46509,35.6663],[129.46543,35.67695],[129.47255,35.68025],[129.47573,35.68574],[129.47517,35.68975],[129.4777,35.69064],[129.47331,35.70531],[129.4745,35.70855],[129.47983,35.7124],[129.47929,35.71734],[129.48568,35.72888],[129.48472,35.74342],[129.49344,35.75166],[129.49163,35.75945],[129.49427,35.75995],[129.49439,35.76987],[129.49687,35.77353],[129.4929,35.78061],[129.49213,35.7889],[129.49413,35.79147],[129.49829,35.79034],[129.50139,35.79304],[129.49951,35.7996],[129.50342,35.80114],[129.50709,35.80588],[129.50344,35.80477],[129.50385,35.80741],[129.50623,35.80867],[129.51199,35.80628],[129.51319,35.80792],[129.51039,35.81158],[129.51426,35.8167],[129.50964,35.82352],[129.5147,35.83343],[129.52079,35.83757],[129.51826,35.84194],[129.51277,35.83997],[129.49892,35.84005],[129.48962,35.84353],[129.48008,35.85292],[129.47474,35.84974],[129.46743,35.85085],[129.45819,35.84651],[129.45485,35.84676],[129.44916,35.85091],[129.44965,35.85447],[129.44611,35.85901],[129.44454,35.86677],[129.44079,35.86895],[129.43702,35.87518],[129.43687,35.87896],[129.42987,35.88064],[129.42552,35.88395],[129.42142,35.88399],[129.41992,35.88214],[129.42145,35.87801],[129.41476,35.8763],[129.41021,35.87042],[129.41011,35.86156],[129.40612,35.85797],[129.39368,35.85824],[129.39082,35.86389],[129.37711,35.86541],[129.37176,35.86129],[129.36058,35.86526],[129.35501,35.87288],[129.35647,35.87542],[129.36095,35.87579],[129.36361,35.87834],[129.36112,35.88819],[129.35733,35.88585],[129.35309,35.88746],[129.35151,35.89183],[129.34991,35.89221],[129.34771,35.88865],[129.34256,35.88921],[129.33728,35.89285],[129.33831,35.89469],[129.33319,35.90223],[129.33667,35.91696],[129.32945,35.9259],[129.33302,35.93066],[129.32789,35.93841],[129.31669,35.94636],[129.32001,35.95807],[129.31534,35.95935],[129.31218,35.96466],[129.31226,35.96842],[129.30789,35.96966],[129.30536,35.98308],[129.30284,35.98674],[129.30468,35.99033],[129.30379,35.99533],[129.29606,35.99486],[129.29725,36.00755],[129.28704,36.01973],[129.27717,36.0269],[129.28399,36.04664],[129.28062,36.05707],[129.28672,36.06273],[129.28573,36.07061],[129.27686,36.07877],[129.26977,36.07933],[129.25989,36.07476],[129.25431,36.07579],[129.251,36.07248],[129.2465,36.07366],[129.24238,36.0693],[129.23768,36.05276],[129.22734,36.04792],[129.2237,36.0438],[129.20426,36.04308],[129.19772,36.04038],[129.18126,36.02735],[129.17728,36.03055],[129.1793,36.03796],[129.17732,36.04799],[129.17054,36.04887],[129.1706,36.05122],[129.16446,36.05551],[129.15157,36.05484],[129.14967,36.05262],[129.15134,36.04963],[129.13969,36.04319],[129.13421,36.03424],[129.14097,36.02358],[129.14338,36.01014],[129.12713,36.00538],[129.11503,36.01255],[129.11046,36.00479],[129.11325,36.0007],[129.11057,35.99674],[129.11722,35.9853],[129.11746,35.96079],[129.12495,35.9507],[129.12738,35.94993],[129.12839,35.93868],[129.13216,35.93748],[129.13485,35.93297],[129.13202,35.92516],[129.12673,35.92154],[129.12116,35.92223],[129.11854,35.91705],[129.11525,35.917],[129.10987,35.92984],[129.09457,35.94069],[129.08201,35.93745],[129.07852,35.9418],[129.06546,35.94149],[129.06067,35.93428],[129.06051,35.92615],[129.05745,35.926],[129.05487,35.92013],[129.04854,35.91923],[129.04556,35.91267],[129.03786,35.91208],[129.02853,35.90467],[129.02688,35.89934],[129.02897,35.89823],[129.02605,35.89057],[129.03292,35.87071],[129.01871,35.85641],[129.01413,35.8462],[129.01651,35.84465],[129.01639,35.84061],[129.0138,35.83561],[129.00833,35.8319],[129.00336,35.81636],[128.99724,35.80638],[128.9903,35.80012],[128.99298,35.79545],[128.98722,35.78458],[128.988,35.77284],[128.97444,35.77054],[128.97464,35.7602],[128.96988,35.75277],[128.97429,35.74749],[128.97255,35.73713],[128.98591,35.72753],[128.99129,35.71931],[128.99702,35.7175],[128.99669,35.71256],[129.00498,35.70485],[129.00509,35.6935],[129.00858,35.69427],[129.0225,35.68751],[129.03756,35.69256],[129.03606,35.67775],[129.0344,35.67623],[129.03972,35.66661],[129.04035,35.6582],[129.04731,35.65015]]]}},{"id":"feature_069","type":"Feature","properties":{"시도":"경상북도","시군구":"고령군"},"geometry":{"type":"Polygon","coordinates":[[[128.37077,35.61116],[128.37928,35.61073],[128.38733,35.61336],[128.3928,35.62349],[128.40168,35.63207],[128.40294,35.64192],[128.39631,35.64811],[128.38062,35.65603],[128.36073,35.67412],[128.35428,35.68308],[128.35037,35.69558],[128.35114,35.70312],[128.35965,35.7075],[128.41663,35.69305],[128.4219,35.69469],[128.43282,35.70271],[128.43497,35.70947],[128.43182,35.72627],[128.41656,35.73663],[128.40531,35.73926],[128.39264,35.74553],[128.38581,35.75554],[128.38567,35.76185],[128.39904,35.77793],[128.40779,35.79711],[128.42072,35.80963],[128.46913,35.80844],[128.4772,35.81268],[128.48043,35.81775],[128.47918,35.82502],[128.47064,35.833],[128.45631,35.843],[128.42279,35.85126],[128.39009,35.85037],[128.38912,35.84598],[128.39189,35.83844],[128.38262,35.83814],[128.37479,35.8346],[128.381,35.82281],[128.375,35.8164],[128.36913,35.81664],[128.37116,35.80445],[128.36788,35.79254],[128.36437,35.79232],[128.3505,35.79912],[128.34354,35.79614],[128.33792,35.79689],[128.32681,35.80747],[128.32096,35.81022],[128.31924,35.81384],[128.30639,35.81226],[128.30468,35.81469],[128.30028,35.81544],[128.29103,35.82638],[128.28731,35.82539],[128.28034,35.82717],[128.27592,35.82619],[128.27376,35.82205],[128.27516,35.80991],[128.27293,35.80551],[128.27524,35.78936],[128.26472,35.79478],[128.26015,35.79485],[128.25967,35.7918],[128.25615,35.79172],[128.25176,35.78862],[128.2531,35.7802],[128.23973,35.78217],[128.23321,35.78764],[128.2249,35.78801],[128.21829,35.79195],[128.21454,35.7992],[128.21681,35.80249],[128.21295,35.80741],[128.21374,35.81022],[128.20861,35.81546],[128.19991,35.81544],[128.18918,35.81984],[128.17712,35.81868],[128.16881,35.81528],[128.15998,35.80718],[128.16508,35.80402],[128.16586,35.80074],[128.17106,35.79825],[128.17347,35.79309],[128.17912,35.7883],[128.16406,35.77703],[128.16142,35.76974],[128.16385,35.76331],[128.18727,35.75416],[128.19433,35.73821],[128.19814,35.73644],[128.1965,35.73114],[128.20157,35.72281],[128.20082,35.71782],[128.20301,35.71184],[128.20078,35.70817],[128.20446,35.69736],[128.20205,35.69118],[128.20415,35.68865],[128.20182,35.68418],[128.1944,35.68436],[128.1842,35.6783],[128.17916,35.67295],[128.16398,35.67289],[128.16002,35.66713],[128.16137,35.66094],[128.15772,35.65781],[128.15942,35.65501],[128.16373,35.65349],[128.1843,35.65845],[128.19886,35.64916],[128.2011,35.64376],[128.21027,35.64438],[128.2115,35.64154],[128.22523,35.64207],[128.22967,35.63945],[128.23572,35.64073],[128.23749,35.64425],[128.23578,35.65123],[128.24362,35.65566],[128.24893,35.6511],[128.25825,35.64759],[128.2611,35.64269],[128.27669,35.64673],[128.27971,35.65229],[128.2962,35.65053],[128.29726,35.65619],[128.31822,35.65092],[128.32371,35.64602],[128.32926,35.64816],[128.34095,35.64415],[128.34917,35.64645],[128.35492,35.64247],[128.36305,35.62858],[128.36364,35.61407],[128.36235,35.61189],[128.37077,35.61116]]]}},{"id":"feature_070","type":"Feature","properties":{"시도":"경상북도","시군구":"구미시"},"geometry":{"type":"Polygon","coordinates":[[[128.29323,36.09103],[128.2975,36.08766],[128.30567,36.08592],[128.32144,36.09184],[128.33056,36.09145],[128.33608,36.08225],[128.34334,36.08005],[128.34703,36.07175],[128.36137,36.06069],[128.37133,36.06616],[128.3784,36.06535],[128.38498,36.07024],[128.38259,36.074],[128.39845,36.0904],[128.39816,36.09222],[128.40628,36.0905],[128.40853,36.08328],[128.41608,36.08265],[128.42269,36.0878],[128.42409,36.08415],[128.42858,36.08057],[128.44595,36.07808],[128.44916,36.07436],[128.4629,36.0697],[128.46881,36.07271],[128.46443,36.07678],[128.46369,36.08156],[128.47689,36.09277],[128.4754,36.09867],[128.47963,36.10157],[128.47882,36.10498],[128.4827,36.11026],[128.48952,36.11575],[128.49031,36.12519],[128.49441,36.12421],[128.49711,36.11542],[128.5083,36.11066],[128.51979,36.11476],[128.52655,36.11146],[128.53478,36.1124],[128.5396,36.11014],[128.54305,36.1122],[128.54682,36.1088],[128.55226,36.11024],[128.56022,36.10922],[128.5631,36.11168],[128.56431,36.11481],[128.56199,36.11928],[128.55495,36.12125],[128.55263,36.1251],[128.55302,36.12821],[128.54861,36.13102],[128.55257,36.13847],[128.54815,36.14096],[128.54833,36.14789],[128.55047,36.15074],[128.5425,36.15479],[128.54046,36.16152],[128.54446,36.16615],[128.54794,36.16437],[128.55341,36.16502],[128.55432,36.17349],[128.55745,36.17805],[128.54909,36.17815],[128.53895,36.19367],[128.52401,36.20077],[128.51657,36.20006],[128.51257,36.1912],[128.50807,36.18627],[128.50435,36.18499],[128.50361,36.19273],[128.49472,36.19771],[128.49449,36.20528],[128.48846,36.21409],[128.48914,36.21972],[128.48626,36.22393],[128.47954,36.22452],[128.48591,36.23078],[128.48518,36.23411],[128.47807,36.23398],[128.47404,36.2304],[128.4621,36.2285],[128.44078,36.21801],[128.43761,36.22227],[128.43827,36.22662],[128.43359,36.23516],[128.42382,36.23665],[128.42378,36.24036],[128.4194,36.24524],[128.42139,36.2506],[128.41655,36.25757],[128.42091,36.26043],[128.42152,36.26862],[128.42697,36.27622],[128.41391,36.28319],[128.41125,36.28751],[128.40184,36.28937],[128.39663,36.29349],[128.39557,36.29753],[128.39081,36.29957],[128.38788,36.3036],[128.38975,36.30786],[128.38072,36.31271],[128.37917,36.32266],[128.37269,36.32491],[128.36682,36.33283],[128.36632,36.33879],[128.35448,36.34414],[128.35105,36.35105],[128.3411,36.34851],[128.33462,36.34888],[128.33089,36.34318],[128.32374,36.34139],[128.31617,36.33542],[128.31406,36.33061],[128.31093,36.33012],[128.3054,36.33166],[128.30464,36.33808],[128.30165,36.3436],[128.29342,36.348],[128.29084,36.34508],[128.28405,36.34725],[128.27726,36.35026],[128.27774,36.35701],[128.27187,36.36185],[128.25339,36.36044],[128.25092,36.35692],[128.25142,36.35175],[128.24662,36.3502],[128.2315,36.33384],[128.23001,36.32944],[128.23199,36.32421],[128.23149,36.31821],[128.22855,36.30377],[128.21861,36.30714],[128.21264,36.30506],[128.20676,36.29886],[128.19919,36.2982],[128.18954,36.30065],[128.18479,36.29734],[128.17708,36.29743],[128.17063,36.29997],[128.16627,36.29718],[128.1554,36.29523],[128.1483,36.28794],[128.14521,36.2889],[128.14006,36.28618],[128.13577,36.27999],[128.13276,36.26794],[128.1372,36.26095],[128.13705,36.25715],[128.16012,36.25707],[128.16761,36.25356],[128.16796,36.25002],[128.17227,36.24576],[128.1842,36.24394],[128.19694,36.24471],[128.20161,36.23996],[128.21415,36.23688],[128.21843,36.2305],[128.2258,36.23166],[128.23635,36.22472],[128.23353,36.2178],[128.23858,36.20717],[128.23535,36.2061],[128.23371,36.20188],[128.23785,36.20031],[128.24424,36.20162],[128.24434,36.19913],[128.25673,36.2011],[128.27129,36.19528],[128.27062,36.19135],[128.27308,36.1824],[128.27017,36.17832],[128.27056,36.17408],[128.27801,36.17126],[128.29181,36.17071],[128.29572,36.16695],[128.29248,36.16247],[128.29065,36.15406],[128.28745,36.15286],[128.28614,36.15012],[128.2873,36.14739],[128.28038,36.14292],[128.29618,36.13352],[128.27743,36.1137],[128.2749,36.10454],[128.29222,36.09456],[128.29323,36.09103]]]}},{"id":"feature_071","type":"Feature","properties":{"시도":"경상북도","시군구":"김천시"},"geometry":{"type":"Polygon","coordinates":[[[128.07871,35.83893],[128.07829,35.84355],[128.07294,35.85013],[128.07603,35.85452],[128.07709,35.86117],[128.08739,35.87253],[128.0811,35.87294],[128.0709,35.88063],[128.06502,35.8977],[128.05729,35.90228],[128.05671,35.90468],[128.0604,35.90741],[128.05623,35.90982],[128.05455,35.91507],[128.04908,35.91903],[128.04721,35.92645],[128.04681,35.9324],[128.05157,35.93818],[128.05649,35.94176],[128.07153,35.93616],[128.07338,35.92847],[128.08683,35.9217],[128.09129,35.93094],[128.08855,35.946],[128.09628,35.95479],[128.10399,35.95753],[128.11088,35.96419],[128.11884,35.9596],[128.12306,35.96231],[128.1318,35.95903],[128.1508,35.96636],[128.15255,35.96949],[128.15052,35.97268],[128.1511,35.97591],[128.15582,35.97892],[128.15745,35.98711],[128.16714,35.98884],[128.16983,35.99453],[128.16979,35.9969],[128.16565,36.00139],[128.16818,36.01002],[128.1731,36.01401],[128.16916,36.01843],[128.16741,36.02967],[128.16447,36.03249],[128.16952,36.03563],[128.17826,36.03139],[128.18263,36.03292],[128.19495,36.03176],[128.19712,36.04388],[128.20185,36.04555],[128.2087,36.04485],[128.22192,36.05206],[128.224,36.05557],[128.22728,36.05351],[128.23106,36.05403],[128.24226,36.04817],[128.25685,36.05135],[128.26148,36.04818],[128.28408,36.04662],[128.28911,36.04299],[128.29288,36.05],[128.29859,36.05149],[128.30084,36.06257],[128.28495,36.08109],[128.2921,36.08779],[128.29323,36.09103],[128.29222,36.09456],[128.2749,36.10454],[128.27743,36.1137],[128.29618,36.13352],[128.28038,36.14292],[128.2873,36.14739],[128.28614,36.15012],[128.28745,36.15286],[128.29065,36.15406],[128.29248,36.16247],[128.29572,36.16695],[128.29181,36.17071],[128.27801,36.17126],[128.27056,36.17408],[128.27017,36.17832],[128.27308,36.1824],[128.27062,36.19135],[128.27129,36.19528],[128.25673,36.2011],[128.24434,36.19913],[128.24424,36.20162],[128.23785,36.20031],[128.23371,36.20188],[128.23535,36.2061],[128.23858,36.20717],[128.23353,36.2178],[128.23635,36.22472],[128.2258,36.23166],[128.21843,36.2305],[128.21415,36.23688],[128.20161,36.23996],[128.19694,36.24471],[128.1842,36.24394],[128.17227,36.24576],[128.16796,36.25002],[128.16761,36.25356],[128.16012,36.25707],[128.13705,36.25715],[128.13111,36.25141],[128.12005,36.25281],[128.12089,36.24607],[128.11899,36.2432],[128.10869,36.23715],[128.0965,36.25228],[128.09253,36.25212],[128.09114,36.25388],[128.08794,36.25322],[128.08714,36.24884],[128.07659,36.24163],[128.0602,36.24543],[128.05692,36.24356],[128.05052,36.2443],[128.04466,36.25268],[128.03961,36.251],[128.03545,36.24339],[128.03005,36.24031],[128.03318,36.23354],[128.03933,36.22914],[128.0393,36.22169],[128.04243,36.21727],[128.04984,36.21632],[128.05069,36.20592],[128.06296,36.19922],[128.05252,36.20089],[128.03835,36.194],[128.0263,36.20568],[128.01352,36.20913],[127.99753,36.20606],[127.99327,36.20028],[127.98602,36.2004],[127.98254,36.19855],[127.98179,36.1958],[127.97652,36.19235],[127.97579,36.1874],[127.98101,36.17986],[127.98425,36.17819],[127.98347,36.16977],[127.9896,36.16475],[127.99046,36.15922],[127.99685,36.15522],[127.98733,36.14739],[127.9888,36.13292],[127.98703,36.1287],[127.97714,36.12197],[127.96648,36.11849],[127.96857,36.10722],[127.96292,36.09625],[127.95784,36.09489],[127.9587,36.08778],[127.96175,36.08281],[127.96139,36.06839],[127.95277,36.06581],[127.94664,36.05663],[127.93586,36.05066],[127.93167,36.05022],[127.92614,36.05326],[127.91706,36.0544],[127.90615,36.04609],[127.90355,36.03897],[127.88798,36.0348],[127.88542,36.03602],[127.88299,36.02722],[127.87693,36.02244],[127.87538,36.01489],[127.87882,36.00131],[127.876,35.99938],[127.87581,35.99672],[127.8867,35.99211],[127.89303,35.98708],[127.89374,35.98447],[127.8896,35.97953],[127.89624,35.97791],[127.89651,35.97204],[127.90039,35.96689],[127.90402,35.95452],[127.91147,35.94945],[127.90646,35.94057],[127.88251,35.92882],[127.88379,35.92377],[127.88262,35.91879],[127.88761,35.91458],[127.88893,35.90981],[127.88459,35.90515],[127.88306,35.89929],[127.88486,35.89302],[127.89039,35.89069],[127.8933,35.88659],[127.92025,35.89286],[127.91887,35.88959],[127.92328,35.88219],[127.92812,35.88114],[127.9305,35.87816],[127.92951,35.87144],[127.93313,35.86333],[127.93193,35.85921],[127.92742,35.85832],[127.92615,35.85539],[127.92952,35.85639],[127.94234,35.85431],[127.95083,35.86125],[127.95921,35.86013],[127.96346,35.85499],[127.97327,35.85081],[127.98181,35.8589],[127.98537,35.85739],[127.99741,35.83775],[128.0045,35.83542],[128.01214,35.82886],[128.01983,35.83298],[128.02469,35.83292],[128.031,35.83575],[128.05084,35.82926],[128.05325,35.83279],[128.06145,35.83449],[128.07041,35.84069],[128.07871,35.83893]]]}},{"id":"feature_072","type":"Feature","properties":{"시도":"경상북도","시군구":"문경시"},"geometry":{"type":"Polygon","coordinates":[[[127.92044,36.60365],[127.92783,36.59435],[127.93298,36.59079],[127.93342,36.58395],[127.93068,36.5776],[127.93421,36.5739],[127.93723,36.56427],[127.93298,36.55827],[127.94126,36.55135],[127.94039,36.54641],[127.93575,36.54411],[127.93772,36.53788],[127.93097,36.53472],[127.93184,36.53255],[127.93956,36.52632],[127.95816,36.52692],[127.95828,36.52293],[127.96079,36.52037],[127.97736,36.51348],[127.9797,36.51476],[127.98154,36.52833],[127.97777,36.53243],[127.98104,36.53542],[127.97923,36.54348],[127.98262,36.54532],[127.99137,36.5444],[127.99786,36.5497],[128.00495,36.55072],[128.01663,36.54402],[128.02943,36.5475],[128.04066,36.54827],[128.05225,36.54614],[128.05584,36.54739],[128.05804,36.55685],[128.06568,36.56241],[128.05691,36.57872],[128.05816,36.58191],[128.05639,36.58283],[128.05912,36.58675],[128.0682,36.59258],[128.06858,36.59625],[128.07298,36.60053],[128.07276,36.605],[128.08687,36.60926],[128.1019,36.60856],[128.10561,36.6068],[128.11208,36.61095],[128.11187,36.61611],[128.1156,36.62095],[128.12359,36.61921],[128.12755,36.61517],[128.14346,36.60831],[128.1512,36.59968],[128.15557,36.60113],[128.16476,36.59757],[128.17647,36.59664],[128.18003,36.59002],[128.17846,36.58358],[128.18099,36.58171],[128.1943,36.58286],[128.20498,36.5785],[128.2069,36.57556],[128.20585,36.57325],[128.21943,36.57295],[128.22154,36.56954],[128.21608,36.56387],[128.21594,36.55656],[128.21862,36.54107],[128.22256,36.53282],[128.23655,36.52861],[128.25216,36.53409],[128.25907,36.53232],[128.26865,36.53302],[128.26315,36.54293],[128.26514,36.55026],[128.27061,36.55215],[128.29532,36.55184],[128.29771,36.55314],[128.29486,36.55927],[128.29607,36.57532],[128.29452,36.57893],[128.28476,36.5785],[128.28014,36.59088],[128.27279,36.599],[128.26631,36.60314],[128.26239,36.60764],[128.26198,36.61115],[128.27178,36.60986],[128.27579,36.61542],[128.28243,36.6165],[128.28745,36.62126],[128.2864,36.62308],[128.28975,36.62963],[128.29365,36.63255],[128.30627,36.63607],[128.30968,36.64125],[128.30727,36.65341],[128.30931,36.65623],[128.31621,36.65696],[128.31904,36.65523],[128.32034,36.64446],[128.32781,36.6439],[128.33334,36.64073],[128.33439,36.64315],[128.34787,36.64721],[128.34999,36.65094],[128.34923,36.65482],[128.33685,36.6586],[128.33422,36.66163],[128.33409,36.66558],[128.32645,36.66877],[128.32036,36.67829],[128.33075,36.6851],[128.33568,36.69178],[128.33619,36.69362],[128.33092,36.69842],[128.33727,36.70942],[128.33143,36.72084],[128.33363,36.72476],[128.33191,36.72667],[128.33306,36.73207],[128.33829,36.74045],[128.35962,36.74019],[128.36973,36.75073],[128.36274,36.76096],[128.36779,36.76802],[128.36418,36.7753],[128.36649,36.78049],[128.36748,36.79215],[128.36968,36.79488],[128.36659,36.80064],[128.36264,36.80051],[128.35639,36.8041],[128.35472,36.80884],[128.35164,36.81082],[128.33455,36.81691],[128.32348,36.81541],[128.31657,36.81664],[128.31608,36.82267],[128.31084,36.82851],[128.30545,36.8285],[128.3037,36.8315],[128.29653,36.8345],[128.28678,36.84476],[128.28201,36.85663],[128.27645,36.85725],[128.26405,36.86423],[128.24729,36.86887],[128.24192,36.87279],[128.23903,36.8652],[128.23401,36.86265],[128.23435,36.85404],[128.23783,36.85107],[128.23682,36.84812],[128.22138,36.84735],[128.21382,36.85],[128.21283,36.8394],[128.21778,36.8206],[128.2185,36.81538],[128.21699,36.81305],[128.20995,36.81319],[128.1922,36.81793],[128.1827,36.8181],[128.17587,36.82119],[128.16413,36.82012],[128.14646,36.82942],[128.14493,36.83241],[128.13959,36.83424],[128.13366,36.83222],[128.13379,36.82867],[128.12931,36.82456],[128.11815,36.82232],[128.11223,36.81889],[128.10578,36.80483],[128.10082,36.80583],[128.09257,36.80285],[128.0924,36.79649],[128.084,36.79945],[128.08422,36.80404],[128.07136,36.81365],[128.06535,36.81677],[128.05956,36.8168],[128.05756,36.80705],[128.05423,36.8049],[128.05635,36.79897],[128.05574,36.79453],[128.04875,36.78624],[128.04456,36.78457],[128.04648,36.77999],[128.04442,36.77125],[128.03215,36.75464],[128.03238,36.74797],[128.04376,36.73807],[128.05156,36.7361],[128.05564,36.72871],[128.05891,36.72969],[128.06895,36.72167],[128.07396,36.71165],[128.07132,36.70729],[128.04877,36.70755],[128.03171,36.71905],[128.02611,36.7191],[128.02222,36.72587],[128.01479,36.72777],[128.01414,36.73006],[128.00841,36.72777],[128.00262,36.71663],[127.9868,36.7175],[127.98044,36.71996],[127.97334,36.72564],[127.97092,36.73058],[127.96077,36.73678],[127.95577,36.73145],[127.95206,36.71963],[127.94802,36.7178],[127.94912,36.70596],[127.94634,36.70443],[127.94232,36.70619],[127.93167,36.70632],[127.93157,36.69336],[127.9286,36.69037],[127.91537,36.694],[127.90744,36.69265],[127.89596,36.69425],[127.88735,36.69131],[127.88551,36.6878],[127.8773,36.68224],[127.87703,36.67963],[127.87924,36.67843],[127.88771,36.67888],[127.89204,36.68231],[127.90671,36.68021],[127.91293,36.67775],[127.91848,36.66799],[127.92564,36.6692],[127.93232,36.66515],[127.93151,36.65362],[127.9384,36.65108],[127.93961,36.64692],[127.93581,36.64338],[127.9349,36.63968],[127.93597,36.63363],[127.93217,36.62457],[127.93311,36.61903],[127.92491,36.61548],[127.92511,36.6081],[127.92387,36.60524],[127.92044,36.60365]]]}},{"id":"feature_073","type":"Feature","properties":{"시도":"경상북도","시군구":"봉화군"},"geometry":{"type":"Polygon","coordinates":[[[128.99016,36.74707],[128.98927,36.75084],[128.99232,36.75591],[128.98373,36.76428],[128.98407,36.7729],[128.99838,36.77992],[129.00721,36.77982],[129.01578,36.78428],[129.02154,36.78365],[129.03569,36.78893],[129.03743,36.7943],[129.04788,36.79999],[129.0527,36.80619],[129.06215,36.81304],[129.0647,36.81896],[129.07237,36.82093],[129.08024,36.81889],[129.08978,36.82654],[129.09879,36.82801],[129.10322,36.83587],[129.12198,36.84803],[129.12488,36.85721],[129.12834,36.85854],[129.12936,36.86501],[129.13576,36.86928],[129.13684,36.872],[129.15262,36.87384],[129.15513,36.87821],[129.15519,36.88857],[129.14927,36.89032],[129.14903,36.89616],[129.14478,36.89854],[129.14838,36.90503],[129.1479,36.90825],[129.14495,36.90975],[129.14761,36.91288],[129.1444,36.91496],[129.14228,36.92155],[129.13791,36.92216],[129.13662,36.92704],[129.1249,36.93015],[129.12344,36.93347],[129.11986,36.9355],[129.11188,36.93369],[129.10507,36.9375],[129.10809,36.94306],[129.10457,36.94492],[129.10063,36.94345],[129.09652,36.9461],[129.084,36.94602],[129.08803,36.94977],[129.08783,36.95183],[129.0778,36.95692],[129.08224,36.96323],[129.0881,36.96097],[129.09119,36.96212],[129.09195,36.97012],[129.09502,36.97709],[129.09009,36.98453],[129.09305,36.98904],[129.0929,36.99526],[129.09087,36.99796],[129.09176,37.0029],[129.09563,37.00773],[129.09035,37.00908],[129.08637,37.00634],[129.08354,37.008],[129.09749,37.0177],[129.1024,37.01895],[129.10835,37.02504],[129.11916,37.03038],[129.12166,37.02899],[129.12624,37.03],[129.13248,37.03459],[129.13968,37.03289],[129.14771,37.02471],[129.15471,37.02316],[129.15937,37.01956],[129.16709,37.02179],[129.1764,37.02868],[129.18544,37.04209],[129.1837,37.04928],[129.1761,37.05762],[129.17097,37.06007],[129.16644,37.06947],[129.15581,37.06918],[129.15313,37.07366],[129.14375,37.07694],[129.1423,37.08114],[129.13459,37.08135],[129.12808,37.08421],[129.12744,37.08894],[129.12367,37.09118],[129.10859,37.09352],[129.10426,37.09829],[129.0958,37.10046],[129.07718,37.09302],[129.07048,37.08846],[129.07094,37.08418],[129.06573,37.07851],[129.06776,37.07429],[129.06514,37.06906],[129.06009,37.06479],[129.05733,37.06476],[129.0577,37.06748],[129.05458,37.06959],[129.05029,37.06842],[129.03431,37.07576],[129.01968,37.07618],[129.01452,37.07909],[129.00926,37.07812],[128.99522,37.08122],[128.9931,37.08456],[128.96956,37.08213],[128.95978,37.0775],[128.95361,37.08099],[128.9536,37.08436],[128.94726,37.09263],[128.94163,37.09529],[128.92054,37.09066],[128.91652,37.08436],[128.91678,37.07872],[128.90995,37.07134],[128.90973,37.06687],[128.89737,37.05787],[128.896,37.05522],[128.89696,37.04532],[128.88873,37.04713],[128.88582,37.05079],[128.87832,37.05358],[128.87563,37.04485],[128.87273,37.04459],[128.86364,37.04917],[128.84663,37.05216],[128.8399,37.0625],[128.83197,37.06799],[128.83142,37.07623],[128.82698,37.0781],[128.80859,37.07753],[128.80287,37.08536],[128.78506,37.08772],[128.77978,37.09232],[128.77322,37.08735],[128.77752,37.08304],[128.77793,37.07896],[128.77006,37.07499],[128.76853,37.06847],[128.76465,37.0638],[128.75707,37.07006],[128.75202,37.05754],[128.76084,37.04347],[128.76172,37.03523],[128.75453,37.03204],[128.75137,37.02832],[128.73428,37.04028],[128.7186,37.04396],[128.71248,37.04252],[128.70894,37.03923],[128.70074,37.029],[128.70132,37.01245],[128.69285,37.00388],[128.69411,36.99587],[128.69018,36.97934],[128.6932,36.97691],[128.69302,36.97385],[128.68707,36.96955],[128.68626,36.95977],[128.68152,36.95342],[128.67734,36.95328],[128.67538,36.94588],[128.66428,36.94103],[128.66074,36.93275],[128.65901,36.93236],[128.66011,36.9284],[128.66639,36.92341],[128.66542,36.9214],[128.66948,36.91915],[128.65867,36.90932],[128.65517,36.90962],[128.6546,36.91152],[128.64971,36.91036],[128.64112,36.89145],[128.63736,36.88768],[128.64468,36.87948],[128.65178,36.88178],[128.65003,36.87797],[128.65598,36.87022],[128.65311,36.86711],[128.64437,36.86348],[128.64201,36.85696],[128.65673,36.85196],[128.66413,36.84156],[128.66752,36.8447],[128.67431,36.84215],[128.67338,36.84787],[128.67793,36.85029],[128.67715,36.85552],[128.68146,36.8575],[128.68617,36.86332],[128.70066,36.86058],[128.70555,36.8671],[128.71412,36.86454],[128.7199,36.86769],[128.72656,36.86617],[128.72862,36.86276],[128.72557,36.86041],[128.72715,36.856],[128.73242,36.84689],[128.73664,36.84422],[128.73706,36.84065],[128.72863,36.83203],[128.71843,36.82913],[128.71925,36.82364],[128.72439,36.82128],[128.73168,36.82203],[128.72789,36.81946],[128.72752,36.81162],[128.72451,36.80804],[128.72361,36.80221],[128.72125,36.80084],[128.72563,36.79282],[128.72951,36.79057],[128.73214,36.79155],[128.73601,36.80193],[128.74338,36.79613],[128.74813,36.80906],[128.7525,36.80712],[128.75869,36.81002],[128.7631,36.80624],[128.76394,36.8016],[128.77047,36.80582],[128.77699,36.80506],[128.78678,36.81247],[128.79332,36.81418],[128.80052,36.82238],[128.80382,36.82306],[128.80638,36.82089],[128.80629,36.81773],[128.80276,36.80785],[128.81206,36.79562],[128.81893,36.80184],[128.82064,36.80546],[128.81995,36.81047],[128.84121,36.80924],[128.84475,36.80263],[128.85527,36.80192],[128.86355,36.79915],[128.86472,36.79405],[128.87369,36.7854],[128.885,36.78383],[128.88555,36.77898],[128.89029,36.77362],[128.90943,36.77508],[128.92064,36.76725],[128.92605,36.76912],[128.93085,36.76781],[128.9424,36.77379],[128.94662,36.77355],[128.95697,36.7684],[128.96401,36.75216],[128.96726,36.75149],[128.96979,36.74723],[128.99016,36.74707]]]}},{"id":"feature_074","type":"Feature","properties":{"시도":"경상북도","시군구":"상주시"},"geometry":{"type":"Polygon","coordinates":[[[128.13705,36.25715],[128.1372,36.26095],[128.13276,36.26794],[128.13577,36.27999],[128.14006,36.28618],[128.14521,36.2889],[128.1483,36.28794],[128.1554,36.29523],[128.16627,36.29718],[128.17063,36.29997],[128.17708,36.29743],[128.18479,36.29734],[128.18954,36.30065],[128.19919,36.2982],[128.20676,36.29886],[128.21264,36.30506],[128.21861,36.30714],[128.22855,36.30377],[128.23149,36.31821],[128.23199,36.32421],[128.23001,36.32944],[128.2315,36.33384],[128.24662,36.3502],[128.25142,36.35175],[128.25092,36.35692],[128.25339,36.36044],[128.27187,36.36185],[128.27774,36.35701],[128.27726,36.35026],[128.28405,36.34725],[128.3099,36.36103],[128.31216,36.36652],[128.31153,36.37643],[128.31774,36.38678],[128.32656,36.38608],[128.33241,36.39545],[128.33327,36.40024],[128.33922,36.4052],[128.33333,36.41176],[128.33336,36.41957],[128.32295,36.42773],[128.32219,36.43256],[128.32584,36.43668],[128.3254,36.44183],[128.32279,36.44589],[128.31845,36.4476],[128.31289,36.4564],[128.31017,36.45537],[128.30566,36.45689],[128.29912,36.46336],[128.29483,36.46494],[128.28917,36.46233],[128.28053,36.46372],[128.27806,36.47249],[128.27033,36.47696],[128.26531,36.47613],[128.26026,36.47828],[128.26713,36.48057],[128.27034,36.48392],[128.26989,36.49754],[128.26422,36.50809],[128.26612,36.5135],[128.26526,36.52387],[128.26865,36.53302],[128.25907,36.53232],[128.25216,36.53409],[128.23655,36.52861],[128.22256,36.53282],[128.21862,36.54107],[128.21594,36.55656],[128.21608,36.56387],[128.22154,36.56954],[128.21943,36.57295],[128.20585,36.57325],[128.2069,36.57556],[128.20498,36.5785],[128.1943,36.58286],[128.18099,36.58171],[128.17846,36.58358],[128.18003,36.59002],[128.17647,36.59664],[128.16476,36.59757],[128.15557,36.60113],[128.1512,36.59968],[128.14346,36.60831],[128.12755,36.61517],[128.12359,36.61921],[128.1156,36.62095],[128.11187,36.61611],[128.11208,36.61095],[128.10561,36.6068],[128.1019,36.60856],[128.08687,36.60926],[128.07276,36.605],[128.07298,36.60053],[128.06858,36.59625],[128.0682,36.59258],[128.05912,36.58675],[128.05639,36.58283],[128.05816,36.58191],[128.05691,36.57872],[128.06568,36.56241],[128.05804,36.55685],[128.05584,36.54739],[128.05225,36.54614],[128.04066,36.54827],[128.02943,36.5475],[128.01663,36.54402],[128.00495,36.55072],[127.99786,36.5497],[127.99137,36.5444],[127.98262,36.54532],[127.97923,36.54348],[127.98104,36.53542],[127.97777,36.53243],[127.98154,36.52833],[127.9797,36.51476],[127.97736,36.51348],[127.96079,36.52037],[127.95828,36.52293],[127.95816,36.52692],[127.93956,36.52632],[127.93184,36.53255],[127.93097,36.53472],[127.93772,36.53788],[127.93575,36.54411],[127.94039,36.54641],[127.94126,36.55135],[127.93298,36.55827],[127.93723,36.56427],[127.93421,36.5739],[127.93068,36.5776],[127.93342,36.58395],[127.93298,36.59079],[127.92783,36.59435],[127.92044,36.60365],[127.91553,36.60625],[127.91643,36.61121],[127.90973,36.62573],[127.90384,36.62772],[127.89626,36.6265],[127.88941,36.62946],[127.88802,36.635],[127.88989,36.63686],[127.88915,36.64028],[127.88235,36.64622],[127.87978,36.65756],[127.87407,36.65539],[127.87055,36.64394],[127.86446,36.63988],[127.86207,36.63436],[127.84801,36.63336],[127.84747,36.62489],[127.85108,36.61892],[127.85673,36.61796],[127.85906,36.61324],[127.84961,36.61277],[127.84054,36.60834],[127.83221,36.6123],[127.82746,36.61103],[127.82279,36.61244],[127.81945,36.60817],[127.81483,36.60876],[127.80651,36.60315],[127.79841,36.60228],[127.79741,36.59197],[127.8002,36.58551],[127.80465,36.58166],[127.81592,36.57804],[127.82388,36.5708],[127.83013,36.5744],[127.8432,36.56969],[127.85284,36.57158],[127.86214,36.56741],[127.87322,36.55654],[127.87068,36.5431],[127.87354,36.54153],[127.87412,36.53731],[127.90202,36.52801],[127.90064,36.52472],[127.90308,36.51723],[127.90224,36.51271],[127.90648,36.50659],[127.88848,36.4931],[127.88047,36.49327],[127.87873,36.48949],[127.87609,36.48837],[127.87523,36.48319],[127.88068,36.48072],[127.88178,36.4779],[127.87838,36.46709],[127.8824,36.461],[127.87778,36.44999],[127.87489,36.44857],[127.87303,36.44171],[127.87534,36.42846],[127.88041,36.42764],[127.88264,36.42174],[127.87599,36.41479],[127.87312,36.40587],[127.86967,36.40357],[127.86363,36.40308],[127.86565,36.39484],[127.86243,36.39237],[127.87602,36.39075],[127.87923,36.38325],[127.88429,36.37979],[127.8829,36.37384],[127.87963,36.37151],[127.88505,36.36895],[127.88629,36.36393],[127.89117,36.36018],[127.8908,36.35671],[127.88594,36.3546],[127.88145,36.34486],[127.87502,36.3455],[127.86977,36.34356],[127.87053,36.34123],[127.86747,36.33641],[127.86185,36.33606],[127.8563,36.33107],[127.85315,36.33173],[127.85066,36.32061],[127.84495,36.31626],[127.84112,36.30882],[127.8472,36.30065],[127.8459,36.29406],[127.8494,36.28891],[127.85146,36.27406],[127.86053,36.27769],[127.88371,36.27316],[127.88798,36.2801],[127.89027,36.28987],[127.90509,36.30238],[127.90705,36.28608],[127.9148,36.28009],[127.93091,36.27822],[127.93795,36.26913],[127.94258,36.26694],[127.9473,36.26723],[127.94919,36.2566],[127.95447,36.25719],[127.96023,36.25243],[127.97085,36.25043],[127.97896,36.25405],[127.97689,36.25889],[127.98217,36.2642],[127.99145,36.26542],[127.99677,36.26808],[128.00056,36.26637],[128.01028,36.27215],[128.01561,36.26804],[128.02623,36.26787],[128.03283,36.26188],[128.04803,36.25714],[128.04466,36.25268],[128.05052,36.2443],[128.05692,36.24356],[128.0602,36.24543],[128.07659,36.24163],[128.08714,36.24884],[128.08794,36.25322],[128.09114,36.25388],[128.09253,36.25212],[128.0965,36.25228],[128.10869,36.23715],[128.11899,36.2432],[128.12089,36.24607],[128.12005,36.25281],[128.13111,36.25141],[128.13705,36.25715]]]}},{"id":"feature_075","type":"Feature","properties":{"시도":"경상북도","시군구":"성주군"},"geometry":{"type":"Polygon","coordinates":[[[128.16406,35.77703],[128.17912,35.7883],[128.17347,35.79309],[128.17106,35.79825],[128.16586,35.80074],[128.16508,35.80402],[128.15998,35.80718],[128.16881,35.81528],[128.17712,35.81868],[128.18918,35.81984],[128.19991,35.81544],[128.20861,35.81546],[128.21374,35.81022],[128.21295,35.80741],[128.21681,35.80249],[128.21454,35.7992],[128.21829,35.79195],[128.2249,35.78801],[128.23321,35.78764],[128.23973,35.78217],[128.2531,35.7802],[128.25176,35.78862],[128.25615,35.79172],[128.25967,35.7918],[128.26015,35.79485],[128.26472,35.79478],[128.27524,35.78936],[128.27293,35.80551],[128.27516,35.80991],[128.27376,35.82205],[128.27592,35.82619],[128.28034,35.82717],[128.28731,35.82539],[128.29103,35.82638],[128.30028,35.81544],[128.30468,35.81469],[128.30639,35.81226],[128.31924,35.81384],[128.32096,35.81022],[128.32681,35.80747],[128.33792,35.79689],[128.34354,35.79614],[128.3505,35.79912],[128.36437,35.79232],[128.36788,35.79254],[128.37116,35.80445],[128.36913,35.81664],[128.375,35.8164],[128.381,35.82281],[128.37479,35.8346],[128.38262,35.83814],[128.39189,35.83844],[128.38912,35.84598],[128.39009,35.85037],[128.38546,35.86517],[128.39371,35.88304],[128.40433,35.91178],[128.40368,35.91981],[128.39771,35.93908],[128.37966,35.93901],[128.3664,35.94471],[128.36417,35.94731],[128.36465,35.9518],[128.35978,35.95621],[128.34779,35.95473],[128.3404,35.96394],[128.34269,35.96772],[128.33928,35.96995],[128.33917,35.97574],[128.32075,35.98153],[128.31774,35.98754],[128.31446,35.98927],[128.31132,36.00628],[128.31193,36.01397],[128.31766,36.01859],[128.31188,36.02282],[128.30942,36.02921],[128.29645,36.03049],[128.28911,36.04299],[128.28408,36.04662],[128.26148,36.04818],[128.25685,36.05135],[128.24226,36.04817],[128.23106,36.05403],[128.22728,36.05351],[128.224,36.05557],[128.22192,36.05206],[128.2087,36.04485],[128.20185,36.04555],[128.19712,36.04388],[128.19495,36.03176],[128.18263,36.03292],[128.17826,36.03139],[128.16952,36.03563],[128.16447,36.03249],[128.16741,36.02967],[128.16916,36.01843],[128.1731,36.01401],[128.16818,36.01002],[128.16565,36.00139],[128.16979,35.9969],[128.16983,35.99453],[128.16714,35.98884],[128.15745,35.98711],[128.15582,35.97892],[128.1511,35.97591],[128.15052,35.97268],[128.15255,35.96949],[128.1508,35.96636],[128.1318,35.95903],[128.12306,35.96231],[128.11884,35.9596],[128.11088,35.96419],[128.10399,35.95753],[128.09628,35.95479],[128.08855,35.946],[128.09129,35.93094],[128.08683,35.9217],[128.07338,35.92847],[128.07153,35.93616],[128.05649,35.94176],[128.05157,35.93818],[128.04681,35.9324],[128.04721,35.92645],[128.04908,35.91903],[128.05455,35.91507],[128.05623,35.90982],[128.0604,35.90741],[128.05671,35.90468],[128.05729,35.90228],[128.06502,35.8977],[128.0709,35.88063],[128.0811,35.87294],[128.08739,35.87253],[128.07709,35.86117],[128.07603,35.85452],[128.07294,35.85013],[128.07829,35.84355],[128.07871,35.83893],[128.08484,35.83658],[128.09068,35.83081],[128.09574,35.83257],[128.10345,35.82895],[128.10871,35.8239],[128.11786,35.82579],[128.12227,35.82245],[128.12527,35.82276],[128.12169,35.80357],[128.1285,35.79431],[128.12881,35.78937],[128.13552,35.78465],[128.13949,35.78406],[128.15477,35.78649],[128.15983,35.77957],[128.16406,35.77703]]]}},{"id":"feature_076","type":"Feature","properties":{"시도":"경상북도","시군구":"안동시"},"geometry":{"type":"Polygon","coordinates":[[[128.42922,36.52197],[128.43694,36.51641],[128.43246,36.511],[128.43356,36.50281],[128.45888,36.48847],[128.46421,36.49071],[128.46155,36.49573],[128.46305,36.49797],[128.47473,36.49854],[128.47628,36.51394],[128.48309,36.51376],[128.49116,36.51785],[128.49795,36.51467],[128.50335,36.50135],[128.50697,36.49904],[128.53182,36.49808],[128.53502,36.49508],[128.5393,36.4953],[128.54414,36.49026],[128.5511,36.48931],[128.55265,36.47573],[128.55938,36.47234],[128.56013,36.46479],[128.56616,36.459],[128.56677,36.45208],[128.57033,36.45105],[128.57735,36.43992],[128.5864,36.44012],[128.59463,36.43542],[128.59481,36.42787],[128.59676,36.42517],[128.59521,36.42201],[128.59665,36.41201],[128.59966,36.40925],[128.60637,36.4095],[128.61185,36.41865],[128.62867,36.42038],[128.6282,36.42389],[128.63033,36.42602],[128.64965,36.43026],[128.65414,36.42964],[128.66346,36.43776],[128.66878,36.43886],[128.67553,36.4366],[128.68283,36.44621],[128.6898,36.44384],[128.69959,36.4474],[128.70579,36.44739],[128.70426,36.45447],[128.70977,36.47704],[128.71494,36.48158],[128.71788,36.48194],[128.72778,36.47637],[128.73166,36.4773],[128.74714,36.48918],[128.76769,36.48072],[128.77297,36.47561],[128.776,36.4688],[128.78252,36.4648],[128.79262,36.46577],[128.79994,36.45879],[128.80953,36.45915],[128.81389,36.45405],[128.83013,36.45194],[128.82983,36.44366],[128.83453,36.43578],[128.83432,36.42763],[128.83708,36.42338],[128.84286,36.42073],[128.84179,36.4182],[128.84531,36.41213],[128.84531,36.40504],[128.85134,36.39928],[128.85041,36.38829],[128.8596,36.38775],[128.87758,36.37508],[128.87191,36.36742],[128.88112,36.3584],[128.87654,36.34483],[128.88672,36.34239],[128.88971,36.33381],[128.88855,36.33059],[128.89295,36.32537],[128.89244,36.31997],[128.88741,36.31621],[128.88744,36.31191],[128.89137,36.30552],[128.88931,36.29742],[128.89829,36.29589],[128.90656,36.29684],[128.91284,36.29849],[128.91947,36.30487],[128.93078,36.30569],[128.93368,36.31927],[128.94039,36.32545],[128.94515,36.32626],[128.95084,36.33599],[128.96222,36.33845],[128.96609,36.34647],[128.96278,36.35159],[128.96588,36.35652],[128.96621,36.36122],[128.96157,36.3668],[128.96477,36.3693],[128.96734,36.37765],[128.97474,36.38672],[128.97658,36.39033],[128.97582,36.39309],[128.98064,36.39974],[128.97948,36.4026],[128.98386,36.40456],[128.98401,36.40751],[128.98166,36.42397],[128.97301,36.43162],[128.97321,36.43913],[128.97593,36.44352],[128.97026,36.45226],[128.96763,36.46192],[128.97391,36.46707],[128.98535,36.46284],[128.98519,36.46521],[128.97949,36.46875],[128.98061,36.47587],[128.97494,36.47973],[128.97507,36.48289],[128.98356,36.48677],[128.98833,36.49091],[128.98972,36.49545],[128.99521,36.49909],[128.99727,36.51052],[128.99405,36.51309],[128.99315,36.51712],[128.98529,36.51579],[128.98109,36.52633],[128.97659,36.52652],[128.97192,36.53117],[128.97554,36.54044],[128.97412,36.54835],[128.97976,36.54559],[128.99174,36.5486],[128.98777,36.55783],[128.98408,36.56089],[128.97937,36.56081],[128.97968,36.56492],[128.98389,36.56783],[128.98407,36.57326],[128.99059,36.57705],[128.9921,36.58146],[128.99945,36.58686],[128.99903,36.59347],[129.00138,36.60292],[128.99734,36.60472],[128.99664,36.61844],[128.99074,36.62499],[128.99148,36.63605],[128.99467,36.64186],[128.98994,36.64803],[128.99639,36.65523],[128.99519,36.66175],[128.98982,36.66544],[128.99378,36.66955],[128.99012,36.67439],[128.99449,36.68144],[128.99186,36.69149],[128.99744,36.69539],[128.9967,36.70181],[128.99438,36.70425],[128.99974,36.71751],[128.99608,36.72254],[128.99718,36.72737],[128.98937,36.73217],[128.98737,36.7357],[128.99058,36.74127],[128.99016,36.74707],[128.96979,36.74723],[128.96726,36.75149],[128.96401,36.75216],[128.95697,36.7684],[128.94662,36.77355],[128.9424,36.77379],[128.93085,36.76781],[128.92605,36.76912],[128.92064,36.76725],[128.90943,36.77508],[128.89029,36.77362],[128.88555,36.77898],[128.885,36.78383],[128.87369,36.7854],[128.86472,36.79405],[128.86355,36.79915],[128.85527,36.80192],[128.84475,36.80263],[128.84121,36.80924],[128.81995,36.81047],[128.82064,36.80546],[128.81893,36.80184],[128.81206,36.79562],[128.80276,36.80785],[128.80629,36.81773],[128.80638,36.82089],[128.80382,36.82306],[128.80052,36.82238],[128.79332,36.81418],[128.78678,36.81247],[128.77699,36.80506],[128.77047,36.80582],[128.76394,36.8016],[128.7631,36.80624],[128.75869,36.81002],[128.7525,36.80712],[128.74813,36.80906],[128.74338,36.79613],[128.74046,36.79032],[128.73706,36.79172],[128.73609,36.78383],[128.74538,36.77744],[128.73628,36.76636],[128.73533,36.76281],[128.74294,36.75576],[128.74288,36.74989],[128.73729,36.74419],[128.73188,36.72909],[128.73581,36.72492],[128.72912,36.71395],[128.73783,36.70391],[128.73066,36.69609],[128.72744,36.69564],[128.72237,36.69898],[128.72096,36.7024],[128.71628,36.70339],[128.71055,36.70014],[128.70615,36.70046],[128.69767,36.70669],[128.69198,36.70252],[128.67862,36.69923],[128.67281,36.70498],[128.67292,36.70774],[128.66431,36.71448],[128.65199,36.71075],[128.63967,36.71806],[128.63907,36.72025],[128.63814,36.71883],[128.62939,36.71962],[128.62827,36.71715],[128.61989,36.71536],[128.61596,36.71191],[128.60933,36.71684],[128.60019,36.71533],[128.59545,36.71134],[128.59763,36.70277],[128.59975,36.70179],[128.60332,36.69417],[128.60914,36.69252],[128.61008,36.68938],[128.60976,36.6858],[128.60184,36.67886],[128.60504,36.67224],[128.60323,36.6691],[128.6057,36.66253],[128.60455,36.65247],[128.58667,36.65034],[128.58184,36.647],[128.57707,36.64989],[128.5707,36.64817],[128.56624,36.64602],[128.56512,36.64073],[128.55864,36.63621],[128.5552,36.63537],[128.5516,36.63721],[128.54616,36.63192],[128.53807,36.63381],[128.53241,36.62981],[128.52443,36.62837],[128.52427,36.62265],[128.52164,36.61972],[128.52939,36.61798],[128.53512,36.61371],[128.52953,36.60186],[128.51322,36.60068],[128.50653,36.60212],[128.50288,36.60637],[128.49573,36.60145],[128.49312,36.59849],[128.49094,36.5886],[128.49224,36.58651],[128.49917,36.58436],[128.49522,36.58153],[128.49252,36.56978],[128.48148,36.56795],[128.46333,36.5603],[128.46125,36.55678],[128.45531,36.55448],[128.45723,36.5532],[128.45607,36.54921],[128.46044,36.54646],[128.46454,36.53991],[128.45426,36.53829],[128.44589,36.52999],[128.42922,36.52197]]]}},{"id":"feature_077","type":"Feature","properties":{"시도":"경상북도","시군구":"영덕군"},"geometry":{"type":"Polygon","coordinates":[[[129.37627,36.2683],[129.38159,36.27487],[129.37823,36.2784],[129.3749,36.2879],[129.37544,36.28986],[129.3796,36.29063],[129.38014,36.29391],[129.37758,36.30667],[129.3803,36.30846],[129.37979,36.31809],[129.38276,36.3229],[129.37953,36.33302],[129.38351,36.33624],[129.38438,36.34169],[129.38741,36.34293],[129.38976,36.34759],[129.38936,36.35676],[129.39373,36.35779],[129.39588,36.36584],[129.40798,36.38152],[129.40845,36.38801],[129.41366,36.38996],[129.42517,36.40563],[129.42703,36.40516],[129.43059,36.40959],[129.43136,36.41608],[129.43638,36.42702],[129.43347,36.44048],[129.43695,36.44702],[129.43554,36.45327],[129.43802,36.46292],[129.43702,36.46971],[129.4333,36.47517],[129.4334,36.48122],[129.44524,36.48871],[129.44706,36.50421],[129.45257,36.50614],[129.45352,36.50811],[129.45306,36.50971],[129.44714,36.50829],[129.45014,36.51268],[129.44419,36.51226],[129.44483,36.51903],[129.44031,36.53372],[129.4407,36.55182],[129.41989,36.57319],[129.41338,36.584],[129.41087,36.5924],[129.41106,36.59815],[129.41353,36.59993],[129.4154,36.59854],[129.41624,36.60238],[129.4122,36.62243],[129.41723,36.63048],[129.41779,36.63937],[129.42375,36.64326],[129.41945,36.64494],[129.41943,36.65028],[129.41098,36.65469],[129.40682,36.65917],[129.39657,36.66146],[129.39688,36.66545],[129.38845,36.6677],[129.38768,36.67058],[129.36291,36.66061],[129.35458,36.65103],[129.34882,36.65693],[129.32967,36.66163],[129.32598,36.66704],[129.31751,36.66546],[129.29476,36.67024],[129.28416,36.66751],[129.26894,36.67371],[129.26051,36.66896],[129.25402,36.67123],[129.23266,36.66114],[129.23071,36.64425],[129.23491,36.64227],[129.24014,36.62957],[129.22879,36.62347],[129.23116,36.60522],[129.22525,36.60283],[129.2223,36.60448],[129.22165,36.59994],[129.22408,36.59759],[129.21876,36.59433],[129.21659,36.5902],[129.22117,36.58562],[129.23075,36.58413],[129.23303,36.5811],[129.23424,36.57295],[129.2369,36.56948],[129.24339,36.56702],[129.24736,36.56056],[129.24204,36.55986],[129.24081,36.55759],[129.23983,36.5457],[129.23554,36.53122],[129.2385,36.52312],[129.24615,36.51575],[129.24767,36.51018],[129.24399,36.50867],[129.23731,36.51032],[129.2349,36.51313],[129.23185,36.51177],[129.22593,36.5138],[129.2228,36.50364],[129.22314,36.4995],[129.22661,36.4944],[129.22404,36.49246],[129.22436,36.48906],[129.21811,36.49052],[129.21804,36.49546],[129.21376,36.49997],[129.20493,36.50254],[129.19785,36.50105],[129.19287,36.50333],[129.19059,36.50311],[129.18838,36.4997],[129.18114,36.50772],[129.17371,36.50785],[129.15212,36.50033],[129.15164,36.49509],[129.15407,36.49269],[129.14831,36.47633],[129.15284,36.46692],[129.16193,36.4582],[129.16086,36.45388],[129.16894,36.44669],[129.1686,36.44153],[129.17151,36.43444],[129.18614,36.42902],[129.18693,36.42679],[129.19771,36.43035],[129.20181,36.42891],[129.21049,36.41852],[129.21199,36.40772],[129.22735,36.39798],[129.22809,36.39593],[129.22248,36.39186],[129.2207,36.38657],[129.22688,36.3832],[129.22798,36.37998],[129.21783,36.37219],[129.2163,36.36081],[129.22008,36.35911],[129.22091,36.35338],[129.22613,36.34484],[129.23568,36.344],[129.24305,36.34597],[129.25508,36.336],[129.25932,36.33515],[129.25635,36.32517],[129.25195,36.32091],[129.26643,36.32052],[129.26747,36.33011],[129.26956,36.33128],[129.27301,36.3278],[129.28505,36.33329],[129.28928,36.33084],[129.28874,36.32868],[129.29167,36.32472],[129.30219,36.31615],[129.29945,36.30622],[129.28649,36.2984],[129.28789,36.28888],[129.28638,36.28655],[129.29344,36.27628],[129.3001,36.27358],[129.30417,36.26776],[129.31422,36.2709],[129.33927,36.26664],[129.34303,36.27004],[129.3477,36.2698],[129.35439,36.27319],[129.36594,36.26859],[129.37627,36.2683]]]}},{"id":"feature_078","type":"Feature","properties":{"시도":"경상북도","시군구":"영양군"},"geometry":{"type":"Polygon","coordinates":[[[129.15212,36.50033],[129.17371,36.50785],[129.18114,36.50772],[129.18838,36.4997],[129.19059,36.50311],[129.19287,36.50333],[129.19785,36.50105],[129.20493,36.50254],[129.21376,36.49997],[129.21804,36.49546],[129.21811,36.49052],[129.22436,36.48906],[129.22404,36.49246],[129.22661,36.4944],[129.22314,36.4995],[129.2228,36.50364],[129.22593,36.5138],[129.23185,36.51177],[129.2349,36.51313],[129.23731,36.51032],[129.24399,36.50867],[129.24767,36.51018],[129.24615,36.51575],[129.2385,36.52312],[129.23554,36.53122],[129.23983,36.5457],[129.24081,36.55759],[129.24204,36.55986],[129.24736,36.56056],[129.24339,36.56702],[129.2369,36.56948],[129.23424,36.57295],[129.23303,36.5811],[129.23075,36.58413],[129.22117,36.58562],[129.21659,36.5902],[129.21876,36.59433],[129.22408,36.59759],[129.22165,36.59994],[129.2223,36.60448],[129.22525,36.60283],[129.23116,36.60522],[129.22879,36.62347],[129.24014,36.62957],[129.23491,36.64227],[129.23071,36.64425],[129.23266,36.66114],[129.25402,36.67123],[129.26051,36.66896],[129.26894,36.67371],[129.27097,36.67698],[129.27897,36.68122],[129.27686,36.69159],[129.28219,36.69443],[129.28242,36.699],[129.28664,36.70239],[129.28636,36.70859],[129.29403,36.71706],[129.28188,36.72327],[129.27682,36.72271],[129.27142,36.72536],[129.27004,36.73329],[129.2741,36.74123],[129.27239,36.74475],[129.28471,36.75203],[129.2952,36.75402],[129.29821,36.75771],[129.29579,36.76571],[129.29836,36.77161],[129.30359,36.77673],[129.31058,36.77409],[129.3135,36.78089],[129.31199,36.78592],[129.3067,36.7923],[129.30063,36.79359],[129.29339,36.8055],[129.28902,36.80833],[129.29173,36.82076],[129.29488,36.82488],[129.28319,36.83341],[129.27266,36.83369],[129.27066,36.84065],[129.27712,36.84716],[129.27442,36.85096],[129.27478,36.85809],[129.28042,36.86122],[129.27847,36.86474],[129.2852,36.86299],[129.28566,36.86435],[129.27729,36.87507],[129.27471,36.87467],[129.27242,36.87147],[129.26748,36.8727],[129.26045,36.87021],[129.2633,36.8758],[129.26207,36.87744],[129.25593,36.87117],[129.25458,36.85914],[129.2477,36.85279],[129.23978,36.85193],[129.23102,36.85388],[129.23806,36.86294],[129.23312,36.86716],[129.22755,36.86786],[129.21766,36.86405],[129.21029,36.86342],[129.20166,36.86531],[129.19709,36.86889],[129.19557,36.87519],[129.19168,36.87961],[129.17694,36.87894],[129.16926,36.88134],[129.16553,36.87922],[129.16572,36.87531],[129.16379,36.87423],[129.15879,36.87492],[129.15513,36.87821],[129.15262,36.87384],[129.13684,36.872],[129.13576,36.86928],[129.12936,36.86501],[129.12834,36.85854],[129.12488,36.85721],[129.12198,36.84803],[129.10322,36.83587],[129.09879,36.82801],[129.08978,36.82654],[129.08024,36.81889],[129.07237,36.82093],[129.0647,36.81896],[129.06215,36.81304],[129.0527,36.80619],[129.04788,36.79999],[129.03743,36.7943],[129.03569,36.78893],[129.02154,36.78365],[129.01578,36.78428],[129.00721,36.77982],[128.99838,36.77992],[128.98407,36.7729],[128.98373,36.76428],[128.99232,36.75591],[128.98927,36.75084],[128.99016,36.74707],[128.99058,36.74127],[128.98737,36.7357],[128.98937,36.73217],[128.99718,36.72737],[128.99608,36.72254],[128.99974,36.71751],[128.99438,36.70425],[128.9967,36.70181],[128.99744,36.69539],[128.99186,36.69149],[128.99449,36.68144],[128.99012,36.67439],[128.99378,36.66955],[128.98982,36.66544],[128.99519,36.66175],[128.99639,36.65523],[128.98994,36.64803],[128.99467,36.64186],[128.99148,36.63605],[128.99074,36.62499],[128.99664,36.61844],[128.99734,36.60472],[129.00138,36.60292],[128.99903,36.59347],[129.00366,36.59462],[129.00867,36.58968],[129.01556,36.58813],[129.02243,36.58789],[129.02457,36.58967],[129.03196,36.58808],[129.03683,36.58218],[129.04617,36.58001],[129.04588,36.57358],[129.05073,36.56048],[129.06167,36.5539],[129.0682,36.54304],[129.07533,36.54636],[129.08505,36.54363],[129.10006,36.54284],[129.10815,36.54614],[129.10767,36.54381],[129.11081,36.54031],[129.11827,36.53852],[129.12239,36.53506],[129.12761,36.53457],[129.13108,36.52674],[129.12682,36.52212],[129.13048,36.5185],[129.12778,36.51308],[129.13161,36.50706],[129.12981,36.5037],[129.13283,36.50088],[129.1433,36.49906],[129.14685,36.50152],[129.15212,36.50033]]]}},{"id":"feature_079","type":"Feature","properties":{"시도":"경상북도","시군구":"영주시"},"geometry":{"type":"Polygon","coordinates":[[[128.44911,36.84891],[128.45917,36.84553],[128.46298,36.84667],[128.48124,36.83498],[128.48193,36.82789],[128.47826,36.82398],[128.47712,36.81821],[128.47427,36.81689],[128.47098,36.8036],[128.47579,36.79375],[128.47484,36.77666],[128.48225,36.77675],[128.49498,36.77032],[128.49912,36.76492],[128.50637,36.7638],[128.51909,36.77139],[128.5252,36.77009],[128.53417,36.77318],[128.53763,36.77275],[128.54265,36.76731],[128.55158,36.76763],[128.55564,36.76102],[128.56145,36.76012],[128.56601,36.75256],[128.56711,36.74728],[128.57068,36.74298],[128.56895,36.73948],[128.5701,36.73579],[128.57288,36.73624],[128.57852,36.73214],[128.57615,36.72492],[128.58014,36.72299],[128.58975,36.70088],[128.59408,36.70013],[128.59763,36.70277],[128.59545,36.71134],[128.60019,36.71533],[128.60933,36.71684],[128.61596,36.71191],[128.61989,36.71536],[128.62827,36.71715],[128.62939,36.71962],[128.63814,36.71883],[128.63907,36.72025],[128.63967,36.71806],[128.65199,36.71075],[128.66431,36.71448],[128.67292,36.70774],[128.67281,36.70498],[128.67862,36.69923],[128.69198,36.70252],[128.69767,36.70669],[128.70615,36.70046],[128.71055,36.70014],[128.71628,36.70339],[128.72096,36.7024],[128.72237,36.69898],[128.72744,36.69564],[128.73066,36.69609],[128.73783,36.70391],[128.72912,36.71395],[128.73581,36.72492],[128.73188,36.72909],[128.73729,36.74419],[128.74288,36.74989],[128.74294,36.75576],[128.73533,36.76281],[128.73628,36.76636],[128.74538,36.77744],[128.73609,36.78383],[128.73706,36.79172],[128.74046,36.79032],[128.74338,36.79613],[128.73601,36.80193],[128.73214,36.79155],[128.72951,36.79057],[128.72563,36.79282],[128.72125,36.80084],[128.72361,36.80221],[128.72451,36.80804],[128.72752,36.81162],[128.72789,36.81946],[128.73168,36.82203],[128.72439,36.82128],[128.71925,36.82364],[128.71843,36.82913],[128.72863,36.83203],[128.73706,36.84065],[128.73664,36.84422],[128.73242,36.84689],[128.72715,36.856],[128.72557,36.86041],[128.72862,36.86276],[128.72656,36.86617],[128.7199,36.86769],[128.71412,36.86454],[128.70555,36.8671],[128.70066,36.86058],[128.68617,36.86332],[128.68146,36.8575],[128.67715,36.85552],[128.67793,36.85029],[128.67338,36.84787],[128.67431,36.84215],[128.66752,36.8447],[128.66413,36.84156],[128.65673,36.85196],[128.64201,36.85696],[128.64437,36.86348],[128.65311,36.86711],[128.65598,36.87022],[128.65003,36.87797],[128.65178,36.88178],[128.64468,36.87948],[128.63736,36.88768],[128.64112,36.89145],[128.64971,36.91036],[128.6546,36.91152],[128.65517,36.90962],[128.65867,36.90932],[128.66948,36.91915],[128.66542,36.9214],[128.66639,36.92341],[128.66011,36.9284],[128.65901,36.93236],[128.66074,36.93275],[128.66428,36.94103],[128.67538,36.94588],[128.67734,36.95328],[128.68152,36.95342],[128.68626,36.95977],[128.68707,36.96955],[128.69302,36.97385],[128.6932,36.97691],[128.69018,36.97934],[128.69411,36.99587],[128.69285,37.00388],[128.70132,37.01245],[128.70074,37.029],[128.70894,37.03923],[128.70021,37.04119],[128.68927,37.05303],[128.68389,37.05157],[128.67541,37.05877],[128.65749,37.06108],[128.656,37.06442],[128.65223,37.06546],[128.64462,37.06193],[128.64181,37.0549],[128.63758,37.05142],[128.63051,37.03896],[128.61927,37.04955],[128.60882,37.05263],[128.60679,37.0434],[128.59321,37.04222],[128.58364,37.04389],[128.57711,37.03564],[128.56811,37.0345],[128.56516,37.03087],[128.56718,37.02618],[128.57292,37.02167],[128.57131,37.01598],[128.5629,37.00796],[128.55604,37.0055],[128.55471,36.99823],[128.53809,36.99076],[128.52915,36.99073],[128.51449,36.98681],[128.51363,36.97681],[128.50685,36.972],[128.5067,36.97019],[128.48594,36.96201],[128.48496,36.95746],[128.47656,36.95741],[128.46779,36.95181],[128.46324,36.94745],[128.4602,36.93401],[128.44187,36.9279],[128.44312,36.92015],[128.4454,36.91782],[128.44486,36.91381],[128.44023,36.90152],[128.42695,36.88931],[128.42758,36.88252],[128.42441,36.87647],[128.43874,36.87324],[128.44798,36.86458],[128.44714,36.85458],[128.44911,36.84891]]]}},{"id":"feature_080","type":"Feature","properties":{"시도":"경상북도","시군구":"영천시"},"geometry":{"type":"Polygon","coordinates":[[[128.73516,35.9929],[128.75204,35.99075],[128.76916,35.983],[128.78607,35.988],[128.79076,35.98371],[128.79861,35.9817],[128.81184,35.97322],[128.81158,35.96757],[128.81334,35.96532],[128.82781,35.96403],[128.83654,35.96814],[128.84007,35.96318],[128.84899,35.96174],[128.85618,35.95275],[128.85929,35.95236],[128.85798,35.94791],[128.86263,35.92969],[128.85741,35.92672],[128.8525,35.9203],[128.85657,35.91605],[128.85673,35.91161],[128.85316,35.908],[128.85543,35.90567],[128.85532,35.89978],[128.8697,35.89406],[128.87336,35.88927],[128.8756,35.88935],[128.87091,35.8841],[128.86604,35.88361],[128.85862,35.87684],[128.86086,35.87241],[128.87298,35.86596],[128.87515,35.86047],[128.87518,35.85102],[128.87847,35.84934],[128.88223,35.84315],[128.89209,35.84464],[128.89454,35.83742],[128.90225,35.83713],[128.90847,35.83154],[128.91397,35.8338],[128.91488,35.8374],[128.92396,35.83357],[128.92573,35.83556],[128.93359,35.83712],[128.9353,35.83531],[128.93872,35.8356],[128.94116,35.83081],[128.94403,35.82986],[128.9592,35.8417],[128.96926,35.84092],[128.97076,35.83544],[128.97774,35.83289],[128.98409,35.83343],[128.99438,35.84021],[129.01413,35.8462],[129.01871,35.85641],[129.03292,35.87071],[129.02605,35.89057],[129.02897,35.89823],[129.02688,35.89934],[129.02853,35.90467],[129.03786,35.91208],[129.04556,35.91267],[129.04854,35.91923],[129.05487,35.92013],[129.05745,35.926],[129.06051,35.92615],[129.06067,35.93428],[129.06546,35.94149],[129.07852,35.9418],[129.08201,35.93745],[129.09457,35.94069],[129.10987,35.92984],[129.11525,35.917],[129.11854,35.91705],[129.12116,35.92223],[129.12673,35.92154],[129.13202,35.92516],[129.13485,35.93297],[129.13216,35.93748],[129.12839,35.93868],[129.12738,35.94993],[129.12495,35.9507],[129.11746,35.96079],[129.11722,35.9853],[129.11057,35.99674],[129.11325,36.0007],[129.11046,36.00479],[129.11503,36.01255],[129.12713,36.00538],[129.14338,36.01014],[129.14097,36.02358],[129.13421,36.03424],[129.13969,36.04319],[129.15134,36.04963],[129.14967,36.05262],[129.15157,36.05484],[129.14926,36.05742],[129.14133,36.05802],[129.13787,36.06163],[129.13419,36.06639],[129.13336,36.07489],[129.12928,36.08055],[129.12054,36.07893],[129.112,36.07984],[129.11104,36.08348],[129.10079,36.08917],[129.09224,36.10112],[129.09321,36.10463],[129.09902,36.10708],[129.10494,36.11394],[129.10444,36.11665],[129.09897,36.12139],[129.08191,36.11724],[129.07872,36.11159],[129.07131,36.11474],[129.06654,36.12411],[129.05674,36.13125],[129.05926,36.13537],[129.0641,36.13633],[129.06349,36.14025],[129.06157,36.14372],[129.05469,36.14663],[129.0536,36.14941],[129.04544,36.15118],[129.0434,36.15894],[129.03162,36.16064],[129.02538,36.15902],[129.01263,36.163],[128.99791,36.16417],[128.98749,36.16796],[128.97833,36.16594],[128.97376,36.16078],[128.96967,36.16096],[128.96228,36.16634],[128.94981,36.16887],[128.93711,36.17947],[128.92795,36.17982],[128.91945,36.18544],[128.91451,36.18096],[128.89695,36.17654],[128.89605,36.17344],[128.89418,36.16932],[128.90009,36.1625],[128.8925,36.15554],[128.89017,36.14713],[128.89151,36.14339],[128.87643,36.14235],[128.86839,36.14515],[128.8589,36.14521],[128.85057,36.13757],[128.85307,36.1284],[128.85017,36.11887],[128.83782,36.11288],[128.83568,36.10583],[128.82204,36.10042],[128.8183,36.09762],[128.81636,36.09228],[128.81065,36.08887],[128.79847,36.08497],[128.79564,36.08693],[128.79102,36.08673],[128.77956,36.09384],[128.77064,36.09524],[128.76844,36.09953],[128.76495,36.1006],[128.75373,36.09175],[128.75206,36.09289],[128.75172,36.10353],[128.74509,36.10915],[128.74394,36.10284],[128.7417,36.10052],[128.7252,36.09038],[128.72466,36.08846],[128.72765,36.08653],[128.72942,36.08108],[128.72476,36.07433],[128.72162,36.07318],[128.71409,36.07561],[128.71139,36.07365],[128.70921,36.0641],[128.70256,36.05566],[128.70456,36.05018],[128.70405,36.04382],[128.69684,36.03537],[128.70009,36.03189],[128.70107,36.02751],[128.69525,36.0163],[128.70052,36.01121],[128.71876,36.00806],[128.72556,36.00481],[128.72898,36.00154],[128.72897,35.99775],[128.732,35.99709],[128.73516,35.9929]]]}},{"id":"feature_081","type":"Feature","properties":{"시도":"경상북도","시군구":"예천군"},"geometry":{"type":"Polygon","coordinates":[[[128.31289,36.4564],[128.30868,36.46387],[128.31155,36.46864],[128.32022,36.4715],[128.3374,36.48924],[128.3357,36.49919],[128.33984,36.50307],[128.3453,36.51415],[128.34347,36.52056],[128.34089,36.52272],[128.3414,36.52509],[128.35287,36.52724],[128.36179,36.53165],[128.3659,36.52793],[128.36862,36.52071],[128.3701,36.5146],[128.36844,36.50948],[128.371,36.50526],[128.37449,36.50394],[128.40104,36.50979],[128.41733,36.522],[128.42922,36.52197],[128.44589,36.52999],[128.45426,36.53829],[128.46454,36.53991],[128.46044,36.54646],[128.45607,36.54921],[128.45723,36.5532],[128.45531,36.55448],[128.46125,36.55678],[128.46333,36.5603],[128.48148,36.56795],[128.49252,36.56978],[128.49522,36.58153],[128.49917,36.58436],[128.49224,36.58651],[128.49094,36.5886],[128.49312,36.59849],[128.49573,36.60145],[128.50288,36.60637],[128.50653,36.60212],[128.51322,36.60068],[128.52953,36.60186],[128.53512,36.61371],[128.52939,36.61798],[128.52164,36.61972],[128.52427,36.62265],[128.52443,36.62837],[128.53241,36.62981],[128.53807,36.63381],[128.54616,36.63192],[128.5516,36.63721],[128.5552,36.63537],[128.55864,36.63621],[128.56512,36.64073],[128.56624,36.64602],[128.5707,36.64817],[128.57707,36.64989],[128.58184,36.647],[128.58667,36.65034],[128.60455,36.65247],[128.6057,36.66253],[128.60323,36.6691],[128.60504,36.67224],[128.60184,36.67886],[128.60976,36.6858],[128.61008,36.68938],[128.60914,36.69252],[128.60332,36.69417],[128.59975,36.70179],[128.59763,36.70277],[128.59408,36.70013],[128.58975,36.70088],[128.58014,36.72299],[128.57615,36.72492],[128.57852,36.73214],[128.57288,36.73624],[128.5701,36.73579],[128.56895,36.73948],[128.57068,36.74298],[128.56711,36.74728],[128.56601,36.75256],[128.56145,36.76012],[128.55564,36.76102],[128.55158,36.76763],[128.54265,36.76731],[128.53763,36.77275],[128.53417,36.77318],[128.5252,36.77009],[128.51909,36.77139],[128.50637,36.7638],[128.49912,36.76492],[128.49498,36.77032],[128.48225,36.77675],[128.47484,36.77666],[128.47579,36.79375],[128.47098,36.8036],[128.47427,36.81689],[128.47712,36.81821],[128.47826,36.82398],[128.48193,36.82789],[128.48124,36.83498],[128.46298,36.84667],[128.45917,36.84553],[128.44911,36.84891],[128.4414,36.83766],[128.43434,36.83408],[128.43175,36.82426],[128.42065,36.81142],[128.40538,36.81192],[128.39406,36.81539],[128.38398,36.81447],[128.36659,36.80064],[128.36968,36.79488],[128.36748,36.79215],[128.36649,36.78049],[128.36418,36.7753],[128.36779,36.76802],[128.36274,36.76096],[128.36973,36.75073],[128.35962,36.74019],[128.33829,36.74045],[128.33306,36.73207],[128.33191,36.72667],[128.33363,36.72476],[128.33143,36.72084],[128.33727,36.70942],[128.33092,36.69842],[128.33619,36.69362],[128.33568,36.69178],[128.33075,36.6851],[128.32036,36.67829],[128.32645,36.66877],[128.33409,36.66558],[128.33422,36.66163],[128.33685,36.6586],[128.34923,36.65482],[128.34999,36.65094],[128.34787,36.64721],[128.33439,36.64315],[128.33334,36.64073],[128.32781,36.6439],[128.32034,36.64446],[128.31904,36.65523],[128.31621,36.65696],[128.30931,36.65623],[128.30727,36.65341],[128.30968,36.64125],[128.30627,36.63607],[128.29365,36.63255],[128.28975,36.62963],[128.2864,36.62308],[128.28745,36.62126],[128.28243,36.6165],[128.27579,36.61542],[128.27178,36.60986],[128.26198,36.61115],[128.26239,36.60764],[128.26631,36.60314],[128.27279,36.599],[128.28014,36.59088],[128.28476,36.5785],[128.29452,36.57893],[128.29607,36.57532],[128.29486,36.55927],[128.29771,36.55314],[128.29532,36.55184],[128.27061,36.55215],[128.26514,36.55026],[128.26315,36.54293],[128.26865,36.53302],[128.26526,36.52387],[128.26612,36.5135],[128.26422,36.50809],[128.26989,36.49754],[128.27034,36.48392],[128.26713,36.48057],[128.26026,36.47828],[128.26531,36.47613],[128.27033,36.47696],[128.27806,36.47249],[128.28053,36.46372],[128.28917,36.46233],[128.29483,36.46494],[128.29912,36.46336],[128.30566,36.45689],[128.31017,36.45537],[128.31289,36.4564]]]}},{"id":"feature_082","type":"Feature","properties":{"시도":"경상북도","시군구":"울릉군"},"geometry":{"type":"MultiPolygon","coordinates":[[[[131.87049,37.24066],[131.86937,37.24146],[131.8681,37.23943],[131.86999,37.23837],[131.87049,37.24066]]],[[[131.8632,37.2408],[131.86686,37.24179],[131.86574,37.24413],[131.86346,37.24282],[131.8632,37.2408]]],[[[130.87405,37.45313],[130.87613,37.46228],[130.87957,37.46091],[130.87702,37.46366],[130.88379,37.47081],[130.89621,37.47558],[130.90218,37.47477],[130.90694,37.47645],[130.91151,37.48269],[130.91577,37.48214],[130.92135,37.48468],[130.92066,37.48702],[130.91378,37.48711],[130.91577,37.50625],[130.91799,37.50778],[130.91941,37.51348],[130.91764,37.5187],[130.9125,37.52068],[130.90909,37.52837],[130.9137,37.5376],[130.92126,37.53993],[130.92095,37.54138],[130.91245,37.54133],[130.90945,37.54809],[130.90439,37.54866],[130.89897,37.54681],[130.89636,37.54228],[130.89322,37.5407],[130.87759,37.54343],[130.86882,37.53708],[130.85754,37.5352],[130.84668,37.53622],[130.82912,37.52761],[130.82409,37.52867],[130.82558,37.53052],[130.82929,37.53049],[130.82521,37.53113],[130.81428,37.5235],[130.806,37.52233],[130.80421,37.52032],[130.80154,37.52071],[130.80064,37.52487],[130.79199,37.5249],[130.79382,37.52288],[130.79132,37.52014],[130.79274,37.51548],[130.79584,37.51429],[130.80013,37.50759],[130.80477,37.50542],[130.80136,37.50181],[130.80423,37.49996],[130.80114,37.49087],[130.80196,37.48531],[130.80785,37.48252],[130.81042,37.47584],[130.82653,37.47265],[130.83112,37.46658],[130.83826,37.46563],[130.84025,37.4632],[130.84994,37.46386],[130.85613,37.45987],[130.86597,37.45999],[130.87405,37.45313]]],[[[130.9391,37.52467],[130.94116,37.52551],[130.94194,37.52981],[130.93913,37.53144],[130.93657,37.52817],[130.9391,37.52467]]],[[[130.92272,37.54193],[130.92542,37.54297],[130.92607,37.54462],[130.92075,37.5436],[130.92272,37.54193]]]]}},{"id":"feature_083","type":"Feature","properties":{"시도":"경상북도","시군구":"울진군"},"geometry":{"type":"Polygon","coordinates":[[[129.42375,36.64326],[129.42894,36.64896],[129.43143,36.65857],[129.43741,36.66976],[129.4455,36.67665],[129.45687,36.68127],[129.46317,36.67761],[129.46562,36.68013],[129.46436,36.68286],[129.46601,36.68798],[129.47062,36.68613],[129.46771,36.68956],[129.46928,36.69482],[129.47673,36.69962],[129.47496,36.70594],[129.47612,36.71136],[129.4723,36.72257],[129.47804,36.72705],[129.47611,36.73504],[129.46935,36.74831],[129.46785,36.7572],[129.46961,36.76035],[129.47648,36.7636],[129.47899,36.76792],[129.46306,36.78849],[129.46316,36.7964],[129.45808,36.80288],[129.45744,36.81541],[129.44599,36.82686],[129.44638,36.83237],[129.42756,36.85073],[129.42018,36.868],[129.42135,36.87565],[129.41545,36.88896],[129.42095,36.8984],[129.41591,36.9094],[129.41625,36.91686],[129.41904,36.91757],[129.42032,36.92312],[129.41788,36.93071],[129.42128,36.936],[129.42166,36.9403],[129.41874,36.94812],[129.41987,36.95126],[129.40894,36.98009],[129.41469,36.98911],[129.42,36.99311],[129.41734,36.99752],[129.41914,37.0062],[129.41043,37.02408],[129.41016,37.03063],[129.41576,37.03546],[129.41327,37.04623],[129.41549,37.05427],[129.42433,37.05794],[129.42608,37.0557],[129.42069,37.05281],[129.42828,37.05532],[129.43008,37.0584],[129.42765,37.05991],[129.42719,37.06405],[129.39609,37.08404],[129.37956,37.10024],[129.37637,37.11026],[129.38152,37.12017],[129.37865,37.12027],[129.3737,37.125],[129.37336,37.13521],[129.3641,37.14636],[129.35653,37.1448],[129.34776,37.14654],[129.33352,37.14174],[129.32454,37.14165],[129.32076,37.13585],[129.312,37.13191],[129.30983,37.12858],[129.30475,37.12809],[129.29819,37.12454],[129.29515,37.12029],[129.29446,37.11441],[129.27679,37.11869],[129.27196,37.11699],[129.26971,37.10746],[129.2661,37.10235],[129.24963,37.09588],[129.24126,37.08573],[129.22558,37.0734],[129.23101,37.06929],[129.23322,37.0642],[129.22891,37.05692],[129.23303,37.04985],[129.23316,37.04412],[129.23859,37.03898],[129.22509,37.04454],[129.21355,37.04273],[129.20287,37.0446],[129.19458,37.04057],[129.18544,37.04209],[129.1764,37.02868],[129.16709,37.02179],[129.15937,37.01956],[129.15471,37.02316],[129.14771,37.02471],[129.13968,37.03289],[129.13248,37.03459],[129.12624,37.03],[129.12166,37.02899],[129.11916,37.03038],[129.10835,37.02504],[129.1024,37.01895],[129.09749,37.0177],[129.08354,37.008],[129.08637,37.00634],[129.09035,37.00908],[129.09563,37.00773],[129.09176,37.0029],[129.09087,36.99796],[129.0929,36.99526],[129.09305,36.98904],[129.09009,36.98453],[129.09502,36.97709],[129.09195,36.97012],[129.09119,36.96212],[129.0881,36.96097],[129.08224,36.96323],[129.0778,36.95692],[129.08783,36.95183],[129.08803,36.94977],[129.084,36.94602],[129.09652,36.9461],[129.10063,36.94345],[129.10457,36.94492],[129.10809,36.94306],[129.10507,36.9375],[129.11188,36.93369],[129.11986,36.9355],[129.12344,36.93347],[129.1249,36.93015],[129.13662,36.92704],[129.13791,36.92216],[129.14228,36.92155],[129.1444,36.91496],[129.14761,36.91288],[129.14495,36.90975],[129.1479,36.90825],[129.14838,36.90503],[129.14478,36.89854],[129.14903,36.89616],[129.14927,36.89032],[129.15519,36.88857],[129.15513,36.87821],[129.15879,36.87492],[129.16379,36.87423],[129.16572,36.87531],[129.16553,36.87922],[129.16926,36.88134],[129.17694,36.87894],[129.19168,36.87961],[129.19557,36.87519],[129.19709,36.86889],[129.20166,36.86531],[129.21029,36.86342],[129.21766,36.86405],[129.22755,36.86786],[129.23312,36.86716],[129.23806,36.86294],[129.23102,36.85388],[129.23978,36.85193],[129.2477,36.85279],[129.25458,36.85914],[129.25593,36.87117],[129.26207,36.87744],[129.2633,36.8758],[129.26045,36.87021],[129.26748,36.8727],[129.27242,36.87147],[129.27471,36.87467],[129.27729,36.87507],[129.28566,36.86435],[129.2852,36.86299],[129.27847,36.86474],[129.28042,36.86122],[129.27478,36.85809],[129.27442,36.85096],[129.27712,36.84716],[129.27066,36.84065],[129.27266,36.83369],[129.28319,36.83341],[129.29488,36.82488],[129.29173,36.82076],[129.28902,36.80833],[129.29339,36.8055],[129.30063,36.79359],[129.3067,36.7923],[129.31199,36.78592],[129.3135,36.78089],[129.31058,36.77409],[129.30359,36.77673],[129.29836,36.77161],[129.29579,36.76571],[129.29821,36.75771],[129.2952,36.75402],[129.28471,36.75203],[129.27239,36.74475],[129.2741,36.74123],[129.27004,36.73329],[129.27142,36.72536],[129.27682,36.72271],[129.28188,36.72327],[129.29403,36.71706],[129.28636,36.70859],[129.28664,36.70239],[129.28242,36.699],[129.28219,36.69443],[129.27686,36.69159],[129.27897,36.68122],[129.27097,36.67698],[129.26894,36.67371],[129.28416,36.66751],[129.29476,36.67024],[129.31751,36.66546],[129.32598,36.66704],[129.32967,36.66163],[129.34882,36.65693],[129.35458,36.65103],[129.36291,36.66061],[129.38768,36.67058],[129.38845,36.6677],[129.39688,36.66545],[129.39657,36.66146],[129.40682,36.65917],[129.41098,36.65469],[129.41943,36.65028],[129.41945,36.64494],[129.42375,36.64326]]]}},{"id":"feature_084","type":"Feature","properties":{"시도":"경상북도","시군구":"의성군"},"geometry":{"type":"Polygon","coordinates":[[[128.41125,36.28751],[128.41408,36.2899],[128.413,36.29373],[128.41704,36.29901],[128.42776,36.29913],[128.43368,36.30544],[128.43763,36.30442],[128.43811,36.31402],[128.44526,36.31832],[128.45154,36.32696],[128.4547,36.32697],[128.45602,36.3251],[128.47116,36.32004],[128.47346,36.31707],[128.47377,36.31183],[128.48759,36.30821],[128.49631,36.30364],[128.5062,36.30342],[128.51089,36.30064],[128.51784,36.30201],[128.52559,36.29945],[128.52926,36.29387],[128.53613,36.29499],[128.54553,36.29162],[128.55336,36.27389],[128.55688,36.27364],[128.56293,36.27685],[128.56672,36.27421],[128.57121,36.27491],[128.57607,36.27965],[128.59445,36.27757],[128.59848,36.27077],[128.60954,36.27115],[128.63637,36.26118],[128.64067,36.25757],[128.63827,36.24714],[128.63286,36.24408],[128.63105,36.23878],[128.63454,36.23731],[128.63667,36.23308],[128.63566,36.22131],[128.63175,36.21623],[128.63406,36.20923],[128.63992,36.20809],[128.64936,36.21769],[128.65274,36.21717],[128.66339,36.22144],[128.66749,36.21186],[128.67125,36.20861],[128.67281,36.2084],[128.67486,36.2125],[128.68169,36.21491],[128.69439,36.2141],[128.69985,36.20876],[128.69668,36.20239],[128.7049,36.19916],[128.71716,36.20037],[128.7213,36.19803],[128.72758,36.20083],[128.72989,36.19845],[128.73515,36.20065],[128.74173,36.19861],[128.74604,36.19443],[128.74944,36.19591],[128.7527,36.20267],[128.75807,36.20255],[128.76994,36.19347],[128.77394,36.19498],[128.78352,36.19389],[128.78643,36.19631],[128.79597,36.1938],[128.803,36.20061],[128.80412,36.21015],[128.81341,36.21068],[128.82259,36.21583],[128.83004,36.21764],[128.834,36.21536],[128.84181,36.21762],[128.85186,36.21488],[128.86058,36.20643],[128.87066,36.2037],[128.87315,36.19975],[128.88246,36.199],[128.89369,36.20338],[128.89659,36.20696],[128.8957,36.21343],[128.88349,36.21886],[128.8805,36.22584],[128.86974,36.23152],[128.87497,36.23543],[128.87906,36.236],[128.8851,36.24192],[128.88234,36.25156],[128.87122,36.25573],[128.85745,36.25487],[128.85284,36.25887],[128.84775,36.25951],[128.84661,36.26166],[128.85105,36.26637],[128.86261,36.26805],[128.86339,36.27431],[128.87561,36.27315],[128.87769,36.27579],[128.87996,36.29667],[128.88354,36.29766],[128.88575,36.29575],[128.88931,36.29742],[128.89137,36.30552],[128.88744,36.31191],[128.88741,36.31621],[128.89244,36.31997],[128.89295,36.32537],[128.88855,36.33059],[128.88971,36.33381],[128.88672,36.34239],[128.87654,36.34483],[128.88112,36.3584],[128.87191,36.36742],[128.87758,36.37508],[128.8596,36.38775],[128.85041,36.38829],[128.85134,36.39928],[128.84531,36.40504],[128.84531,36.41213],[128.84179,36.4182],[128.84286,36.42073],[128.83708,36.42338],[128.83432,36.42763],[128.83453,36.43578],[128.82983,36.44366],[128.83013,36.45194],[128.81389,36.45405],[128.80953,36.45915],[128.79994,36.45879],[128.79262,36.46577],[128.78252,36.4648],[128.776,36.4688],[128.77297,36.47561],[128.76769,36.48072],[128.74714,36.48918],[128.73166,36.4773],[128.72778,36.47637],[128.71788,36.48194],[128.71494,36.48158],[128.70977,36.47704],[128.70426,36.45447],[128.70579,36.44739],[128.69959,36.4474],[128.6898,36.44384],[128.68283,36.44621],[128.67553,36.4366],[128.66878,36.43886],[128.66346,36.43776],[128.65414,36.42964],[128.64965,36.43026],[128.63033,36.42602],[128.6282,36.42389],[128.62867,36.42038],[128.61185,36.41865],[128.60637,36.4095],[128.59966,36.40925],[128.59665,36.41201],[128.59521,36.42201],[128.59676,36.42517],[128.59481,36.42787],[128.59463,36.43542],[128.5864,36.44012],[128.57735,36.43992],[128.57033,36.45105],[128.56677,36.45208],[128.56616,36.459],[128.56013,36.46479],[128.55938,36.47234],[128.55265,36.47573],[128.5511,36.48931],[128.54414,36.49026],[128.5393,36.4953],[128.53502,36.49508],[128.53182,36.49808],[128.50697,36.49904],[128.50335,36.50135],[128.49795,36.51467],[128.49116,36.51785],[128.48309,36.51376],[128.47628,36.51394],[128.47473,36.49854],[128.46305,36.49797],[128.46155,36.49573],[128.46421,36.49071],[128.45888,36.48847],[128.43356,36.50281],[128.43246,36.511],[128.43694,36.51641],[128.42922,36.52197],[128.41733,36.522],[128.40104,36.50979],[128.37449,36.50394],[128.371,36.50526],[128.36844,36.50948],[128.3701,36.5146],[128.36862,36.52071],[128.3659,36.52793],[128.36179,36.53165],[128.35287,36.52724],[128.3414,36.52509],[128.34089,36.52272],[128.34347,36.52056],[128.3453,36.51415],[128.33984,36.50307],[128.3357,36.49919],[128.3374,36.48924],[128.32022,36.4715],[128.31155,36.46864],[128.30868,36.46387],[128.31289,36.4564],[128.31845,36.4476],[128.32279,36.44589],[128.3254,36.44183],[128.32584,36.43668],[128.32219,36.43256],[128.32295,36.42773],[128.33336,36.41957],[128.33333,36.41176],[128.33922,36.4052],[128.33327,36.40024],[128.33241,36.39545],[128.32656,36.38608],[128.31774,36.38678],[128.31153,36.37643],[128.31216,36.36652],[128.3099,36.36103],[128.28405,36.34725],[128.29084,36.34508],[128.29342,36.348],[128.30165,36.3436],[128.30464,36.33808],[128.3054,36.33166],[128.31093,36.33012],[128.31406,36.33061],[128.31617,36.33542],[128.32374,36.34139],[128.33089,36.34318],[128.33462,36.34888],[128.3411,36.34851],[128.35105,36.35105],[128.35448,36.34414],[128.36632,36.33879],[128.36682,36.33283],[128.37269,36.32491],[128.37917,36.32266],[128.38072,36.31271],[128.38975,36.30786],[128.38788,36.3036],[128.39081,36.29957],[128.39557,36.29753],[128.39663,36.29349],[128.40184,36.28937],[128.41125,36.28751]]]}},{"id":"feature_085","type":"Feature","properties":{"시도":"경상북도","시군구":"청도군"},"geometry":{"type":"Polygon","coordinates":[[[128.59344,35.58433],[128.60685,35.58042],[128.63109,35.58666],[128.63599,35.58409],[128.64363,35.59235],[128.65533,35.598],[128.66492,35.59432],[128.67246,35.59585],[128.68876,35.59508],[128.69128,35.59442],[128.69591,35.58325],[128.70327,35.57853],[128.71627,35.57832],[128.72405,35.58097],[128.73108,35.57621],[128.7378,35.57608],[128.75743,35.56767],[128.76635,35.56824],[128.76809,35.57051],[128.78564,35.56584],[128.79691,35.57453],[128.80119,35.5882],[128.81161,35.58953],[128.82619,35.5967],[128.83424,35.59721],[128.84301,35.58908],[128.85171,35.5946],[128.85835,35.60604],[128.86449,35.60923],[128.8677,35.61606],[128.8711,35.61818],[128.87292,35.63277],[128.87472,35.6349],[128.88257,35.63472],[128.88548,35.62984],[128.8982,35.63182],[128.91176,35.63791],[128.91494,35.64541],[128.91975,35.64704],[128.92329,35.64662],[128.92415,35.63694],[128.94095,35.63307],[128.95916,35.62037],[128.95988,35.61535],[128.97166,35.61404],[128.97912,35.60831],[128.98613,35.60799],[129.00335,35.62014],[129.00773,35.62681],[129.01757,35.63091],[129.02098,35.63556],[129.02714,35.63635],[129.03705,35.63222],[129.04392,35.64145],[129.04731,35.65015],[129.04035,35.6582],[129.03972,35.66661],[129.0344,35.67623],[129.03606,35.67775],[129.03756,35.69256],[129.0225,35.68751],[129.00858,35.69427],[129.00509,35.6935],[129.00498,35.70485],[128.99669,35.71256],[128.99702,35.7175],[128.99129,35.71931],[128.98591,35.72753],[128.97255,35.73713],[128.97429,35.74749],[128.96988,35.75277],[128.97464,35.7602],[128.97444,35.77054],[128.988,35.77284],[128.98722,35.78458],[128.99298,35.79545],[128.9903,35.80012],[128.99724,35.80638],[129.00336,35.81636],[129.00833,35.8319],[129.0138,35.83561],[129.01639,35.84061],[129.01651,35.84465],[129.01413,35.8462],[128.99438,35.84021],[128.98409,35.83343],[128.97774,35.83289],[128.97076,35.83544],[128.96594,35.83449],[128.96296,35.83028],[128.95444,35.81187],[128.95556,35.80282],[128.95089,35.79822],[128.94966,35.79326],[128.94454,35.78652],[128.94635,35.7815],[128.94191,35.77714],[128.93478,35.76158],[128.92614,35.75547],[128.914,35.75804],[128.90624,35.74676],[128.90347,35.74686],[128.89882,35.7613],[128.89551,35.7639],[128.89159,35.75482],[128.8865,35.75124],[128.8763,35.74802],[128.8664,35.75814],[128.86039,35.75523],[128.85556,35.75691],[128.85457,35.75382],[128.85835,35.74743],[128.84973,35.74132],[128.83545,35.74557],[128.82709,35.73841],[128.81555,35.74317],[128.81045,35.74003],[128.80091,35.74498],[128.79776,35.74288],[128.78958,35.74256],[128.78428,35.73484],[128.78601,35.73292],[128.77465,35.72943],[128.774,35.72128],[128.76439,35.71614],[128.76282,35.70853],[128.76673,35.7059],[128.76559,35.70041],[128.7539,35.70064],[128.74359,35.70387],[128.73697,35.70978],[128.73608,35.71641],[128.73217,35.71978],[128.72312,35.71902],[128.71529,35.7208],[128.71096,35.73088],[128.70404,35.73625],[128.70218,35.74362],[128.69438,35.74388],[128.68867,35.73753],[128.6911,35.73565],[128.69156,35.73174],[128.68302,35.72551],[128.68327,35.72149],[128.67382,35.72116],[128.67076,35.71892],[128.66119,35.72007],[128.64361,35.70723],[128.63783,35.70585],[128.63097,35.70704],[128.62307,35.7034],[128.61398,35.71051],[128.61404,35.71427],[128.61719,35.71784],[128.61021,35.7255],[128.6154,35.73044],[128.61447,35.733],[128.61666,35.73712],[128.60881,35.73908],[128.59618,35.73708],[128.58941,35.73185],[128.58176,35.73883],[128.57091,35.73426],[128.56433,35.73628],[128.56083,35.72954],[128.5485,35.72384],[128.54389,35.71914],[128.52714,35.71361],[128.53241,35.70549],[128.53152,35.69673],[128.53514,35.69402],[128.53141,35.68795],[128.53349,35.68208],[128.52641,35.68238],[128.52847,35.67948],[128.52638,35.6742],[128.53074,35.66292],[128.53671,35.66124],[128.53831,35.65504],[128.53472,35.6438],[128.53822,35.63197],[128.5358,35.62733],[128.5365,35.62365],[128.55048,35.61701],[128.55624,35.61671],[128.55805,35.61494],[128.55969,35.60325],[128.56747,35.60122],[128.5677,35.59942],[128.57264,35.59712],[128.57426,35.59221],[128.58169,35.58789],[128.59344,35.58433]]]}},{"id":"feature_086","type":"Feature","properties":{"시도":"경상북도","시군구":"청송군"},"geometry":{"type":"Polygon","coordinates":[[[128.98749,36.16796],[128.99015,36.16826],[128.9923,36.17589],[128.99773,36.17905],[129.00974,36.17894],[129.02655,36.18338],[129.02838,36.18753],[129.02759,36.19285],[129.03278,36.20289],[129.03588,36.20524],[129.03742,36.21583],[129.04169,36.22116],[129.05671,36.22397],[129.06452,36.21967],[129.0669,36.22682],[129.08196,36.23495],[129.07804,36.23999],[129.07558,36.25019],[129.06539,36.25374],[129.06293,36.25201],[129.05966,36.25298],[129.05307,36.2597],[129.05299,36.26369],[129.05967,36.26472],[129.05988,36.26803],[129.06565,36.27378],[129.08096,36.27742],[129.08809,36.27282],[129.0935,36.27389],[129.09896,36.27102],[129.10281,36.26473],[129.10716,36.26715],[129.11265,36.26445],[129.11726,36.26607],[129.12194,36.2618],[129.12653,36.26417],[129.13237,36.26215],[129.13394,36.25818],[129.13795,36.25507],[129.13886,36.24953],[129.14593,36.24284],[129.14712,36.23926],[129.15465,36.23578],[129.15507,36.23361],[129.16335,36.23181],[129.17103,36.22464],[129.17331,36.22479],[129.18739,36.23354],[129.19445,36.24311],[129.19789,36.24428],[129.19705,36.24894],[129.20412,36.25621],[129.20641,36.26595],[129.21361,36.27156],[129.22073,36.27318],[129.22144,36.27759],[129.22581,36.28159],[129.221,36.28777],[129.22408,36.29095],[129.22261,36.29576],[129.22435,36.2983],[129.22017,36.30123],[129.21995,36.30392],[129.23883,36.31734],[129.25195,36.32091],[129.25635,36.32517],[129.25932,36.33515],[129.25508,36.336],[129.24305,36.34597],[129.23568,36.344],[129.22613,36.34484],[129.22091,36.35338],[129.22008,36.35911],[129.2163,36.36081],[129.21783,36.37219],[129.22798,36.37998],[129.22688,36.3832],[129.2207,36.38657],[129.22248,36.39186],[129.22809,36.39593],[129.22735,36.39798],[129.21199,36.40772],[129.21049,36.41852],[129.20181,36.42891],[129.19771,36.43035],[129.18693,36.42679],[129.18614,36.42902],[129.17151,36.43444],[129.1686,36.44153],[129.16894,36.44669],[129.16086,36.45388],[129.16193,36.4582],[129.15284,36.46692],[129.14831,36.47633],[129.15407,36.49269],[129.15164,36.49509],[129.15212,36.50033],[129.14685,36.50152],[129.1433,36.49906],[129.13283,36.50088],[129.12981,36.5037],[129.13161,36.50706],[129.12778,36.51308],[129.13048,36.5185],[129.12682,36.52212],[129.13108,36.52674],[129.12761,36.53457],[129.12239,36.53506],[129.11827,36.53852],[129.11081,36.54031],[129.10767,36.54381],[129.10815,36.54614],[129.10006,36.54284],[129.08505,36.54363],[129.07533,36.54636],[129.0682,36.54304],[129.06167,36.5539],[129.05073,36.56048],[129.04588,36.57358],[129.04617,36.58001],[129.03683,36.58218],[129.03196,36.58808],[129.02457,36.58967],[129.02243,36.58789],[129.01556,36.58813],[129.00867,36.58968],[129.00366,36.59462],[128.99903,36.59347],[128.99945,36.58686],[128.9921,36.58146],[128.99059,36.57705],[128.98407,36.57326],[128.98389,36.56783],[128.97968,36.56492],[128.97937,36.56081],[128.98408,36.56089],[128.98777,36.55783],[128.99174,36.5486],[128.97976,36.54559],[128.97412,36.54835],[128.97554,36.54044],[128.97192,36.53117],[128.97659,36.52652],[128.98109,36.52633],[128.98529,36.51579],[128.99315,36.51712],[128.99405,36.51309],[128.99727,36.51052],[128.99521,36.49909],[128.98972,36.49545],[128.98833,36.49091],[128.98356,36.48677],[128.97507,36.48289],[128.97494,36.47973],[128.98061,36.47587],[128.97949,36.46875],[128.98519,36.46521],[128.98535,36.46284],[128.97391,36.46707],[128.96763,36.46192],[128.97026,36.45226],[128.97593,36.44352],[128.97321,36.43913],[128.97301,36.43162],[128.98166,36.42397],[128.98401,36.40751],[128.98386,36.40456],[128.97948,36.4026],[128.98064,36.39974],[128.97582,36.39309],[128.97658,36.39033],[128.97474,36.38672],[128.96734,36.37765],[128.96477,36.3693],[128.96157,36.3668],[128.96621,36.36122],[128.96588,36.35652],[128.96278,36.35159],[128.96609,36.34647],[128.96222,36.33845],[128.95084,36.33599],[128.94515,36.32626],[128.94039,36.32545],[128.93368,36.31927],[128.93078,36.30569],[128.91947,36.30487],[128.91284,36.29849],[128.90656,36.29684],[128.89829,36.29589],[128.88931,36.29742],[128.88575,36.29575],[128.88354,36.29766],[128.87996,36.29667],[128.87769,36.27579],[128.87561,36.27315],[128.86339,36.27431],[128.86261,36.26805],[128.85105,36.26637],[128.84661,36.26166],[128.84775,36.25951],[128.85284,36.25887],[128.85745,36.25487],[128.87122,36.25573],[128.88234,36.25156],[128.8851,36.24192],[128.87906,36.236],[128.87497,36.23543],[128.86974,36.23152],[128.8805,36.22584],[128.88349,36.21886],[128.8957,36.21343],[128.89659,36.20696],[128.89369,36.20338],[128.88246,36.199],[128.88118,36.19025],[128.88339,36.18589],[128.89029,36.18211],[128.89113,36.17623],[128.89605,36.17344],[128.89695,36.17654],[128.91451,36.18096],[128.91945,36.18544],[128.92795,36.17982],[128.93711,36.17947],[128.94981,36.16887],[128.96228,36.16634],[128.96967,36.16096],[128.97376,36.16078],[128.97833,36.16594],[128.98749,36.16796]]]}},{"id":"feature_087","type":"Feature","properties":{"시도":"경상북도","시군구":"칠곡군"},"geometry":{"type":"Polygon","coordinates":[[[128.39371,35.88304],[128.39826,35.8843],[128.40334,35.8891],[128.4082,35.90258],[128.41771,35.91617],[128.4181,35.92125],[128.42356,35.9228],[128.42492,35.92791],[128.42751,35.92734],[128.43145,35.93097],[128.43702,35.93161],[128.44117,35.93482],[128.45249,35.93601],[128.45382,35.94313],[128.46181,35.93799],[128.46875,35.93845],[128.47624,35.93439],[128.47633,35.92938],[128.47323,35.92298],[128.47394,35.91676],[128.46686,35.90716],[128.46795,35.89982],[128.47512,35.89516],[128.47829,35.89779],[128.4842,35.89476],[128.48787,35.89796],[128.49052,35.89772],[128.4946,35.8913],[128.50151,35.88601],[128.50415,35.89059],[128.50517,35.903],[128.50717,35.9066],[128.52197,35.9164],[128.52586,35.92235],[128.52966,35.92358],[128.52955,35.92856],[128.53402,35.93361],[128.53506,35.93875],[128.53261,35.95102],[128.53463,35.95844],[128.53045,35.96249],[128.52696,35.97526],[128.52924,35.97738],[128.52879,35.98045],[128.54223,35.97486],[128.54722,35.9645],[128.55332,35.96076],[128.55686,35.97101],[128.56417,35.97287],[128.57207,35.97774],[128.59041,35.97888],[128.59364,35.98276],[128.60302,35.98616],[128.60384,35.98853],[128.60294,35.98945],[128.61591,36.00082],[128.61724,36.00511],[128.64061,36.01055],[128.63723,36.0171],[128.62566,36.02204],[128.62129,36.02582],[128.62305,36.03708],[128.62935,36.05124],[128.62778,36.06819],[128.63033,36.07741],[128.62411,36.08163],[128.6223,36.07921],[128.61437,36.07901],[128.60999,36.07616],[128.59785,36.07577],[128.58957,36.07075],[128.58025,36.068],[128.57794,36.06478],[128.56939,36.0605],[128.56341,36.07085],[128.56874,36.08978],[128.56754,36.09586],[128.56353,36.10221],[128.56484,36.10986],[128.5631,36.11168],[128.56022,36.10922],[128.55226,36.11024],[128.54682,36.1088],[128.54305,36.1122],[128.5396,36.11014],[128.53478,36.1124],[128.52655,36.11146],[128.51979,36.11476],[128.5083,36.11066],[128.49711,36.11542],[128.49441,36.12421],[128.49031,36.12519],[128.48952,36.11575],[128.4827,36.11026],[128.47882,36.10498],[128.47963,36.10157],[128.4754,36.09867],[128.47689,36.09277],[128.46369,36.08156],[128.46443,36.07678],[128.46881,36.07271],[128.4629,36.0697],[128.44916,36.07436],[128.44595,36.07808],[128.42858,36.08057],[128.42409,36.08415],[128.42269,36.0878],[128.41608,36.08265],[128.40853,36.08328],[128.40628,36.0905],[128.39816,36.09222],[128.39845,36.0904],[128.38259,36.074],[128.38498,36.07024],[128.3784,36.06535],[128.37133,36.06616],[128.36137,36.06069],[128.34703,36.07175],[128.34334,36.08005],[128.33608,36.08225],[128.33056,36.09145],[128.32144,36.09184],[128.30567,36.08592],[128.2975,36.08766],[128.29323,36.09103],[128.2921,36.08779],[128.28495,36.08109],[128.30084,36.06257],[128.29859,36.05149],[128.29288,36.05],[128.28911,36.04299],[128.29645,36.03049],[128.30942,36.02921],[128.31188,36.02282],[128.31766,36.01859],[128.31193,36.01397],[128.31132,36.00628],[128.31446,35.98927],[128.31774,35.98754],[128.32075,35.98153],[128.33917,35.97574],[128.33928,35.96995],[128.34269,35.96772],[128.3404,35.96394],[128.34779,35.95473],[128.35978,35.95621],[128.36465,35.9518],[128.36417,35.94731],[128.3664,35.94471],[128.37966,35.93901],[128.39771,35.93908],[128.40368,35.91981],[128.40433,35.91178],[128.39371,35.88304]]]}},{"id":"feature_088","type":"Feature","properties":{"시도":"경상북도","시군구":"포항시"},"geometry":{"type":"Polygon","coordinates":[[[129.15157,36.05484],[129.16446,36.05551],[129.1706,36.05122],[129.17054,36.04887],[129.17732,36.04799],[129.1793,36.03796],[129.17728,36.03055],[129.18126,36.02735],[129.19772,36.04038],[129.20426,36.04308],[129.2237,36.0438],[129.22734,36.04792],[129.23768,36.05276],[129.24238,36.0693],[129.2465,36.07366],[129.251,36.07248],[129.25431,36.07579],[129.25989,36.07476],[129.26977,36.07933],[129.27686,36.07877],[129.28573,36.07061],[129.28672,36.06273],[129.28062,36.05707],[129.28399,36.04664],[129.27717,36.0269],[129.28704,36.01973],[129.29725,36.00755],[129.29606,35.99486],[129.30379,35.99533],[129.30468,35.99033],[129.30284,35.98674],[129.30536,35.98308],[129.30789,35.96966],[129.31226,35.96842],[129.31218,35.96466],[129.31534,35.95935],[129.32001,35.95807],[129.31669,35.94636],[129.32789,35.93841],[129.33302,35.93066],[129.32945,35.9259],[129.33667,35.91696],[129.33319,35.90223],[129.33831,35.89469],[129.33728,35.89285],[129.34256,35.88921],[129.34771,35.88865],[129.34991,35.89221],[129.35151,35.89183],[129.35309,35.88746],[129.35733,35.88585],[129.36112,35.88819],[129.36361,35.87834],[129.36095,35.87579],[129.35647,35.87542],[129.35501,35.87288],[129.36058,35.86526],[129.37176,35.86129],[129.37711,35.86541],[129.39082,35.86389],[129.39368,35.85824],[129.40612,35.85797],[129.41011,35.86156],[129.41021,35.87042],[129.41476,35.8763],[129.42145,35.87801],[129.41992,35.88214],[129.42142,35.88399],[129.42552,35.88395],[129.42987,35.88064],[129.43687,35.87896],[129.43702,35.87518],[129.44079,35.86895],[129.44454,35.86677],[129.44611,35.85901],[129.44965,35.85447],[129.44916,35.85091],[129.45485,35.84676],[129.45819,35.84651],[129.46743,35.85085],[129.47474,35.84974],[129.48008,35.85292],[129.48962,35.84353],[129.49892,35.84005],[129.51277,35.83997],[129.51826,35.84194],[129.52038,35.84871],[129.52496,35.85261],[129.52769,35.86357],[129.53452,35.86824],[129.53572,35.871],[129.51999,35.87269],[129.51928,35.87939],[129.52135,35.88166],[129.52702,35.88098],[129.5282,35.87727],[129.53143,35.88683],[129.52566,35.88833],[129.52589,35.89585],[129.53759,35.89971],[129.52652,35.90702],[129.52373,35.9168],[129.51909,35.92011],[129.5189,35.92716],[129.52419,35.93369],[129.53112,35.93187],[129.52938,35.93405],[129.53433,35.93836],[129.53981,35.94916],[129.54962,35.95843],[129.55032,35.96184],[129.5474,35.96433],[129.55462,35.96875],[129.55181,35.97858],[129.55634,35.98057],[129.55973,35.98496],[129.55779,35.9829],[129.55416,35.98298],[129.55278,35.98717],[129.55641,35.9907],[129.56005,35.99033],[129.55787,35.98542],[129.56114,35.98919],[129.56743,35.98971],[129.56849,35.99161],[129.5668,35.9971],[129.57539,36.00415],[129.57775,36.01177],[129.58486,36.01653],[129.57725,36.02467],[129.57747,36.02651],[129.58228,36.02878],[129.58171,36.03295],[129.57823,36.03234],[129.57723,36.03376],[129.58159,36.03708],[129.57884,36.0397],[129.58367,36.04626],[129.57972,36.04941],[129.57726,36.04912],[129.57663,36.05775],[129.57303,36.06609],[129.56862,36.06864],[129.57042,36.07329],[129.56973,36.07907],[129.56195,36.0783],[129.55728,36.08528],[129.55198,36.08442],[129.5495,36.08598],[129.54572,36.08378],[129.54531,36.07614],[129.54067,36.07295],[129.54047,36.06769],[129.53373,36.06195],[129.53322,36.05764],[129.5251,36.05794],[129.5156,36.04439],[129.50411,36.03672],[129.5029,36.02566],[129.49526,36.02386],[129.49318,36.01895],[129.48164,36.01669],[129.459,36.00354],[129.45553,36.0001],[129.45756,35.99774],[129.45636,35.99339],[129.44632,35.99184],[129.42403,35.99957],[129.41631,36.00571],[129.41688,36.01228],[129.41196,36.01233],[129.41168,36.015],[129.40997,36.01499],[129.40972,36.01075],[129.4075,36.0091],[129.40454,36.01112],[129.40683,36.01369],[129.40491,36.01443],[129.39846,36.01424],[129.39446,36.01078],[129.39168,36.01208],[129.39663,36.02043],[129.40075,36.02111],[129.40817,36.02958],[129.39409,36.02606],[129.38865,36.03175],[129.38405,36.02982],[129.37735,36.0414],[129.37622,36.05003],[129.37296,36.05063],[129.3761,36.05177],[129.38122,36.05037],[129.38514,36.04592],[129.38168,36.0508],[129.37829,36.05239],[129.37977,36.05846],[129.38355,36.06298],[129.39627,36.0634],[129.40447,36.07117],[129.41832,36.07369],[129.42024,36.07661],[129.41704,36.08258],[129.41859,36.08855],[129.42207,36.08997],[129.43079,36.09983],[129.43279,36.09956],[129.43277,36.09613],[129.43662,36.09613],[129.43711,36.10032],[129.44073,36.09998],[129.44086,36.11087],[129.43259,36.11102],[129.43266,36.11407],[129.44102,36.11291],[129.43767,36.11429],[129.43113,36.11426],[129.42885,36.11295],[129.42417,36.11469],[129.39989,36.13274],[129.39525,36.1408],[129.40056,36.15376],[129.39817,36.15699],[129.39927,36.16711],[129.39789,36.16685],[129.39787,36.16985],[129.39545,36.17221],[129.3923,36.18398],[129.38667,36.18395],[129.37716,36.18971],[129.37313,36.19554],[129.3717,36.20151],[129.37297,36.2076],[129.38248,36.21092],[129.38638,36.21723],[129.38673,36.22345],[129.38248,36.22689],[129.38137,36.23096],[129.38601,36.23866],[129.37751,36.24712],[129.37316,36.25462],[129.37627,36.2683],[129.36594,36.26859],[129.35439,36.27319],[129.3477,36.2698],[129.34303,36.27004],[129.33927,36.26664],[129.31422,36.2709],[129.30417,36.26776],[129.3001,36.27358],[129.29344,36.27628],[129.28638,36.28655],[129.28789,36.28888],[129.28649,36.2984],[129.29945,36.30622],[129.30219,36.31615],[129.29167,36.32472],[129.28874,36.32868],[129.28928,36.33084],[129.28505,36.33329],[129.27301,36.3278],[129.26956,36.33128],[129.26747,36.33011],[129.26643,36.32052],[129.25195,36.32091],[129.23883,36.31734],[129.21995,36.30392],[129.22017,36.30123],[129.22435,36.2983],[129.22261,36.29576],[129.22408,36.29095],[129.221,36.28777],[129.22581,36.28159],[129.22144,36.27759],[129.22073,36.27318],[129.21361,36.27156],[129.20641,36.26595],[129.20412,36.25621],[129.19705,36.24894],[129.19789,36.24428],[129.19445,36.24311],[129.18739,36.23354],[129.17331,36.22479],[129.17103,36.22464],[129.16335,36.23181],[129.15507,36.23361],[129.15465,36.23578],[129.14712,36.23926],[129.14593,36.24284],[129.13886,36.24953],[129.13795,36.25507],[129.13394,36.25818],[129.13237,36.26215],[129.12653,36.26417],[129.12194,36.2618],[129.11726,36.26607],[129.11265,36.26445],[129.10716,36.26715],[129.10281,36.26473],[129.09896,36.27102],[129.0935,36.27389],[129.08809,36.27282],[129.08096,36.27742],[129.06565,36.27378],[129.05988,36.26803],[129.05967,36.26472],[129.05299,36.26369],[129.05307,36.2597],[129.05966,36.25298],[129.06293,36.25201],[129.06539,36.25374],[129.07558,36.25019],[129.07804,36.23999],[129.08196,36.23495],[129.0669,36.22682],[129.06452,36.21967],[129.05671,36.22397],[129.04169,36.22116],[129.03742,36.21583],[129.03588,36.20524],[129.03278,36.20289],[129.02759,36.19285],[129.02838,36.18753],[129.02655,36.18338],[129.00974,36.17894],[128.99773,36.17905],[128.9923,36.17589],[128.99015,36.16826],[128.98749,36.16796],[128.99791,36.16417],[129.01263,36.163],[129.02538,36.15902],[129.03162,36.16064],[129.0434,36.15894],[129.04544,36.15118],[129.0536,36.14941],[129.05469,36.14663],[129.06157,36.14372],[129.06349,36.14025],[129.0641,36.13633],[129.05926,36.13537],[129.05674,36.13125],[129.06654,36.12411],[129.07131,36.11474],[129.07872,36.11159],[129.08191,36.11724],[129.09897,36.12139],[129.10444,36.11665],[129.10494,36.11394],[129.09902,36.10708],[129.09321,36.10463],[129.09224,36.10112],[129.10079,36.08917],[129.11104,36.08348],[129.112,36.07984],[129.12054,36.07893],[129.12928,36.08055],[129.13336,36.07489],[129.13419,36.06639],[129.13787,36.06163],[129.14133,36.05802],[129.14926,36.05742],[129.15157,36.05484]]]}},{"id":"feature_089","type":"Feature","properties":{"시도":"전남광주","시군구":"광산구"},"geometry":{"type":"Polygon","coordinates":[[[126.80296,35.09248],[126.80083,35.10082],[126.80646,35.10268],[126.80293,35.11228],[126.80941,35.11232],[126.80994,35.11673],[126.8167,35.11659],[126.81691,35.12116],[126.82212,35.12665],[126.81891,35.1322],[126.82972,35.14146],[126.82903,35.14891],[126.82523,35.15368],[126.82615,35.16052],[126.82449,35.16466],[126.82762,35.16793],[126.83737,35.17067],[126.83873,35.17832],[126.84138,35.18184],[126.85022,35.17954],[126.85259,35.18227],[126.85786,35.1827],[126.86045,35.18568],[126.85864,35.1946],[126.85223,35.19687],[126.85513,35.20059],[126.85268,35.21213],[126.85701,35.21756],[126.85306,35.21799],[126.85286,35.22186],[126.84599,35.22189],[126.84469,35.22572],[126.83822,35.22382],[126.83516,35.22875],[126.82526,35.23178],[126.82392,35.22565],[126.81571,35.22468],[126.80539,35.21828],[126.80437,35.22137],[126.79527,35.21987],[126.78987,35.22386],[126.78138,35.22483],[126.77546,35.23068],[126.77042,35.23277],[126.75759,35.23356],[126.75396,35.23652],[126.75477,35.24216],[126.75962,35.24607],[126.76387,35.25431],[126.76116,35.25841],[126.75783,35.25836],[126.74934,35.25598],[126.74826,35.25316],[126.74156,35.25087],[126.73719,35.25206],[126.73042,35.24399],[126.72937,35.23765],[126.71981,35.2269],[126.71857,35.22189],[126.72089,35.2188],[126.71775,35.21189],[126.71074,35.21239],[126.70263,35.2078],[126.69517,35.21058],[126.69055,35.21533],[126.68726,35.21541],[126.67736,35.20136],[126.67749,35.19109],[126.66966,35.19445],[126.66817,35.19265],[126.65616,35.19406],[126.65312,35.1924],[126.66371,35.18227],[126.66251,35.18053],[126.66825,35.17506],[126.67098,35.175],[126.67191,35.17262],[126.67105,35.16944],[126.65397,35.16457],[126.65549,35.15887],[126.65155,35.15474],[126.65364,35.15304],[126.65078,35.14821],[126.64467,35.14659],[126.64787,35.14388],[126.65352,35.14365],[126.6528,35.14089],[126.65485,35.13672],[126.65151,35.1205],[126.65498,35.11787],[126.65522,35.11503],[126.65706,35.11341],[126.66337,35.11482],[126.6692,35.1121],[126.66892,35.10792],[126.66707,35.1066],[126.66949,35.10455],[126.67649,35.10478],[126.68004,35.10751],[126.68408,35.1077],[126.68337,35.1115],[126.68513,35.1121],[126.6958,35.10756],[126.70001,35.10904],[126.70172,35.11235],[126.70545,35.11295],[126.70878,35.1094],[126.71569,35.11068],[126.71933,35.10841],[126.72842,35.1073],[126.73125,35.10808],[126.73064,35.1121],[126.7325,35.11293],[126.73552,35.10794],[126.74876,35.10182],[126.75399,35.09195],[126.76204,35.09098],[126.76339,35.08437],[126.76582,35.08305],[126.76472,35.07857],[126.77056,35.07276],[126.77088,35.06997],[126.78272,35.07256],[126.79669,35.08855],[126.80296,35.09248]]]}},{"id":"feature_090","type":"Feature","properties":{"시도":"전남광주","시군구":"남구"},"geometry":{"type":"Polygon","coordinates":[[[126.89206,35.07816],[126.89541,35.0808],[126.90576,35.08217],[126.91078,35.08846],[126.91922,35.09153],[126.92113,35.09707],[126.91405,35.10632],[126.9121,35.1157],[126.91886,35.11768],[126.92431,35.12467],[126.92987,35.12621],[126.90997,35.14897],[126.90551,35.14827],[126.9009,35.15242],[126.89728,35.15245],[126.88543,35.14656],[126.88831,35.14279],[126.88314,35.13846],[126.88757,35.1321],[126.88774,35.11698],[126.88274,35.11555],[126.87377,35.11999],[126.8696,35.11578],[126.87083,35.11388],[126.86823,35.11298],[126.87055,35.1107],[126.86057,35.10926],[126.86063,35.10636],[126.85594,35.10695],[126.84402,35.10404],[126.84116,35.10083],[126.83808,35.10229],[126.83666,35.09863],[126.83138,35.0981],[126.82955,35.09542],[126.82011,35.09098],[126.81566,35.09372],[126.81105,35.09159],[126.80594,35.09583],[126.80296,35.09248],[126.79669,35.08855],[126.78272,35.07256],[126.77088,35.06997],[126.76607,35.06766],[126.75725,35.06861],[126.75281,35.06454],[126.75704,35.05948],[126.76089,35.06297],[126.76869,35.06492],[126.76723,35.0568],[126.77573,35.05326],[126.78235,35.05437],[126.7952,35.06117],[126.8011,35.05745],[126.80372,35.05239],[126.81897,35.05252],[126.82218,35.05992],[126.83632,35.064],[126.83708,35.06582],[126.84289,35.06528],[126.84803,35.07196],[126.85322,35.0737],[126.85569,35.07814],[126.86063,35.07873],[126.86539,35.07524],[126.87175,35.07432],[126.88506,35.08153],[126.89206,35.07816]]]}},{"id":"feature_091","type":"Feature","properties":{"시도":"전남광주","시군구":"동구"},"geometry":{"type":"Polygon","coordinates":[[[126.90997,35.14897],[126.92987,35.12621],[126.92431,35.12467],[126.91886,35.11768],[126.9121,35.1157],[126.91405,35.10632],[126.92113,35.09707],[126.91922,35.09153],[126.92392,35.08836],[126.92757,35.08043],[126.93157,35.07818],[126.9324,35.07444],[126.95182,35.07303],[126.9586,35.07894],[126.95853,35.08266],[126.96318,35.08748],[126.98826,35.09493],[126.98875,35.10128],[126.98635,35.10595],[126.98935,35.11074],[126.99787,35.11202],[126.99757,35.11457],[126.9849,35.13474],[126.97818,35.13848],[126.96842,35.13649],[126.96163,35.14057],[126.9552,35.14076],[126.95438,35.14221],[126.95688,35.14404],[126.95536,35.15196],[126.94467,35.15593],[126.94349,35.15892],[126.93952,35.15902],[126.93916,35.16173],[126.93072,35.16021],[126.92815,35.16251],[126.91631,35.16554],[126.91247,35.15574],[126.90727,35.15149],[126.90997,35.14897]]]}},{"id":"feature_092","type":"Feature","properties":{"시도":"전남광주","시군구":"북구"},"geometry":{"type":"Polygon","coordinates":[[[126.83873,35.17832],[126.85998,35.17226],[126.88433,35.16969],[126.88834,35.1615],[126.89827,35.1584],[126.90727,35.15149],[126.91247,35.15574],[126.91631,35.16554],[126.92815,35.16251],[126.93072,35.16021],[126.93916,35.16173],[126.93952,35.15902],[126.94349,35.15892],[126.94467,35.15593],[126.95536,35.15196],[126.95688,35.14404],[126.95438,35.14221],[126.9552,35.14076],[126.96163,35.14057],[126.96842,35.13649],[126.97818,35.13848],[126.9849,35.13474],[126.99757,35.11457],[127.00301,35.11884],[127.00396,35.12209],[127.00908,35.12441],[127.01046,35.13377],[127.01113,35.13872],[127.00752,35.14362],[127.01014,35.14969],[127.00796,35.15491],[127.0137,35.16139],[127.01345,35.16485],[127.02085,35.16729],[127.02172,35.17108],[127.01661,35.17938],[127.00178,35.18786],[126.99746,35.18843],[126.98486,35.18836],[126.98233,35.18393],[126.97487,35.18645],[126.97214,35.18516],[126.97175,35.17974],[126.96867,35.18094],[126.9586,35.19319],[126.96628,35.20057],[126.9659,35.2027],[126.95732,35.20694],[126.95429,35.21044],[126.9489,35.21872],[126.94946,35.22284],[126.95189,35.225],[126.94787,35.23074],[126.94408,35.23122],[126.94174,35.23603],[126.93366,35.23996],[126.93369,35.24704],[126.92996,35.25193],[126.92065,35.25355],[126.91663,35.25683],[126.90804,35.25895],[126.90138,35.25641],[126.88755,35.24629],[126.87903,35.24811],[126.87955,35.25149],[126.87002,35.24626],[126.86242,35.24515],[126.85883,35.23974],[126.84835,35.23567],[126.84661,35.2374],[126.84431,35.23672],[126.84495,35.2347],[126.84097,35.23434],[126.84032,35.23127],[126.83516,35.22875],[126.83822,35.22382],[126.84469,35.22572],[126.84599,35.22189],[126.85286,35.22186],[126.85306,35.21799],[126.85701,35.21756],[126.85268,35.21213],[126.85513,35.20059],[126.85223,35.19687],[126.85864,35.1946],[126.86045,35.18568],[126.85786,35.1827],[126.85259,35.18227],[126.85022,35.17954],[126.84138,35.18184],[126.83873,35.17832]]]}},{"id":"feature_093","type":"Feature","properties":{"시도":"전남광주","시군구":"서구"},"geometry":{"type":"Polygon","coordinates":[[[126.80296,35.09248],[126.80594,35.09583],[126.81105,35.09159],[126.81566,35.09372],[126.82011,35.09098],[126.82955,35.09542],[126.83138,35.0981],[126.83666,35.09863],[126.83808,35.10229],[126.84116,35.10083],[126.84402,35.10404],[126.85594,35.10695],[126.86063,35.10636],[126.86057,35.10926],[126.87055,35.1107],[126.86823,35.11298],[126.87083,35.11388],[126.8696,35.11578],[126.87377,35.11999],[126.88274,35.11555],[126.88774,35.11698],[126.88757,35.1321],[126.88314,35.13846],[126.88831,35.14279],[126.88543,35.14656],[126.89728,35.15245],[126.9009,35.15242],[126.90551,35.14827],[126.90997,35.14897],[126.90727,35.15149],[126.89827,35.1584],[126.88834,35.1615],[126.88433,35.16969],[126.85998,35.17226],[126.83873,35.17832],[126.83737,35.17067],[126.82762,35.16793],[126.82449,35.16466],[126.82615,35.16052],[126.82523,35.15368],[126.82903,35.14891],[126.82972,35.14146],[126.81891,35.1322],[126.82212,35.12665],[126.81691,35.12116],[126.8167,35.11659],[126.80994,35.11673],[126.80941,35.11232],[126.80293,35.11228],[126.80646,35.10268],[126.80083,35.10082],[126.80296,35.09248]]]}},{"id":"feature_094","type":"Feature","properties":{"시도":"대구광역시","시군구":"군위군"},"geometry":{"type":"Polygon","coordinates":[[[128.69525,36.0163],[128.70107,36.02751],[128.70009,36.03189],[128.69684,36.03537],[128.70405,36.04382],[128.70456,36.05018],[128.70256,36.05566],[128.70921,36.0641],[128.71139,36.07365],[128.71409,36.07561],[128.72162,36.07318],[128.72476,36.07433],[128.72942,36.08108],[128.72765,36.08653],[128.72466,36.08846],[128.7252,36.09038],[128.7417,36.10052],[128.74394,36.10284],[128.74509,36.10915],[128.75172,36.10353],[128.75206,36.09289],[128.75373,36.09175],[128.76495,36.1006],[128.76844,36.09953],[128.77064,36.09524],[128.77956,36.09384],[128.79102,36.08673],[128.79564,36.08693],[128.79847,36.08497],[128.81065,36.08887],[128.81636,36.09228],[128.8183,36.09762],[128.82204,36.10042],[128.83568,36.10583],[128.83782,36.11288],[128.85017,36.11887],[128.85307,36.1284],[128.85057,36.13757],[128.8589,36.14521],[128.86839,36.14515],[128.87643,36.14235],[128.89151,36.14339],[128.89017,36.14713],[128.8925,36.15554],[128.90009,36.1625],[128.89418,36.16932],[128.89605,36.17344],[128.89113,36.17623],[128.89029,36.18211],[128.88339,36.18589],[128.88118,36.19025],[128.88246,36.199],[128.87315,36.19975],[128.87066,36.2037],[128.86058,36.20643],[128.85186,36.21488],[128.84181,36.21762],[128.834,36.21536],[128.83004,36.21764],[128.82259,36.21583],[128.81341,36.21068],[128.80412,36.21015],[128.803,36.20061],[128.79597,36.1938],[128.78643,36.19631],[128.78352,36.19389],[128.77394,36.19498],[128.76994,36.19347],[128.75807,36.20255],[128.7527,36.20267],[128.74944,36.19591],[128.74604,36.19443],[128.74173,36.19861],[128.73515,36.20065],[128.72989,36.19845],[128.72758,36.20083],[128.7213,36.19803],[128.71716,36.20037],[128.7049,36.19916],[128.69668,36.20239],[128.69985,36.20876],[128.69439,36.2141],[128.68169,36.21491],[128.67486,36.2125],[128.67281,36.2084],[128.67125,36.20861],[128.66749,36.21186],[128.66339,36.22144],[128.65274,36.21717],[128.64936,36.21769],[128.63992,36.20809],[128.63406,36.20923],[128.63175,36.21623],[128.63566,36.22131],[128.63667,36.23308],[128.63454,36.23731],[128.63105,36.23878],[128.63286,36.24408],[128.63827,36.24714],[128.64067,36.25757],[128.63637,36.26118],[128.60954,36.27115],[128.59848,36.27077],[128.59445,36.27757],[128.57607,36.27965],[128.57121,36.27491],[128.56672,36.27421],[128.56293,36.27685],[128.55688,36.27364],[128.55336,36.27389],[128.54553,36.29162],[128.53613,36.29499],[128.52926,36.29387],[128.52559,36.29945],[128.51784,36.30201],[128.51089,36.30064],[128.5062,36.30342],[128.49631,36.30364],[128.48759,36.30821],[128.47377,36.31183],[128.47346,36.31707],[128.47116,36.32004],[128.45602,36.3251],[128.4547,36.32697],[128.45154,36.32696],[128.44526,36.31832],[128.43811,36.31402],[128.43763,36.30442],[128.43368,36.30544],[128.42776,36.29913],[128.41704,36.29901],[128.413,36.29373],[128.41408,36.2899],[128.41125,36.28751],[128.41391,36.28319],[128.42697,36.27622],[128.42152,36.26862],[128.42091,36.26043],[128.41655,36.25757],[128.42139,36.2506],[128.4194,36.24524],[128.42378,36.24036],[128.42382,36.23665],[128.43359,36.23516],[128.43827,36.22662],[128.43761,36.22227],[128.44078,36.21801],[128.4621,36.2285],[128.47404,36.2304],[128.47807,36.23398],[128.48518,36.23411],[128.48591,36.23078],[128.47954,36.22452],[128.48626,36.22393],[128.48914,36.21972],[128.48846,36.21409],[128.49449,36.20528],[128.49472,36.19771],[128.50361,36.19273],[128.50435,36.18499],[128.50807,36.18627],[128.51257,36.1912],[128.51657,36.20006],[128.52401,36.20077],[128.53895,36.19367],[128.54909,36.17815],[128.55745,36.17805],[128.55432,36.17349],[128.55341,36.16502],[128.54794,36.16437],[128.54446,36.16615],[128.54046,36.16152],[128.5425,36.15479],[128.55047,36.15074],[128.54833,36.14789],[128.54815,36.14096],[128.55257,36.13847],[128.54861,36.13102],[128.55302,36.12821],[128.55263,36.1251],[128.55495,36.12125],[128.56199,36.11928],[128.56431,36.11481],[128.5631,36.11168],[128.56484,36.10986],[128.56353,36.10221],[128.56754,36.09586],[128.56874,36.08978],[128.56341,36.07085],[128.56939,36.0605],[128.57794,36.06478],[128.58025,36.068],[128.58957,36.07075],[128.59785,36.07577],[128.60999,36.07616],[128.61437,36.07901],[128.6223,36.07921],[128.62411,36.08163],[128.63033,36.07741],[128.62778,36.06819],[128.62935,36.05124],[128.62305,36.03708],[128.62129,36.02582],[128.62566,36.02204],[128.63723,36.0171],[128.64061,36.01055],[128.65115,36.00762],[128.66442,36.01064],[128.66791,36.01414],[128.68732,36.01423],[128.69525,36.0163]]]}},{"id":"feature_095","type":"Feature","properties":{"시도":"대구광역시","시군구":"남구"},"geometry":{"type":"Polygon","coordinates":[[[128.57458,35.86006],[128.57362,35.85116],[128.56212,35.84353],[128.55542,35.83446],[128.56285,35.82616],[128.5705,35.82249],[128.57114,35.81947],[128.5774,35.81813],[128.5809,35.81149],[128.58323,35.81387],[128.58562,35.80771],[128.59071,35.80977],[128.59383,35.81306],[128.60109,35.81527],[128.60561,35.8295],[128.60798,35.82772],[128.60605,35.83537],[128.60847,35.85495],[128.58286,35.85633],[128.57458,35.86006]]]}},{"id":"feature_096","type":"Feature","properties":{"시도":"대구광역시","시군구":"달서구"},"geometry":{"type":"Polygon","coordinates":[[[128.48043,35.81775],[128.499,35.81679],[128.51268,35.81114],[128.51349,35.80991],[128.50795,35.80599],[128.5139,35.80401],[128.51747,35.79787],[128.52705,35.79209],[128.52835,35.78795],[128.53754,35.78646],[128.54156,35.78787],[128.55167,35.77943],[128.55417,35.77293],[128.56506,35.77451],[128.57061,35.78016],[128.56727,35.79522],[128.56962,35.79768],[128.57684,35.79619],[128.5854,35.7993],[128.58562,35.80771],[128.58323,35.81387],[128.5809,35.81149],[128.5774,35.81813],[128.57114,35.81947],[128.5705,35.82249],[128.56285,35.82616],[128.55542,35.83446],[128.56212,35.84353],[128.57362,35.85116],[128.57458,35.86006],[128.5742,35.86268],[128.54807,35.85457],[128.54023,35.8563],[128.53989,35.85907],[128.5333,35.8591],[128.534,35.86233],[128.52636,35.86394],[128.52488,35.86729],[128.51915,35.86958],[128.51065,35.86843],[128.50118,35.86378],[128.48708,35.86808],[128.48114,35.86711],[128.47304,35.85951],[128.47064,35.833],[128.47918,35.82502],[128.48043,35.81775]]]}},{"id":"feature_097","type":"Feature","properties":{"시도":"대구광역시","시군구":"달성군"},"geometry":{"type":"MultiPolygon","coordinates":[[[[128.52641,35.68238],[128.53349,35.68208],[128.53141,35.68795],[128.53514,35.69402],[128.53152,35.69673],[128.53241,35.70549],[128.52714,35.71361],[128.54389,35.71914],[128.5485,35.72384],[128.56083,35.72954],[128.56433,35.73628],[128.57091,35.73426],[128.58176,35.73883],[128.58941,35.73185],[128.59618,35.73708],[128.60881,35.73908],[128.61666,35.73712],[128.61447,35.733],[128.6154,35.73044],[128.61021,35.7255],[128.61719,35.71784],[128.61404,35.71427],[128.61398,35.71051],[128.62307,35.7034],[128.63097,35.70704],[128.63783,35.70585],[128.64361,35.70723],[128.66119,35.72007],[128.67076,35.71892],[128.67382,35.72116],[128.68327,35.72149],[128.68302,35.72551],[128.69156,35.73174],[128.6911,35.73565],[128.68867,35.73753],[128.69438,35.74388],[128.69262,35.74802],[128.69619,35.75659],[128.69247,35.75993],[128.69189,35.76518],[128.68871,35.7694],[128.68616,35.76949],[128.68708,35.77652],[128.68172,35.78367],[128.68258,35.7899],[128.67501,35.79554],[128.65314,35.79976],[128.64912,35.80353],[128.64039,35.80223],[128.63581,35.80611],[128.62486,35.80773],[128.62233,35.8052],[128.61592,35.80421],[128.59453,35.80766],[128.59071,35.80977],[128.58562,35.80771],[128.5854,35.7993],[128.57684,35.79619],[128.56962,35.79768],[128.56727,35.79522],[128.57061,35.78016],[128.56506,35.77451],[128.55417,35.77293],[128.55167,35.77943],[128.54156,35.78787],[128.53754,35.78646],[128.52835,35.78795],[128.52705,35.79209],[128.51747,35.79787],[128.5139,35.80401],[128.50795,35.80599],[128.51349,35.80991],[128.51268,35.81114],[128.499,35.81679],[128.48043,35.81775],[128.4772,35.81268],[128.46913,35.80844],[128.42072,35.80963],[128.40779,35.79711],[128.39904,35.77793],[128.38567,35.76185],[128.38581,35.75554],[128.39264,35.74553],[128.40531,35.73926],[128.41656,35.73663],[128.43182,35.72627],[128.43497,35.70947],[128.43282,35.70271],[128.4219,35.69469],[128.41663,35.69305],[128.35965,35.7075],[128.35114,35.70312],[128.35037,35.69558],[128.35428,35.68308],[128.36073,35.67412],[128.38062,35.65603],[128.39631,35.64811],[128.40294,35.64192],[128.40168,35.63207],[128.3928,35.62349],[128.38733,35.61336],[128.37928,35.61073],[128.37077,35.61116],[128.3729,35.60843],[128.3818,35.60678],[128.38423,35.60979],[128.39939,35.61592],[128.411,35.61534],[128.4163,35.62167],[128.42261,35.62013],[128.4266,35.62354],[128.43191,35.62358],[128.4465,35.63837],[128.45472,35.63722],[128.46113,35.64061],[128.4652,35.63713],[128.46981,35.63634],[128.47892,35.64035],[128.48482,35.63545],[128.4978,35.63899],[128.50529,35.63908],[128.51071,35.64569],[128.50681,35.65015],[128.50926,35.66895],[128.50753,35.67331],[128.51582,35.67574],[128.5191,35.67963],[128.52641,35.68238]]],[[[128.52599,35.8889],[128.51221,35.89309],[128.50415,35.89059],[128.50151,35.88601],[128.4946,35.8913],[128.49052,35.89772],[128.48787,35.89796],[128.4842,35.89476],[128.47829,35.89779],[128.47512,35.89516],[128.46795,35.89982],[128.46686,35.90716],[128.47394,35.91676],[128.47323,35.92298],[128.47633,35.92938],[128.47624,35.93439],[128.46875,35.93845],[128.46181,35.93799],[128.45382,35.94313],[128.45249,35.93601],[128.44117,35.93482],[128.43702,35.93161],[128.43145,35.93097],[128.42751,35.92734],[128.42492,35.92791],[128.42356,35.9228],[128.4181,35.92125],[128.41771,35.91617],[128.4082,35.90258],[128.40334,35.8891],[128.39826,35.8843],[128.39371,35.88304],[128.38546,35.86517],[128.39009,35.85037],[128.42279,35.85126],[128.45631,35.843],[128.47064,35.833],[128.47304,35.85951],[128.48114,35.86711],[128.48708,35.86808],[128.50118,35.86378],[128.51065,35.86843],[128.51915,35.86958],[128.52093,35.87599],[128.51731,35.88376],[128.52599,35.8889]]]]}},{"id":"feature_098","type":"Feature","properties":{"시도":"대구광역시","시군구":"동구"},"geometry":{"type":"Polygon","coordinates":[[[128.60384,35.98853],[128.6109,35.98508],[128.61909,35.97626],[128.6179,35.97084],[128.62624,35.95844],[128.62316,35.94966],[128.6234,35.94731],[128.62702,35.9457],[128.62481,35.93661],[128.63198,35.92649],[128.63287,35.91579],[128.62725,35.9048],[128.63192,35.89344],[128.62806,35.88963],[128.62224,35.89247],[128.61742,35.88925],[128.61161,35.88049],[128.60686,35.87694],[128.61032,35.8749],[128.61474,35.86818],[128.62985,35.86682],[128.63439,35.87181],[128.65093,35.87849],[128.65605,35.8761],[128.66022,35.87684],[128.66342,35.87282],[128.67606,35.87334],[128.68001,35.8672],[128.68029,35.86224],[128.68569,35.85936],[128.70403,35.85768],[128.71665,35.86238],[128.72401,35.86013],[128.72613,35.85712],[128.73685,35.85072],[128.74657,35.85655],[128.75162,35.85755],[128.75394,35.86402],[128.76004,35.86546],[128.75858,35.87055],[128.76067,35.87394],[128.75822,35.8782],[128.76194,35.88322],[128.7571,35.8998],[128.75725,35.90482],[128.76045,35.90698],[128.75802,35.91262],[128.74446,35.92192],[128.73785,35.92949],[128.74557,35.94437],[128.74179,35.94797],[128.73903,35.95532],[128.74607,35.97193],[128.73814,35.97683],[128.73639,35.98158],[128.73173,35.98495],[128.73231,35.98978],[128.73516,35.9929],[128.732,35.99709],[128.72897,35.99775],[128.72898,36.00154],[128.72556,36.00481],[128.71876,36.00806],[128.70052,36.01121],[128.69525,36.0163],[128.68732,36.01423],[128.66791,36.01414],[128.66442,36.01064],[128.65115,36.00762],[128.64061,36.01055],[128.61724,36.00511],[128.61591,36.00082],[128.60294,35.98945],[128.60384,35.98853]]]}},{"id":"feature_099","type":"Feature","properties":{"시도":"대구광역시","시군구":"북구"},"geometry":{"type":"Polygon","coordinates":[[[128.58017,35.87908],[128.60445,35.87391],[128.61032,35.8749],[128.60686,35.87694],[128.61161,35.88049],[128.61742,35.88925],[128.62224,35.89247],[128.62806,35.88963],[128.63192,35.89344],[128.62725,35.9048],[128.63287,35.91579],[128.63198,35.92649],[128.62481,35.93661],[128.62702,35.9457],[128.6234,35.94731],[128.62316,35.94966],[128.62624,35.95844],[128.6179,35.97084],[128.61909,35.97626],[128.6109,35.98508],[128.60384,35.98853],[128.60302,35.98616],[128.59364,35.98276],[128.59041,35.97888],[128.57207,35.97774],[128.56417,35.97287],[128.55686,35.97101],[128.55332,35.96076],[128.54722,35.9645],[128.54223,35.97486],[128.52879,35.98045],[128.52924,35.97738],[128.52696,35.97526],[128.53045,35.96249],[128.53463,35.95844],[128.53261,35.95102],[128.53506,35.93875],[128.53402,35.93361],[128.52955,35.92856],[128.52966,35.92358],[128.52586,35.92235],[128.52197,35.9164],[128.50717,35.9066],[128.50517,35.903],[128.50415,35.89059],[128.51221,35.89309],[128.52599,35.8889],[128.53658,35.88842],[128.55101,35.8955],[128.55509,35.89077],[128.57615,35.88761],[128.58208,35.88513],[128.58017,35.87908]]]}},{"id":"feature_100","type":"Feature","properties":{"시도":"대구광역시","시군구":"서구"},"geometry":{"type":"Polygon","coordinates":[[[128.51915,35.86958],[128.52488,35.86729],[128.52636,35.86394],[128.534,35.86233],[128.5333,35.8591],[128.53989,35.85907],[128.54023,35.8563],[128.54807,35.85457],[128.5742,35.86268],[128.5738,35.86535],[128.57972,35.87031],[128.57954,35.87277],[128.57681,35.87196],[128.5756,35.87405],[128.57686,35.87623],[128.57931,35.87533],[128.57794,35.8795],[128.58017,35.87908],[128.58208,35.88513],[128.57615,35.88761],[128.55509,35.89077],[128.55101,35.8955],[128.53658,35.88842],[128.52599,35.8889],[128.51731,35.88376],[128.52093,35.87599],[128.51915,35.86958]]]}},{"id":"feature_101","type":"Feature","properties":{"시도":"대구광역시","시군구":"수성구"},"geometry":{"type":"Polygon","coordinates":[[[128.59071,35.80977],[128.59453,35.80766],[128.61592,35.80421],[128.62233,35.8052],[128.62486,35.80773],[128.63581,35.80611],[128.64039,35.80223],[128.64912,35.80353],[128.65314,35.79976],[128.67501,35.79554],[128.68258,35.7899],[128.68906,35.79233],[128.69297,35.79654],[128.69695,35.79415],[128.69999,35.79513],[128.7107,35.80487],[128.71769,35.80671],[128.71335,35.81764],[128.70883,35.82234],[128.7086,35.82586],[128.71819,35.83533],[128.72511,35.83613],[128.72529,35.85352],[128.72151,35.85628],[128.72613,35.85712],[128.72401,35.86013],[128.71665,35.86238],[128.70403,35.85768],[128.68569,35.85936],[128.68029,35.86224],[128.68001,35.8672],[128.67606,35.87334],[128.66342,35.87282],[128.66022,35.87684],[128.65605,35.8761],[128.65093,35.87849],[128.63439,35.87181],[128.62985,35.86682],[128.61474,35.86818],[128.60899,35.86131],[128.60847,35.85495],[128.60605,35.83537],[128.60798,35.82772],[128.60561,35.8295],[128.60109,35.81527],[128.59383,35.81306],[128.59071,35.80977]]]}},{"id":"feature_102","type":"Feature","properties":{"시도":"대구광역시","시군구":"중구"},"geometry":{"type":"Polygon","coordinates":[[[128.57458,35.86006],[128.58286,35.85633],[128.60847,35.85495],[128.60899,35.86131],[128.61474,35.86818],[128.61032,35.8749],[128.60445,35.87391],[128.58017,35.87908],[128.57794,35.8795],[128.57931,35.87533],[128.57686,35.87623],[128.5756,35.87405],[128.57681,35.87196],[128.57954,35.87277],[128.57972,35.87031],[128.5738,35.86535],[128.5742,35.86268],[128.57458,35.86006]]]}},{"id":"feature_103","type":"Feature","properties":{"시도":"대전광역시","시군구":"대덕구"},"geometry":{"type":"Polygon","coordinates":[[[127.41277,36.34369],[127.4207,36.34446],[127.41833,36.34622],[127.41958,36.3483],[127.42495,36.34886],[127.43068,36.35905],[127.43544,36.36075],[127.4387,36.35973],[127.4414,36.35237],[127.44516,36.35079],[127.4459,36.35362],[127.4545,36.35448],[127.45381,36.3533],[127.46513,36.35155],[127.4659,36.36049],[127.46373,36.36131],[127.45131,36.38091],[127.45522,36.38871],[127.45421,36.39586],[127.45738,36.40297],[127.46646,36.40841],[127.47282,36.41574],[127.48403,36.43349],[127.48921,36.4327],[127.49222,36.44044],[127.5014,36.44761],[127.50304,36.45305],[127.50128,36.45534],[127.48717,36.45467],[127.47934,36.45784],[127.48413,36.47762],[127.4792,36.47746],[127.46906,36.47255],[127.46471,36.46607],[127.46396,36.45657],[127.45321,36.4501],[127.44337,36.45048],[127.43626,36.45665],[127.43317,36.45724],[127.42626,36.45692],[127.42665,36.45534],[127.42464,36.45516],[127.42465,36.45643],[127.41272,36.45477],[127.40262,36.45569],[127.40254,36.45275],[127.3919,36.44928],[127.39118,36.44189],[127.41685,36.41992],[127.41863,36.41501],[127.41499,36.41039],[127.41137,36.39509],[127.41047,36.3803],[127.40527,36.37618],[127.39499,36.37267],[127.39481,36.3648],[127.40284,36.35733],[127.4029,36.35009],[127.40977,36.3478],[127.41277,36.34369]]]}},{"id":"feature_104","type":"Feature","properties":{"시도":"대전광역시","시군구":"동구"},"geometry":{"type":"Polygon","coordinates":[[[127.41277,36.34369],[127.42926,36.32984],[127.44022,36.31297],[127.44663,36.3105],[127.45585,36.30069],[127.45783,36.29404],[127.45616,36.29286],[127.4432,36.29642],[127.43771,36.29272],[127.43103,36.29151],[127.43079,36.28478],[127.43525,36.28134],[127.43214,36.27884],[127.43912,36.26993],[127.42964,36.26094],[127.4302,36.25734],[127.42713,36.2546],[127.43671,36.25294],[127.4348,36.25098],[127.44202,36.24391],[127.4429,36.2387],[127.43755,36.23658],[127.43765,36.23226],[127.43413,36.22787],[127.42464,36.22893],[127.42606,36.21141],[127.42236,36.20829],[127.42385,36.20615],[127.42968,36.20511],[127.43349,36.19918],[127.44281,36.19406],[127.45573,36.20087],[127.45649,36.20375],[127.45325,36.20677],[127.45909,36.20978],[127.46012,36.21293],[127.4692,36.21548],[127.46752,36.22325],[127.47685,36.22613],[127.47783,36.22974],[127.48837,36.23282],[127.48997,36.23737],[127.49277,36.23809],[127.49259,36.24471],[127.48954,36.24552],[127.48769,36.25062],[127.49015,36.25339],[127.48981,36.25789],[127.48619,36.25924],[127.48625,36.26144],[127.48936,36.27003],[127.48858,36.27324],[127.49666,36.27947],[127.49826,36.28287],[127.489,36.30084],[127.4933,36.30003],[127.49945,36.30528],[127.49476,36.31169],[127.49926,36.31493],[127.49828,36.31895],[127.50358,36.32576],[127.50125,36.33871],[127.50931,36.3431],[127.50792,36.34574],[127.50977,36.35045],[127.52131,36.3532],[127.52686,36.36929],[127.52572,36.38731],[127.53916,36.39719],[127.55419,36.39473],[127.55725,36.39724],[127.55207,36.40528],[127.54463,36.41109],[127.54313,36.41687],[127.54436,36.41976],[127.53975,36.42072],[127.53399,36.41879],[127.52934,36.41934],[127.52415,36.42319],[127.51949,36.42018],[127.51569,36.42228],[127.51004,36.40312],[127.50256,36.4082],[127.48921,36.4327],[127.48403,36.43349],[127.47282,36.41574],[127.46646,36.40841],[127.45738,36.40297],[127.45421,36.39586],[127.45522,36.38871],[127.45131,36.38091],[127.46373,36.36131],[127.4659,36.36049],[127.46513,36.35155],[127.45381,36.3533],[127.4545,36.35448],[127.4459,36.35362],[127.44516,36.35079],[127.4414,36.35237],[127.4387,36.35973],[127.43544,36.36075],[127.43068,36.35905],[127.42495,36.34886],[127.41958,36.3483],[127.41833,36.34622],[127.4207,36.34446],[127.41277,36.34369]]]}},{"id":"feature_105","type":"Feature","properties":{"시도":"대전광역시","시군구":"서구"},"geometry":{"type":"Polygon","coordinates":[[[127.33143,36.18432],[127.3351,36.18362],[127.34066,36.18912],[127.34392,36.19673],[127.34748,36.19777],[127.34684,36.2033],[127.34971,36.20829],[127.35303,36.21182],[127.35946,36.21392],[127.36052,36.2185],[127.36472,36.21997],[127.36005,36.22679],[127.36305,36.2322],[127.36196,36.23404],[127.36463,36.24755],[127.364,36.25165],[127.36137,36.25358],[127.35966,36.26267],[127.36271,36.26919],[127.37102,36.26994],[127.37241,36.27218],[127.36929,36.28189],[127.37036,36.28837],[127.37343,36.29324],[127.37839,36.29288],[127.38253,36.29834],[127.38166,36.30486],[127.38669,36.31259],[127.38579,36.32029],[127.39021,36.3272],[127.40195,36.33818],[127.4029,36.35009],[127.40284,36.35733],[127.39481,36.3648],[127.39499,36.37267],[127.38042,36.37287],[127.37475,36.37054],[127.35682,36.35895],[127.34949,36.3519],[127.35364,36.33214],[127.33821,36.33219],[127.33817,36.33019],[127.33601,36.33018],[127.33762,36.31853],[127.33982,36.31783],[127.33888,36.31321],[127.33252,36.30792],[127.33279,36.30156],[127.32292,36.29813],[127.31967,36.28759],[127.31093,36.282],[127.30726,36.27255],[127.29177,36.26419],[127.28206,36.25779],[127.28003,36.25234],[127.28102,36.24583],[127.27808,36.24407],[127.27999,36.24408],[127.28299,36.23663],[127.29113,36.23027],[127.29376,36.22312],[127.30312,36.22172],[127.3038,36.22897],[127.31445,36.22242],[127.3215,36.2137],[127.32078,36.20966],[127.32319,36.20342],[127.32813,36.20405],[127.33345,36.20045],[127.33008,36.19444],[127.33143,36.18432]]]}},{"id":"feature_106","type":"Feature","properties":{"시도":"대전광역시","시군구":"유성구"},"geometry":{"type":"Polygon","coordinates":[[[127.29177,36.26419],[127.30726,36.27255],[127.31093,36.282],[127.31967,36.28759],[127.32292,36.29813],[127.33279,36.30156],[127.33252,36.30792],[127.33888,36.31321],[127.33982,36.31783],[127.33762,36.31853],[127.33601,36.33018],[127.33817,36.33019],[127.33821,36.33219],[127.35364,36.33214],[127.34949,36.3519],[127.35682,36.35895],[127.37475,36.37054],[127.38042,36.37287],[127.39499,36.37267],[127.40527,36.37618],[127.41047,36.3803],[127.41137,36.39509],[127.41499,36.41039],[127.41863,36.41501],[127.41685,36.41992],[127.39118,36.44189],[127.3919,36.44928],[127.40254,36.45275],[127.40262,36.45569],[127.40044,36.46132],[127.4006,36.47017],[127.40421,36.48332],[127.39567,36.49161],[127.38797,36.49851],[127.38277,36.50045],[127.37133,36.49032],[127.36035,36.49022],[127.35915,36.48539],[127.36441,36.4717],[127.35595,36.46402],[127.35871,36.45603],[127.35588,36.45093],[127.35309,36.44791],[127.3447,36.44446],[127.34255,36.43812],[127.3399,36.43598],[127.34072,36.43098],[127.33895,36.42977],[127.32674,36.42191],[127.3215,36.42362],[127.31705,36.42002],[127.31061,36.42479],[127.30404,36.42509],[127.30146,36.42198],[127.296,36.42275],[127.29321,36.41947],[127.28926,36.41936],[127.289,36.41588],[127.28231,36.41454],[127.27859,36.39702],[127.27884,36.37989],[127.28099,36.37482],[127.27752,36.36521],[127.27084,36.36097],[127.27225,36.35423],[127.27787,36.34861],[127.27553,36.34472],[127.26716,36.33874],[127.268,36.33152],[127.266,36.32845],[127.25975,36.32721],[127.26038,36.32194],[127.2575,36.31539],[127.2602,36.30184],[127.25943,36.29685],[127.25202,36.29609],[127.24763,36.29165],[127.24946,36.28343],[127.25625,36.27801],[127.28101,36.26541],[127.29057,36.26575],[127.29177,36.26419]]]}},{"id":"feature_107","type":"Feature","properties":{"시도":"대전광역시","시군구":"중구"},"geometry":{"type":"Polygon","coordinates":[[[127.42236,36.20829],[127.42606,36.21141],[127.42464,36.22893],[127.43413,36.22787],[127.43765,36.23226],[127.43755,36.23658],[127.4429,36.2387],[127.44202,36.24391],[127.4348,36.25098],[127.43671,36.25294],[127.42713,36.2546],[127.4302,36.25734],[127.42964,36.26094],[127.43912,36.26993],[127.43214,36.27884],[127.43525,36.28134],[127.43079,36.28478],[127.43103,36.29151],[127.43771,36.29272],[127.4432,36.29642],[127.45616,36.29286],[127.45783,36.29404],[127.45585,36.30069],[127.44663,36.3105],[127.44022,36.31297],[127.42926,36.32984],[127.41277,36.34369],[127.40977,36.3478],[127.4029,36.35009],[127.40195,36.33818],[127.39021,36.3272],[127.38579,36.32029],[127.38669,36.31259],[127.38166,36.30486],[127.38253,36.29834],[127.37839,36.29288],[127.37343,36.29324],[127.37036,36.28837],[127.36929,36.28189],[127.37241,36.27218],[127.38439,36.26839],[127.3897,36.26422],[127.39042,36.26079],[127.38639,36.25076],[127.38783,36.24595],[127.39112,36.24274],[127.38788,36.23447],[127.40057,36.23182],[127.40456,36.22272],[127.41087,36.21751],[127.40827,36.21306],[127.4195,36.20717],[127.42236,36.20829]]]}},{"id":"feature_108","type":"Feature","properties":{"시도":"부산광역시","시군구":"강서구"},"geometry":{"type":"Polygon","coordinates":[[[128.80949,35.08278],[128.8307,35.08045],[128.83078,35.07289],[128.80322,35.06565],[128.80562,35.05978],[128.79887,35.05745],[128.79797,35.0594],[128.79599,35.0589],[128.79747,35.04871],[128.80585,35.04699],[128.80691,35.04385],[128.81201,35.04016],[128.8118,35.03465],[128.80759,35.03373],[128.8083,35.03139],[128.815,35.02897],[128.8133,35.02421],[128.80424,35.02392],[128.80581,35.0206],[128.81057,35.02171],[128.81112,35.01874],[128.8182,35.01796],[128.82603,35.01378],[128.82493,35.01075],[128.81934,35.00897],[128.82359,35.0057],[128.81832,35.00485],[128.81814,35.00138],[128.82173,35.00082],[128.82128,34.99423],[128.82961,34.99453],[128.82731,34.98805],[128.84109,34.99714],[128.83859,35.00023],[128.8414,35.00661],[128.83582,35.01288],[128.83573,35.01635],[128.83889,35.01791],[128.84342,35.03056],[128.84955,35.03353],[128.85125,35.04159],[128.85023,35.05179],[128.8458,35.05962],[128.85884,35.06423],[128.85494,35.069],[128.84239,35.06955],[128.84028,35.07443],[128.83742,35.07505],[128.83678,35.06735],[128.83384,35.06606],[128.83476,35.08025],[128.87519,35.07936],[128.87455,35.06973],[128.85998,35.07132],[128.8588,35.06976],[128.87331,35.06155],[128.88197,35.06006],[128.88482,35.06354],[128.88688,35.07911],[128.90064,35.11926],[128.90546,35.11806],[128.90055,35.11115],[128.89532,35.07914],[128.91218,35.07946],[128.91217,35.08937],[128.92535,35.09341],[128.9329,35.11028],[128.93686,35.10988],[128.95688,35.12731],[128.96142,35.13944],[128.95953,35.14924],[128.96242,35.16349],[128.96201,35.18198],[128.96552,35.18646],[128.98207,35.1965],[128.98819,35.19724],[128.99178,35.20096],[128.98928,35.2025],[128.99581,35.20794],[128.99761,35.23439],[128.98002,35.22834],[128.95948,35.22508],[128.95246,35.22432],[128.94483,35.22792],[128.93686,35.22493],[128.92349,35.21605],[128.91663,35.21696],[128.91239,35.22256],[128.9103,35.22293],[128.90889,35.22056],[128.90953,35.22309],[128.90505,35.22007],[128.91023,35.21502],[128.8966,35.21311],[128.88912,35.21478],[128.88414,35.21368],[128.87039,35.20171],[128.87619,35.19291],[128.87602,35.18818],[128.88156,35.18294],[128.8802,35.17203],[128.87362,35.17436],[128.87235,35.17227],[128.87577,35.17051],[128.87602,35.16565],[128.87926,35.16199],[128.87448,35.1598],[128.87479,35.15173],[128.87045,35.1521],[128.86545,35.15792],[128.86611,35.16684],[128.86369,35.16743],[128.84666,35.16528],[128.84336,35.15799],[128.83744,35.15925],[128.82584,35.15578],[128.81586,35.16038],[128.80863,35.15899],[128.80596,35.1605],[128.79362,35.15705],[128.80233,35.14315],[128.81545,35.13256],[128.82729,35.12818],[128.83357,35.12919],[128.83756,35.11597],[128.8429,35.11317],[128.84208,35.10703],[128.83666,35.10199],[128.82481,35.10199],[128.82276,35.09882],[128.82463,35.0946],[128.83298,35.08867],[128.83247,35.08631],[128.82838,35.08948],[128.82643,35.08621],[128.82154,35.08585],[128.81853,35.083],[128.80949,35.08278]]]}},{"id":"feature_109","type":"Feature","properties":{"시도":"부산광역시","시군구":"금정구"},"geometry":{"type":"Polygon","coordinates":[[[129.0602,35.22622],[129.06611,35.22687],[129.06882,35.22508],[129.0775,35.22635],[129.08726,35.22166],[129.08494,35.21792],[129.08656,35.21705],[129.09239,35.2165],[129.10636,35.20959],[129.11004,35.21011],[129.11345,35.21294],[129.11891,35.21364],[129.11808,35.2239],[129.12718,35.22768],[129.13056,35.23126],[129.13099,35.23524],[129.13585,35.23654],[129.14125,35.24189],[129.14429,35.25073],[129.13924,35.25416],[129.14086,35.26018],[129.13021,35.26005],[129.12601,35.2619],[129.12008,35.26031],[129.12137,35.26959],[129.12543,35.27672],[129.12393,35.28041],[129.12983,35.29033],[129.12988,35.29759],[129.10892,35.30507],[129.10387,35.30618],[129.097,35.30354],[129.08911,35.30314],[129.07317,35.28994],[129.06511,35.29151],[129.06013,35.29555],[129.05186,35.28796],[129.04991,35.28386],[129.05057,35.28006],[129.04258,35.26864],[129.04213,35.26401],[129.0361,35.25972],[129.04855,35.25507],[129.04542,35.25214],[129.04552,35.24702],[129.04961,35.24513],[129.05107,35.24102],[129.04574,35.23334],[129.04609,35.23131],[129.05971,35.23002],[129.0602,35.22622]]]}},{"id":"feature_110","type":"Feature","properties":{"시도":"부산광역시","시군구":"기장군"},"geometry":{"type":"Polygon","coordinates":[[[129.20792,35.18194],[129.21281,35.18088],[129.21467,35.18655],[129.21777,35.18634],[129.22026,35.18362],[129.22475,35.18573],[129.22382,35.18999],[129.23015,35.19573],[129.23183,35.20147],[129.23006,35.20427],[129.23323,35.21447],[129.22846,35.22071],[129.23892,35.22052],[129.24234,35.22624],[129.24168,35.22897],[129.24574,35.23114],[129.24511,35.23497],[129.24856,35.23995],[129.24828,35.24331],[129.25338,35.24667],[129.25202,35.25522],[129.25357,35.25679],[129.25197,35.26021],[129.24421,35.26023],[129.2395,35.25751],[129.23545,35.25838],[129.23409,35.26239],[129.23612,35.26473],[129.2431,35.26364],[129.24467,35.27161],[129.25291,35.27117],[129.25547,35.2742],[129.25574,35.27899],[129.26047,35.28139],[129.25753,35.28758],[129.26136,35.29058],[129.26413,35.29884],[129.2614,35.2975],[129.25856,35.30603],[129.26176,35.30939],[129.26528,35.31911],[129.28185,35.32659],[129.28795,35.32322],[129.28651,35.32036],[129.28868,35.31859],[129.29904,35.31827],[129.30265,35.32137],[129.30042,35.32261],[129.30229,35.32831],[129.30453,35.32951],[129.30088,35.33424],[129.29318,35.33595],[129.28936,35.34014],[129.2855,35.3392],[129.27986,35.34151],[129.28377,35.34568],[129.28456,35.35076],[129.28057,35.35611],[129.28318,35.36523],[129.27971,35.36578],[129.27671,35.3724],[129.26827,35.37991],[129.26527,35.38647],[129.25663,35.38479],[129.252,35.38721],[129.2492,35.38349],[129.24164,35.3857],[129.23564,35.38031],[129.2312,35.38161],[129.21772,35.37867],[129.20871,35.38117],[129.2034,35.38515],[129.20297,35.38787],[129.20053,35.38867],[129.19373,35.38208],[129.19937,35.37562],[129.19358,35.36101],[129.18558,35.35817],[129.17808,35.35144],[129.16746,35.35406],[129.16255,35.35636],[129.16179,35.35878],[129.15725,35.359],[129.14988,35.36384],[129.1313,35.36556],[129.12956,35.35916],[129.13457,35.35141],[129.12737,35.34567],[129.12834,35.34321],[129.12604,35.34133],[129.12503,35.3363],[129.126,35.33222],[129.12087,35.32892],[129.11848,35.32246],[129.11331,35.3195],[129.11165,35.30877],[129.10892,35.30507],[129.12988,35.29759],[129.12983,35.29033],[129.12393,35.28041],[129.12543,35.27672],[129.12137,35.26959],[129.12008,35.26031],[129.12601,35.2619],[129.13021,35.26005],[129.14086,35.26018],[129.13924,35.25416],[129.14429,35.25073],[129.14812,35.24727],[129.15496,35.24505],[129.15513,35.23701],[129.16927,35.22767],[129.16474,35.21494],[129.16045,35.21184],[129.16026,35.20629],[129.16937,35.20098],[129.17247,35.20202],[129.18262,35.19798],[129.18564,35.19549],[129.18378,35.18972],[129.18904,35.18996],[129.19687,35.20032],[129.20426,35.19833],[129.20745,35.19456],[129.20632,35.19128],[129.20792,35.18194]]]}},{"id":"feature_111","type":"Feature","properties":{"시도":"부산광역시","시군구":"남구"},"geometry":{"type":"Polygon","coordinates":[[[129.0653,35.12962],[129.06678,35.12589],[129.06534,35.12289],[129.073,35.12217],[129.0695,35.1183],[129.07227,35.11873],[129.07378,35.11675],[129.06989,35.11384],[129.0672,35.10769],[129.07491,35.10358],[129.08759,35.10359],[129.08738,35.10714],[129.09181,35.10779],[129.09374,35.10753],[129.0946,35.09913],[129.10423,35.09864],[129.10879,35.10233],[129.11053,35.1011],[129.11295,35.10299],[129.11572,35.10014],[129.1235,35.09886],[129.12783,35.10963],[129.12703,35.11981],[129.12061,35.13395],[129.11665,35.13014],[129.11521,35.13097],[129.11689,35.13286],[129.11181,35.13548],[129.10232,35.1428],[129.10334,35.14576],[129.10164,35.15069],[129.09482,35.16174],[129.08293,35.15824],[129.07987,35.1527],[129.07134,35.14878],[129.06333,35.14869],[129.06448,35.14139],[129.06609,35.13698],[129.0653,35.12962]]]}},{"id":"feature_112","type":"Feature","properties":{"시도":"부산광역시","시군구":"동구"},"geometry":{"type":"Polygon","coordinates":[[[129.02613,35.11678],[129.03265,35.11599],[129.04273,35.11072],[129.0451,35.11568],[129.04983,35.11298],[129.05087,35.11404],[129.04671,35.11662],[129.04786,35.11903],[129.0528,35.1159],[129.04857,35.12049],[129.05,35.12353],[129.05533,35.12532],[129.05253,35.12069],[129.05604,35.11799],[129.0653,35.12962],[129.06609,35.13698],[129.06448,35.14139],[129.05253,35.14209],[129.0453,35.14598],[129.04122,35.14613],[129.03881,35.14072],[129.03469,35.13728],[129.02828,35.13663],[129.02412,35.13402],[129.02603,35.12912],[129.02459,35.11871],[129.02613,35.11678]]]}},{"id":"feature_113","type":"Feature","properties":{"시도":"부산광역시","시군구":"동래구"},"geometry":{"type":"Polygon","coordinates":[[[129.04769,35.19421],[129.05988,35.1913],[129.08033,35.19927],[129.08637,35.19438],[129.11052,35.18964],[129.11516,35.18318],[129.11552,35.18783],[129.11424,35.19419],[129.11638,35.20109],[129.11138,35.20387],[129.11004,35.21011],[129.10636,35.20959],[129.09239,35.2165],[129.08656,35.21705],[129.08494,35.21792],[129.08726,35.22166],[129.0775,35.22635],[129.06882,35.22508],[129.06611,35.22687],[129.0602,35.22622],[129.05134,35.21324],[129.0504,35.20722],[129.04358,35.20216],[129.04387,35.19839],[129.04769,35.19421]]]}},{"id":"feature_114","type":"Feature","properties":{"시도":"부산광역시","시군구":"부산진구"},"geometry":{"type":"Polygon","coordinates":[[[129.01132,35.13819],[129.01709,35.13602],[129.02081,35.13685],[129.02412,35.13402],[129.02828,35.13663],[129.03469,35.13728],[129.03881,35.14072],[129.04122,35.14613],[129.0453,35.14598],[129.05253,35.14209],[129.06448,35.14139],[129.06333,35.14869],[129.07134,35.14878],[129.07987,35.1527],[129.08293,35.15824],[129.07852,35.16242],[129.08192,35.17174],[129.07191,35.17959],[129.07027,35.17583],[129.06297,35.17749],[129.0612,35.18389],[129.05097,35.1858],[129.04697,35.19186],[129.04769,35.19421],[129.04387,35.19839],[129.03955,35.1995],[129.03477,35.19817],[129.03194,35.19527],[129.0255,35.19341],[129.02114,35.18775],[129.02175,35.18352],[129.0238,35.18304],[129.02252,35.17911],[129.01786,35.17933],[129.01017,35.17361],[129.01284,35.16567],[129.01064,35.16015],[129.01522,35.15666],[129.01667,35.15281],[129.01615,35.14224],[129.01132,35.13819]]]}},{"id":"feature_115","type":"Feature","properties":{"시도":"부산광역시","시군구":"북구"},"geometry":{"type":"Polygon","coordinates":[[[129.02114,35.18775],[129.0255,35.19341],[129.03194,35.19527],[129.03477,35.19817],[129.03955,35.1995],[129.04387,35.19839],[129.04358,35.20216],[129.0504,35.20722],[129.05134,35.21324],[129.0602,35.22622],[129.05971,35.23002],[129.04609,35.23131],[129.04574,35.23334],[129.05107,35.24102],[129.04961,35.24513],[129.04552,35.24702],[129.04542,35.25214],[129.04855,35.25507],[129.0361,35.25972],[129.04213,35.26401],[129.04258,35.26864],[129.05057,35.28006],[129.04411,35.28031],[129.03923,35.27589],[129.02618,35.27807],[129.01261,35.27328],[129.01098,35.26162],[128.99761,35.23439],[128.99581,35.20794],[128.98928,35.2025],[128.99178,35.20096],[128.98819,35.19724],[128.99112,35.19382],[128.99392,35.19526],[129.00061,35.19166],[129.0077,35.1925],[129.00826,35.18901],[129.02114,35.18775]]]}},{"id":"feature_116","type":"Feature","properties":{"시도":"부산광역시","시군구":"사상구"},"geometry":{"type":"Polygon","coordinates":[[[128.95688,35.12731],[128.95991,35.12028],[128.9689,35.12092],[128.9763,35.1168],[128.97982,35.11675],[128.98769,35.12493],[128.99797,35.12255],[129.00225,35.12743],[129.00452,35.13951],[129.01132,35.13819],[129.01615,35.14224],[129.01667,35.15281],[129.01522,35.15666],[129.01064,35.16015],[129.01284,35.16567],[129.01017,35.17361],[129.01786,35.17933],[129.02252,35.17911],[129.0238,35.18304],[129.02175,35.18352],[129.02114,35.18775],[129.00826,35.18901],[129.0077,35.1925],[129.00061,35.19166],[128.99392,35.19526],[128.99112,35.19382],[128.98819,35.19724],[128.98207,35.1965],[128.96552,35.18646],[128.96201,35.18198],[128.96242,35.16349],[128.95953,35.14924],[128.96142,35.13944],[128.95688,35.12731]]]}},{"id":"feature_117","type":"Feature","properties":{"시도":"부산광역시","시군구":"사하구"},"geometry":{"type":"MultiPolygon","coordinates":[[[[128.9686,35.03058],[128.97266,35.02966],[128.97357,35.03398],[128.97141,35.03449],[128.9686,35.03058]]],[[[128.97441,35.04364],[128.97656,35.04416],[128.97214,35.04609],[128.97215,35.04528],[128.97441,35.04364]]],[[[128.92535,35.09341],[128.93852,35.0781],[128.9509,35.07802],[128.95689,35.05448],[128.9559,35.05243],[128.95922,35.04732],[128.9645,35.04621],[128.96265,35.03853],[128.96568,35.03264],[128.97261,35.0404],[128.96993,35.04042],[128.97291,35.04347],[128.96961,35.04498],[128.96958,35.04747],[128.97311,35.0491],[128.98214,35.04776],[128.98265,35.05194],[128.97349,35.05335],[128.9728,35.05663],[128.97679,35.05525],[128.98456,35.05969],[128.98816,35.05797],[128.99028,35.04908],[129.0013,35.04822],[128.99533,35.06349],[128.99312,35.08387],[129.00153,35.08041],[128.99916,35.08332],[129.00515,35.0844],[129.00444,35.07844],[129.01132,35.07686],[129.0143,35.09319],[129.01026,35.09928],[129.00675,35.09909],[129.01051,35.10559],[129.00371,35.11067],[129.0038,35.11325],[129.00116,35.11423],[129.00051,35.1202],[128.99797,35.12255],[128.98769,35.12493],[128.97982,35.11675],[128.9763,35.1168],[128.9689,35.12092],[128.95991,35.12028],[128.95688,35.12731],[128.93686,35.10988],[128.9329,35.11028],[128.92535,35.09341]]]]}},{"id":"feature_118","type":"Feature","properties":{"시도":"부산광역시","시군구":"서구"},"geometry":{"type":"MultiPolygon","coordinates":[[[[129.01489,35.04709],[129.01609,35.04736],[129.01439,35.05035],[129.01372,35.04789],[129.01489,35.04709]]],[[[129.00444,35.07844],[129.00552,35.0711],[129.01198,35.06486],[129.01148,35.06315],[129.00838,35.0628],[129.01063,35.05245],[129.00851,35.05055],[129.01532,35.0526],[129.0159,35.05693],[129.02172,35.0608],[129.02092,35.06892],[129.01597,35.07455],[129.01953,35.07754],[129.02215,35.07492],[129.02459,35.07608],[129.02664,35.0853],[129.02621,35.09568],[129.02123,35.10331],[129.02293,35.10897],[129.02844,35.11268],[129.02818,35.11567],[129.02613,35.11678],[129.02459,35.11871],[129.02603,35.12912],[129.02412,35.13402],[129.02081,35.13685],[129.01709,35.13602],[129.01132,35.13819],[129.00452,35.13951],[129.00225,35.12743],[128.99797,35.12255],[129.00051,35.1202],[129.00116,35.11423],[129.0038,35.11325],[129.00371,35.11067],[129.01051,35.10559],[129.00675,35.09909],[129.01026,35.09928],[129.0143,35.09319],[129.01132,35.07686],[129.00444,35.07844]]]]}},{"id":"feature_119","type":"Feature","properties":{"시도":"부산광역시","시군구":"수영구"},"geometry":{"type":"Polygon","coordinates":[[[129.13032,35.14799],[129.11998,35.13766],[129.11199,35.13638],[129.11774,35.13984],[129.11777,35.14598],[129.11514,35.14799],[129.11813,35.15249],[129.12233,35.15456],[129.12453,35.15233],[129.1274,35.15245],[129.13528,35.15566],[129.13114,35.16113],[129.13245,35.16171],[129.12658,35.16603],[129.11926,35.17675],[129.11552,35.18783],[129.11516,35.18318],[129.1111,35.17594],[129.10435,35.18072],[129.09742,35.17952],[129.09713,35.17163],[129.09232,35.16617],[129.09482,35.16174],[129.10164,35.15069],[129.10334,35.14576],[129.10232,35.1428],[129.11181,35.13548],[129.12098,35.13772],[129.13075,35.14771],[129.13032,35.14799]]]}},{"id":"feature_120","type":"Feature","properties":{"시도":"부산광역시","시군구":"연제구"},"geometry":{"type":"Polygon","coordinates":[[[129.04769,35.19421],[129.04697,35.19186],[129.05097,35.1858],[129.0612,35.18389],[129.06297,35.17749],[129.07027,35.17583],[129.07191,35.17959],[129.08192,35.17174],[129.07852,35.16242],[129.08293,35.15824],[129.09482,35.16174],[129.09232,35.16617],[129.09713,35.17163],[129.09742,35.17952],[129.10435,35.18072],[129.1111,35.17594],[129.11516,35.18318],[129.11052,35.18964],[129.08637,35.19438],[129.08033,35.19927],[129.05988,35.1913],[129.04769,35.19421]]]}},{"id":"feature_121","type":"Feature","properties":{"시도":"부산광역시","시군구":"영도구"},"geometry":{"type":"Polygon","coordinates":[[[129.03667,35.09466],[129.0371,35.09187],[129.03313,35.09437],[129.03137,35.09224],[129.03471,35.08512],[129.03989,35.08073],[129.05687,35.0694],[129.06509,35.06839],[129.06861,35.06499],[129.06642,35.06251],[129.07084,35.05848],[129.07726,35.06039],[129.08282,35.05039],[129.08767,35.04943],[129.09239,35.05174],[129.0965,35.05972],[129.0877,35.06294],[129.07998,35.07138],[129.09094,35.07421],[129.09427,35.07742],[129.09427,35.08069],[129.08333,35.07952],[129.08429,35.0742],[129.07774,35.08364],[129.07903,35.0849],[129.07096,35.09395],[129.05794,35.10124],[129.05143,35.09976],[129.04805,35.09641],[129.04881,35.09531],[129.04536,35.09719],[129.0395,35.09523],[129.0393,35.0951],[129.0385,35.09362],[129.03692,35.09472],[129.03667,35.09466]]]}},{"id":"feature_122","type":"Feature","properties":{"시도":"부산광역시","시군구":"중구"},"geometry":{"type":"Polygon","coordinates":[[[129.02621,35.09568],[129.03389,35.09694],[129.03667,35.09466],[129.03692,35.09472],[129.03632,35.09642],[129.03822,35.09701],[129.0393,35.0951],[129.0395,35.09523],[129.03798,35.10389],[129.04224,35.10191],[129.04368,35.10341],[129.03982,35.10584],[129.04455,35.10581],[129.04088,35.10811],[129.04273,35.11072],[129.03265,35.11599],[129.02613,35.11678],[129.02818,35.11567],[129.02844,35.11268],[129.02293,35.10897],[129.02123,35.10331],[129.02621,35.09568]]]}},{"id":"feature_123","type":"Feature","properties":{"시도":"부산광역시","시군구":"해운대구"},"geometry":{"type":"Polygon","coordinates":[[[129.13075,35.14771],[129.13736,35.15566],[129.13408,35.16217],[129.14141,35.15506],[129.14637,35.15337],[129.14839,35.15642],[129.15279,35.15735],[129.15112,35.15652],[129.15056,35.15175],[129.15304,35.15188],[129.15569,35.15701],[129.16445,35.15916],[129.16981,35.15916],[129.1777,35.15489],[129.18223,35.15512],[129.186,35.15896],[129.19412,35.16108],[129.19745,35.16874],[129.19804,35.17718],[129.20273,35.18046],[129.20567,35.17911],[129.20792,35.18194],[129.20632,35.19128],[129.20745,35.19456],[129.20426,35.19833],[129.19687,35.20032],[129.18904,35.18996],[129.18378,35.18972],[129.18564,35.19549],[129.18262,35.19798],[129.17247,35.20202],[129.16937,35.20098],[129.16026,35.20629],[129.16045,35.21184],[129.16474,35.21494],[129.16927,35.22767],[129.15513,35.23701],[129.15496,35.24505],[129.14812,35.24727],[129.14429,35.25073],[129.14125,35.24189],[129.13585,35.23654],[129.13099,35.23524],[129.13056,35.23126],[129.12718,35.22768],[129.11808,35.2239],[129.11891,35.21364],[129.11345,35.21294],[129.11004,35.21011],[129.11138,35.20387],[129.11638,35.20109],[129.11424,35.19419],[129.11552,35.18783],[129.11926,35.17675],[129.12658,35.16603],[129.13245,35.16171],[129.13673,35.15562],[129.13032,35.14799],[129.13075,35.14771]]]}},{"id":"feature_124","type":"Feature","properties":{"시도":"서울특별시","시군구":"강남구"},"geometry":{"type":"Polygon","coordinates":[[[127.01187,37.52784],[127.01761,37.52209],[127.02035,37.51081],[127.03397,37.4848],[127.04135,37.48557],[127.04503,37.47729],[127.05106,37.47149],[127.05007,37.4701],[127.06161,37.46896],[127.06253,37.47284],[127.08516,37.47527],[127.0852,37.47156],[127.09632,37.46143],[127.09821,37.45879],[127.10056,37.45905],[127.10631,37.46254],[127.11675,37.45859],[127.11746,37.46217],[127.12229,37.46521],[127.11019,37.48688],[127.10568,37.49141],[127.09674,37.49583],[127.07549,37.5012],[127.07002,37.50478],[127.06696,37.52508],[127.05657,37.5291],[127.04031,37.5359],[127.02092,37.53512],[127.01187,37.52784]]]}},{"id":"feature_125","type":"Feature","properties":{"시도":"서울특별시","시군구":"강동구"},"geometry":{"type":"Polygon","coordinates":[[[127.14461,37.51696],[127.1458,37.52199],[127.14776,37.52217],[127.15326,37.52933],[127.15355,37.534],[127.16319,37.54502],[127.18355,37.54583],[127.18139,37.55285],[127.18197,37.56094],[127.17536,37.57729],[127.17767,37.58083],[127.16857,37.57895],[127.14924,37.56849],[127.13382,37.56845],[127.12175,37.56399],[127.11668,37.56002],[127.11348,37.56025],[127.11377,37.55889],[127.11389,37.55333],[127.10956,37.54347],[127.12321,37.53853],[127.11916,37.52807],[127.14461,37.51696]]]}},{"id":"feature_126","type":"Feature","properties":{"시도":"서울특별시","시군구":"강북구"},"geometry":{"type":"Polygon","coordinates":[[[126.98463,37.63656],[126.99894,37.62688],[127.00788,37.62391],[127.00805,37.61937],[127.01147,37.61642],[127.02223,37.61127],[127.02998,37.61234],[127.03041,37.60914],[127.0371,37.61271],[127.03912,37.61631],[127.04999,37.62443],[127.04148,37.63128],[127.03267,37.64163],[127.02462,37.6474],[127.01324,37.65044],[127.01379,37.65848],[127.01634,37.66158],[127.01545,37.66616],[127.01852,37.66996],[127.01198,37.67929],[127.00841,37.6813],[127.00829,37.68468],[126.99799,37.68382],[126.99174,37.67947],[126.99416,37.66628],[126.97945,37.65583],[126.98464,37.64746],[126.98325,37.64365],[126.98637,37.64065],[126.98463,37.63656]]]}},{"id":"feature_127","type":"Feature","properties":{"시도":"서울특별시","시군구":"강서구"},"geometry":{"type":"Polygon","coordinates":[[[126.82215,37.54068],[126.82541,37.54165],[126.8276,37.54768],[126.82974,37.54767],[126.83008,37.54172],[126.83314,37.54184],[126.84049,37.52654],[126.86401,37.5298],[126.86216,37.54414],[126.86428,37.55139],[126.87242,37.54711],[126.88071,37.54787],[126.87799,37.55343],[126.88038,37.55618],[126.85356,37.57181],[126.82453,37.5894],[126.80494,37.60402],[126.80093,37.60434],[126.79747,37.59999],[126.80079,37.588],[126.79834,37.58779],[126.79367,37.5816],[126.79299,37.57974],[126.79052,37.58031],[126.78757,37.5756],[126.7827,37.57356],[126.78053,37.56833],[126.77696,37.56634],[126.7748,37.56753],[126.77792,37.56011],[126.77563,37.5618],[126.77201,37.5588],[126.77311,37.5575],[126.76469,37.55537],[126.7662,37.55413],[126.77174,37.54831],[126.77535,37.54907],[126.77759,37.54658],[126.78738,37.54586],[126.79175,37.54375],[126.79204,37.54181],[126.79475,37.54152],[126.79332,37.53973],[126.7944,37.53583],[126.79949,37.53786],[126.79898,37.54027],[126.80285,37.54308],[126.82215,37.54068]]]}},{"id":"feature_128","type":"Feature","properties":{"시도":"서울특별시","시군구":"관악구"},"geometry":{"type":"Polygon","coordinates":[[[126.92875,37.45019],[126.93103,37.44782],[126.93051,37.44529],[126.93785,37.44018],[126.93864,37.43605],[126.9638,37.44077],[126.96456,37.44569],[126.97398,37.4476],[126.98236,37.45516],[126.98862,37.45814],[126.98816,37.46552],[126.98172,37.47636],[126.97049,37.47537],[126.9688,37.47665],[126.96134,37.48349],[126.96023,37.49389],[126.95404,37.49104],[126.94739,37.49391],[126.93951,37.49088],[126.9274,37.49495],[126.9243,37.48996],[126.90323,37.48499],[126.89947,37.48034],[126.90972,37.48095],[126.90882,37.47886],[126.91194,37.47691],[126.91093,37.47382],[126.90823,37.47263],[126.91375,37.46528],[126.91415,37.45809],[126.92247,37.45725],[126.92318,37.45443],[126.92875,37.45019]]]}},{"id":"feature_129","type":"Feature","properties":{"시도":"서울특별시","시군구":"광진구"},"geometry":{"type":"Polygon","coordinates":[[[127.06696,37.52508],[127.07758,37.52358],[127.09812,37.52756],[127.10956,37.54347],[127.11389,37.55333],[127.11377,37.55889],[127.10115,37.56002],[127.10419,37.57105],[127.10093,37.57356],[127.09117,37.56956],[127.07858,37.57186],[127.0721,37.56005],[127.0737,37.55944],[127.05657,37.5291],[127.06696,37.52508]]]}},{"id":"feature_130","type":"Feature","properties":{"시도":"서울특별시","시군구":"구로구"},"geometry":{"type":"Polygon","coordinates":[[[126.82468,37.50833],[126.82224,37.5076],[126.81976,37.49923],[126.81436,37.49831],[126.81298,37.49629],[126.81439,37.4932],[126.82274,37.48998],[126.82347,37.48775],[126.81943,37.48547],[126.81957,37.48028],[126.81475,37.47467],[126.81784,37.47315],[126.81922,37.47616],[126.83301,37.47725],[126.84533,37.4738],[126.84648,37.4817],[126.85256,37.48194],[126.86831,37.4951],[126.87278,37.4888],[126.87529,37.48853],[126.87474,37.48538],[126.88066,37.48597],[126.89013,37.47931],[126.89586,37.47846],[126.89947,37.48034],[126.90323,37.48499],[126.89756,37.4876],[126.89455,37.49432],[126.89334,37.50252],[126.89514,37.50815],[126.87947,37.51677],[126.87126,37.50563],[126.86353,37.50497],[126.85816,37.50995],[126.8529,37.51058],[126.84529,37.50787],[126.83898,37.5029],[126.83836,37.50014],[126.83068,37.50757],[126.82468,37.50833]]]}},{"id":"feature_131","type":"Feature","properties":{"시도":"서울특별시","시군구":"금천구"},"geometry":{"type":"Polygon","coordinates":[[[126.90049,37.43736],[126.90447,37.43406],[126.90911,37.43399],[126.91236,37.43859],[126.91943,37.44078],[126.92875,37.45019],[126.92318,37.45443],[126.92247,37.45725],[126.91415,37.45809],[126.91375,37.46528],[126.90823,37.47263],[126.91093,37.47382],[126.91194,37.47691],[126.90882,37.47886],[126.90972,37.48095],[126.89947,37.48034],[126.89586,37.47846],[126.89013,37.47931],[126.88066,37.48597],[126.87474,37.48538],[126.87391,37.48333],[126.87666,37.47756],[126.88908,37.46153],[126.88527,37.46006],[126.88638,37.4562],[126.88962,37.45235],[126.89407,37.45264],[126.90049,37.43736]]]}},{"id":"feature_132","type":"Feature","properties":{"시도":"서울특별시","시군구":"노원구"},"geometry":{"type":"Polygon","coordinates":[[[127.04999,37.62443],[127.06201,37.61438],[127.0714,37.61563],[127.08573,37.62017],[127.09704,37.61705],[127.10571,37.62083],[127.10351,37.6229],[127.10537,37.62714],[127.11204,37.63262],[127.11115,37.64241],[127.10657,37.64549],[127.09445,37.64576],[127.0923,37.64992],[127.09282,37.6549],[127.08603,37.65591],[127.09244,37.65809],[127.09575,37.672],[127.09183,37.67919],[127.09632,37.68595],[127.09579,37.68886],[127.08493,37.69084],[127.08429,37.69401],[127.08111,37.69609],[127.06939,37.69437],[127.06511,37.68985],[127.05482,37.68935],[127.05078,37.68702],[127.05201,37.68366],[127.04882,37.66909],[127.05589,37.64597],[127.05437,37.64064],[127.0506,37.64515],[127.04148,37.63128],[127.04999,37.62443]]]}},{"id":"feature_133","type":"Feature","properties":{"시도":"서울특별시","시군구":"도봉구"},"geometry":{"type":"Polygon","coordinates":[[[127.00829,37.68468],[127.00841,37.6813],[127.01198,37.67929],[127.01852,37.66996],[127.01545,37.66616],[127.01634,37.66158],[127.01379,37.65848],[127.01324,37.65044],[127.02462,37.6474],[127.03267,37.64163],[127.04148,37.63128],[127.0506,37.64515],[127.05437,37.64064],[127.05589,37.64597],[127.04882,37.66909],[127.05201,37.68366],[127.05078,37.68702],[127.0482,37.69391],[127.04509,37.69244],[127.04158,37.69536],[127.0325,37.69171],[127.02803,37.70059],[127.0249,37.69944],[127.01585,37.70103],[127.01494,37.69855],[127.01195,37.69824],[127.00884,37.69461],[127.00829,37.68468]]]}},{"id":"feature_134","type":"Feature","properties":{"시도":"서울특별시","시군구":"동대문구"},"geometry":{"type":"Polygon","coordinates":[[[127.02337,37.57174],[127.03036,37.56982],[127.04218,37.57302],[127.05871,37.56246],[127.0721,37.56005],[127.07858,37.57186],[127.07723,37.58098],[127.07163,37.58795],[127.06963,37.59488],[127.07265,37.60168],[127.07172,37.60681],[127.06859,37.60932],[127.06873,37.60687],[127.06233,37.60528],[127.06005,37.6021],[127.05203,37.59995],[127.05101,37.60157],[127.04765,37.59629],[127.04075,37.5958],[127.03906,37.59127],[127.03649,37.59125],[127.02317,37.57804],[127.02337,37.57174]]]}},{"id":"feature_135","type":"Feature","properties":{"시도":"서울특별시","시군구":"동작구"},"geometry":{"type":"Polygon","coordinates":[[[126.90323,37.48499],[126.9243,37.48996],[126.9274,37.49495],[126.93951,37.49088],[126.94739,37.49391],[126.95404,37.49104],[126.96023,37.49389],[126.96134,37.48349],[126.9688,37.47665],[126.97049,37.47537],[126.98172,37.47636],[126.9829,37.49635],[126.98477,37.49928],[126.98775,37.49824],[126.98784,37.49861],[126.9807,37.50274],[126.98013,37.50649],[126.97405,37.50733],[126.94956,37.51781],[126.92601,37.5161],[126.9271,37.513],[126.9254,37.51265],[126.92019,37.4982],[126.91182,37.4959],[126.90323,37.48499]]]}},{"id":"feature_136","type":"Feature","properties":{"시도":"서울특별시","시군구":"마포구"},"geometry":{"type":"Polygon","coordinates":[[[126.88038,37.55618],[126.899,37.54792],[126.90498,37.54132],[126.92244,37.54139],[126.92763,37.53903],[126.93026,37.54132],[126.94467,37.53375],[126.9564,37.54058],[126.95863,37.54558],[126.96369,37.5489],[126.96239,37.5515],[126.9617,37.55534],[126.96322,37.55715],[126.96148,37.55885],[126.95871,37.55666],[126.93644,37.5552],[126.92663,37.55883],[126.92825,37.56334],[126.92614,37.56503],[126.90478,37.57339],[126.90161,37.57546],[126.90313,37.57689],[126.90164,37.57592],[126.88224,37.59094],[126.87667,37.58412],[126.87708,37.5789],[126.85412,37.57386],[126.85356,37.57181],[126.88038,37.55618]]]}},{"id":"feature_137","type":"Feature","properties":{"시도":"서울특별시","시군구":"서대문구"},"geometry":{"type":"Polygon","coordinates":[[[126.90313,37.57689],[126.90161,37.57546],[126.90478,37.57339],[126.92614,37.56503],[126.92825,37.56334],[126.92663,37.55883],[126.93644,37.5552],[126.95871,37.55666],[126.96148,37.55885],[126.96959,37.56201],[126.96677,37.56579],[126.95356,37.57888],[126.957,37.58158],[126.96067,37.5808],[126.95689,37.58542],[126.95714,37.59839],[126.95351,37.59912],[126.95338,37.60537],[126.95038,37.60788],[126.94242,37.60482],[126.94044,37.60286],[126.94068,37.59867],[126.93066,37.59449],[126.92812,37.58838],[126.92081,37.58291],[126.91583,37.58314],[126.91315,37.58703],[126.90313,37.57689]]]}},{"id":"feature_138","type":"Feature","properties":{"시도":"서울특별시","시군구":"서초구"},"geometry":{"type":"Polygon","coordinates":[[[126.98862,37.45814],[126.99683,37.46218],[126.99628,37.46672],[127.00342,37.46726],[127.01106,37.45539],[127.02469,37.45781],[127.02986,37.46545],[127.03272,37.46525],[127.03473,37.46385],[127.03343,37.46108],[127.03583,37.45755],[127.03836,37.44565],[127.0358,37.43927],[127.04106,37.43811],[127.04747,37.43087],[127.06567,37.42901],[127.07046,37.43006],[127.07338,37.43934],[127.07165,37.4418],[127.08158,37.441],[127.08543,37.44494],[127.08799,37.44506],[127.08832,37.44864],[127.09632,37.46143],[127.0852,37.47156],[127.08516,37.47527],[127.06253,37.47284],[127.06161,37.46896],[127.05007,37.4701],[127.05106,37.47149],[127.04503,37.47729],[127.04135,37.48557],[127.03397,37.4848],[127.02035,37.51081],[127.01761,37.52209],[127.01187,37.52784],[127.00443,37.52026],[126.99062,37.51303],[126.98568,37.50663],[126.98013,37.50649],[126.9807,37.50274],[126.98784,37.49861],[126.98775,37.49824],[126.98477,37.49928],[126.9829,37.49635],[126.98172,37.47636],[126.98816,37.46552],[126.98862,37.45814]]]}},{"id":"feature_139","type":"Feature","properties":{"시도":"서울특별시","시군구":"성동구"},"geometry":{"type":"Polygon","coordinates":[[[127.02092,37.53512],[127.04031,37.5359],[127.05657,37.5291],[127.0737,37.55944],[127.0721,37.56005],[127.05871,37.56246],[127.04218,37.57302],[127.03036,37.56982],[127.02337,37.57174],[127.02362,37.56517],[127.02671,37.56499],[127.0265,37.56339],[127.02286,37.55787],[127.01788,37.55657],[127.00861,37.54398],[127.00932,37.53968],[127.01479,37.5389],[127.02092,37.53512]]]}},{"id":"feature_140","type":"Feature","properties":{"시도":"서울특별시","시군구":"성북구"},"geometry":{"type":"Polygon","coordinates":[[[126.97507,37.63139],[126.97667,37.62884],[126.98051,37.62905],[126.97921,37.62457],[126.98281,37.61669],[126.98707,37.61355],[126.9859,37.60714],[126.98774,37.60122],[126.98157,37.59914],[126.98265,37.5951],[126.98914,37.59131],[127.00094,37.59239],[127.00653,37.58613],[127.00884,37.58045],[127.01469,37.58223],[127.01875,37.57753],[127.02317,37.57804],[127.03649,37.59125],[127.03906,37.59127],[127.04075,37.5958],[127.04765,37.59629],[127.05101,37.60157],[127.05203,37.59995],[127.06005,37.6021],[127.06233,37.60528],[127.06873,37.60687],[127.06859,37.60932],[127.07172,37.60681],[127.0714,37.61563],[127.06201,37.61438],[127.04999,37.62443],[127.03912,37.61631],[127.0371,37.61271],[127.03041,37.60914],[127.02998,37.61234],[127.02223,37.61127],[127.01147,37.61642],[127.00805,37.61937],[127.00788,37.62391],[126.99894,37.62688],[126.98463,37.63656],[126.97507,37.63139]]]}},{"id":"feature_141","type":"Feature","properties":{"시도":"서울특별시","시군구":"송파구"},"geometry":{"type":"Polygon","coordinates":[[[127.06696,37.52508],[127.07002,37.50478],[127.07549,37.5012],[127.09674,37.49583],[127.10568,37.49141],[127.11019,37.48688],[127.12229,37.46521],[127.12577,37.46921],[127.13268,37.46823],[127.13259,37.47485],[127.14345,37.4741],[127.14424,37.47732],[127.1474,37.47722],[127.14874,37.48399],[127.15764,37.48914],[127.15998,37.49422],[127.16005,37.4946],[127.16138,37.50025],[127.15762,37.50309],[127.15647,37.5019],[127.1536,37.50275],[127.15321,37.50275],[127.14093,37.5057],[127.14113,37.51232],[127.14352,37.51269],[127.14113,37.51564],[127.14466,37.51555],[127.14461,37.51696],[127.11916,37.52807],[127.12321,37.53853],[127.10956,37.54347],[127.09812,37.52756],[127.07758,37.52358],[127.06696,37.52508]]]}},{"id":"feature_142","type":"Feature","properties":{"시도":"서울특별시","시군구":"양천구"},"geometry":{"type":"Polygon","coordinates":[[[126.82468,37.50833],[126.83068,37.50757],[126.83836,37.50014],[126.83898,37.5029],[126.84529,37.50787],[126.8529,37.51058],[126.85816,37.50995],[126.86353,37.50497],[126.87126,37.50563],[126.87947,37.51677],[126.88051,37.52523],[126.89054,37.5315],[126.8888,37.53206],[126.89025,37.53467],[126.88516,37.54359],[126.88071,37.54787],[126.87242,37.54711],[126.86428,37.55139],[126.86216,37.54414],[126.86401,37.5298],[126.84049,37.52654],[126.83314,37.54184],[126.83008,37.54172],[126.82974,37.54767],[126.8276,37.54768],[126.82541,37.54165],[126.82215,37.54068],[126.82182,37.53487],[126.82881,37.52651],[126.82525,37.52315],[126.82556,37.51985],[126.82324,37.51618],[126.82468,37.50833]]]}},{"id":"feature_143","type":"Feature","properties":{"시도":"서울특별시","시군구":"영등포구"},"geometry":{"type":"Polygon","coordinates":[[[126.87947,37.51677],[126.89514,37.50815],[126.89334,37.50252],[126.89455,37.49432],[126.89756,37.4876],[126.90323,37.48499],[126.91182,37.4959],[126.92019,37.4982],[126.9254,37.51265],[126.9271,37.513],[126.92601,37.5161],[126.94956,37.51781],[126.94965,37.52676],[126.94467,37.53375],[126.93026,37.54132],[126.92763,37.53903],[126.92244,37.54139],[126.90498,37.54132],[126.899,37.54792],[126.88038,37.55618],[126.87799,37.55343],[126.88071,37.54787],[126.88516,37.54359],[126.89025,37.53467],[126.8888,37.53206],[126.89054,37.5315],[126.88051,37.52523],[126.87947,37.51677]]]}},{"id":"feature_144","type":"Feature","properties":{"시도":"서울특별시","시군구":"용산구"},"geometry":{"type":"Polygon","coordinates":[[[126.98013,37.50649],[126.98568,37.50663],[126.99062,37.51303],[127.00443,37.52026],[127.01187,37.52784],[127.02092,37.53512],[127.01479,37.5389],[127.00932,37.53968],[127.00861,37.54398],[127.00484,37.54618],[127.00589,37.5482],[127.00423,37.55038],[126.99852,37.54993],[126.99532,37.54724],[126.98543,37.55374],[126.97693,37.55506],[126.97666,37.55271],[126.96907,37.5539],[126.96849,37.55538],[126.96239,37.5515],[126.96369,37.5489],[126.95863,37.54558],[126.9564,37.54058],[126.94467,37.53375],[126.94965,37.52676],[126.94956,37.51781],[126.97405,37.50733],[126.98013,37.50649]]]}},{"id":"feature_145","type":"Feature","properties":{"시도":"서울특별시","시군구":"은평구"},"geometry":{"type":"Polygon","coordinates":[[[126.90313,37.57689],[126.91315,37.58703],[126.91583,37.58314],[126.92081,37.58291],[126.92812,37.58838],[126.93066,37.59449],[126.94068,37.59867],[126.94044,37.60286],[126.94242,37.60482],[126.95038,37.60788],[126.95172,37.62433],[126.97179,37.63229],[126.96882,37.63868],[126.95677,37.65265],[126.94731,37.65893],[126.94103,37.65706],[126.93473,37.65064],[126.92974,37.6504],[126.92127,37.64556],[126.91389,37.64471],[126.90527,37.64891],[126.91223,37.64438],[126.91247,37.64169],[126.90982,37.63511],[126.90653,37.63252],[126.90881,37.62905],[126.90794,37.62539],[126.90103,37.61246],[126.90208,37.60382],[126.90026,37.60315],[126.90149,37.59937],[126.89899,37.59266],[126.89984,37.58987],[126.88726,37.58859],[126.88544,37.59109],[126.88658,37.59384],[126.88224,37.59094],[126.90164,37.57592],[126.90313,37.57689]]]}},{"id":"feature_146","type":"Feature","properties":{"시도":"서울특별시","시군구":"종로구"},"geometry":{"type":"Polygon","coordinates":[[[126.96677,37.56579],[126.96905,37.56819],[126.97433,37.56926],[126.9889,37.56811],[127.02337,37.57174],[127.02317,37.57804],[127.01875,37.57753],[127.01469,37.58223],[127.00884,37.58045],[127.00653,37.58613],[127.00094,37.59239],[126.98914,37.59131],[126.98265,37.5951],[126.98157,37.59914],[126.98774,37.60122],[126.9859,37.60714],[126.98707,37.61355],[126.98281,37.61669],[126.97921,37.62457],[126.98051,37.62905],[126.97667,37.62884],[126.97507,37.63139],[126.97179,37.63229],[126.95172,37.62433],[126.95038,37.60788],[126.95338,37.60537],[126.95351,37.59912],[126.95714,37.59839],[126.95689,37.58542],[126.96067,37.5808],[126.957,37.58158],[126.95356,37.57888],[126.96677,37.56579]]]}},{"id":"feature_147","type":"Feature","properties":{"시도":"서울특별시","시군구":"중구"},"geometry":{"type":"Polygon","coordinates":[[[126.96239,37.5515],[126.96849,37.55538],[126.96907,37.5539],[126.97666,37.55271],[126.97693,37.55506],[126.98543,37.55374],[126.99532,37.54724],[126.99852,37.54993],[127.00423,37.55038],[127.00589,37.5482],[127.00484,37.54618],[127.00861,37.54398],[127.01788,37.55657],[127.02286,37.55787],[127.0265,37.56339],[127.02671,37.56499],[127.02362,37.56517],[127.02337,37.57174],[126.9889,37.56811],[126.97433,37.56926],[126.96905,37.56819],[126.96677,37.56579],[126.96959,37.56201],[126.96148,37.55885],[126.96322,37.55715],[126.9617,37.55534],[126.96239,37.5515]]]}},{"id":"feature_148","type":"Feature","properties":{"시도":"서울특별시","시군구":"중랑구"},"geometry":{"type":"Polygon","coordinates":[[[127.07858,37.57186],[127.09117,37.56956],[127.10093,37.57356],[127.10277,37.58176],[127.09975,37.58305],[127.10933,37.58466],[127.1124,37.59186],[127.11837,37.59502],[127.11383,37.59996],[127.11801,37.60458],[127.11697,37.61743],[127.11134,37.62065],[127.10571,37.62083],[127.09704,37.61705],[127.08573,37.62017],[127.0714,37.61563],[127.07172,37.60681],[127.07265,37.60168],[127.06963,37.59488],[127.07163,37.58795],[127.07723,37.58098],[127.07858,37.57186]]]}},{"id":"feature_149","type":"Feature","properties":{"시도":"세종특별자치시","시군구":"세종시"},"geometry":{"type":"Polygon","coordinates":[[[127.15056,36.62043],[127.14996,36.61907],[127.15589,36.61526],[127.15559,36.60614],[127.16762,36.60156],[127.17254,36.59651],[127.18093,36.59586],[127.18431,36.59109],[127.19055,36.59408],[127.18925,36.5866],[127.19275,36.58086],[127.2005,36.58285],[127.20791,36.57873],[127.20374,36.57267],[127.20311,36.56745],[127.1992,36.56494],[127.19379,36.56481],[127.18676,36.55294],[127.19183,36.54604],[127.18701,36.5458],[127.18504,36.54366],[127.17867,36.54536],[127.17424,36.54219],[127.17302,36.53346],[127.18223,36.52146],[127.17028,36.51173],[127.17002,36.50904],[127.17599,36.50541],[127.17754,36.50243],[127.17819,36.49968],[127.17351,36.49927],[127.17324,36.49744],[127.17688,36.49253],[127.18545,36.49321],[127.19468,36.48959],[127.19482,36.48439],[127.19048,36.47947],[127.19202,36.47467],[127.19791,36.46597],[127.20109,36.4668],[127.20328,36.46498],[127.20473,36.45929],[127.1984,36.45221],[127.20182,36.44632],[127.20111,36.44125],[127.19909,36.44005],[127.21771,36.43374],[127.22511,36.42665],[127.22693,36.42122],[127.22878,36.4228],[127.23171,36.42195],[127.23193,36.41991],[127.24226,36.41862],[127.2508,36.40676],[127.25912,36.40911],[127.25865,36.41424],[127.26282,36.41673],[127.27611,36.41389],[127.28231,36.41454],[127.289,36.41588],[127.28926,36.41936],[127.29321,36.41947],[127.296,36.42275],[127.30146,36.42198],[127.30404,36.42509],[127.31061,36.42479],[127.31705,36.42002],[127.3215,36.42362],[127.32674,36.42191],[127.33895,36.42977],[127.34072,36.43098],[127.3399,36.43598],[127.34255,36.43812],[127.3447,36.44446],[127.35309,36.44791],[127.35588,36.45093],[127.35871,36.45603],[127.35595,36.46402],[127.36441,36.4717],[127.35915,36.48539],[127.36035,36.49022],[127.37133,36.49032],[127.38277,36.50045],[127.38797,36.49851],[127.39567,36.49161],[127.40881,36.4953],[127.40885,36.5096],[127.40385,36.51713],[127.39755,36.52105],[127.40881,36.52439],[127.4084,36.52719],[127.40562,36.5314],[127.40501,36.53731],[127.40152,36.54149],[127.39216,36.53995],[127.38349,36.54201],[127.3831,36.54817],[127.37869,36.54992],[127.37938,36.55369],[127.37267,36.55966],[127.37649,36.56102],[127.37707,36.56775],[127.36054,36.56227],[127.35114,36.56225],[127.34319,36.56454],[127.33794,36.56253],[127.33549,36.56762],[127.33613,36.57046],[127.32622,36.57709],[127.32239,36.58253],[127.30824,36.58346],[127.30374,36.58569],[127.30106,36.5822],[127.29935,36.5864],[127.30395,36.59013],[127.30715,36.60152],[127.30123,36.60752],[127.30087,36.61554],[127.29128,36.62554],[127.29237,36.63576],[127.28885,36.63713],[127.28085,36.63439],[127.27671,36.63852],[127.27728,36.64157],[127.28044,36.64166],[127.28696,36.65417],[127.29514,36.65518],[127.30162,36.66009],[127.30145,36.66409],[127.30592,36.67006],[127.3076,36.68171],[127.3034,36.68547],[127.2919,36.687],[127.28563,36.69093],[127.2773,36.69143],[127.27351,36.69527],[127.26519,36.69214],[127.25967,36.69253],[127.25224,36.69674],[127.24581,36.69582],[127.23639,36.70718],[127.22515,36.71013],[127.2237,36.71556],[127.21809,36.71532],[127.20508,36.72033],[127.20292,36.72618],[127.1928,36.72882],[127.18785,36.72776],[127.18344,36.73033],[127.17381,36.72861],[127.17117,36.73206],[127.16578,36.73368],[127.16002,36.73247],[127.15693,36.7264],[127.15287,36.72831],[127.14505,36.71713],[127.1406,36.71635],[127.12766,36.708],[127.13619,36.70484],[127.14247,36.69113],[127.14156,36.68975],[127.15646,36.69078],[127.15707,36.69548],[127.1614,36.69057],[127.1644,36.67834],[127.15839,36.6731],[127.15477,36.66486],[127.15896,36.66156],[127.15994,36.65735],[127.15421,36.65271],[127.15304,36.64504],[127.15795,36.63517],[127.15628,36.62863],[127.16024,36.6246],[127.15411,36.62454],[127.15056,36.62043]]]}},{"id":"feature_150","type":"Feature","properties":{"시도":"울산광역시","시군구":"남구"},"geometry":{"type":"Polygon","coordinates":[[[129.26512,35.55728],[129.26055,35.55211],[129.25625,35.55475],[129.2494,35.54549],[129.24174,35.5397],[129.23882,35.53946],[129.23667,35.53622],[129.24458,35.53582],[129.24837,35.53328],[129.25511,35.53383],[129.26236,35.5298],[129.27428,35.52917],[129.27287,35.52608],[129.2747,35.52364],[129.28192,35.51945],[129.28035,35.51883],[129.28132,35.51723],[129.28676,35.51597],[129.28827,35.50783],[129.29016,35.50776],[129.30148,35.49447],[129.30907,35.49727],[129.31217,35.49538],[129.31403,35.49114],[129.31943,35.49111],[129.31938,35.48483],[129.33082,35.48477],[129.3357,35.48241],[129.33905,35.48013],[129.33934,35.47527],[129.35267,35.46541],[129.3544,35.45974],[129.36131,35.45915],[129.36492,35.45666],[129.36773,35.45852],[129.36276,35.46045],[129.37838,35.4722],[129.38066,35.47118],[129.38413,35.47408],[129.3845,35.48372],[129.38933,35.48774],[129.37932,35.49998],[129.36759,35.49801],[129.36234,35.50531],[129.3657,35.50503],[129.36982,35.50097],[129.38743,35.50203],[129.38492,35.51586],[129.37552,35.51757],[129.37597,35.52246],[129.3725,35.52346],[129.37449,35.52881],[129.37783,35.52829],[129.37011,35.5364],[129.3626,35.54095],[129.36461,35.54316],[129.35405,35.54802],[129.30559,35.55279],[129.3025,35.54598],[129.29779,35.5447],[129.29262,35.5457],[129.28141,35.55238],[129.27036,35.55356],[129.26512,35.55728]]]}},{"id":"feature_151","type":"Feature","properties":{"시도":"울산광역시","시군구":"동구"},"geometry":{"type":"Polygon","coordinates":[[[129.38744,35.52726],[129.39673,35.51493],[129.39786,35.50786],[129.39569,35.50116],[129.40304,35.49971],[129.40802,35.49324],[129.40396,35.48667],[129.40403,35.47738],[129.4068,35.47321],[129.40559,35.47205],[129.41165,35.47159],[129.4164,35.47589],[129.41487,35.47838],[129.41955,35.48175],[129.42868,35.47955],[129.42478,35.48149],[129.42527,35.48492],[129.43045,35.48354],[129.43109,35.47854],[129.42747,35.47805],[129.43123,35.4781],[129.43973,35.48609],[129.44072,35.491],[129.44653,35.49105],[129.44157,35.49585],[129.4343,35.49219],[129.43112,35.49604],[129.43305,35.49995],[129.4431,35.50159],[129.44349,35.50574],[129.44176,35.5077],[129.43372,35.50426],[129.43208,35.50538],[129.43296,35.51087],[129.44176,35.51104],[129.44181,35.50914],[129.44549,35.51099],[129.45036,35.52469],[129.44793,35.52544],[129.45104,35.52915],[129.4531,35.5467],[129.45796,35.5546],[129.45835,35.55884],[129.45281,35.57268],[129.44504,35.56733],[129.42916,35.56706],[129.4121,35.5607],[129.41382,35.55614],[129.40755,35.55108],[129.40844,35.54532],[129.40551,35.54077],[129.40665,35.53733],[129.40259,35.53147],[129.41041,35.52423],[129.40836,35.516],[129.40321,35.52011],[129.3931,35.52221],[129.38744,35.52726]]]}},{"id":"feature_152","type":"Feature","properties":{"시도":"울산광역시","시군구":"북구"},"geometry":{"type":"Polygon","coordinates":[[[129.38744,35.52726],[129.3931,35.52221],[129.40321,35.52011],[129.40836,35.516],[129.41041,35.52423],[129.40259,35.53147],[129.40665,35.53733],[129.40551,35.54077],[129.40844,35.54532],[129.40755,35.55108],[129.41382,35.55614],[129.4121,35.5607],[129.42916,35.56706],[129.44504,35.56733],[129.45281,35.57268],[129.45276,35.57877],[129.45735,35.58474],[129.46085,35.5842],[129.46517,35.5866],[129.46262,35.59316],[129.46437,35.59935],[129.46131,35.60732],[129.45907,35.6065],[129.45779,35.60813],[129.45695,35.61394],[129.45,35.61482],[129.45062,35.61803],[129.44362,35.62513],[129.44081,35.63239],[129.44181,35.64507],[129.44839,35.64755],[129.45001,35.65095],[129.44284,35.65438],[129.43742,35.65452],[129.43518,35.65218],[129.43273,35.65664],[129.42839,35.65594],[129.41263,35.66402],[129.40343,35.66292],[129.39993,35.66754],[129.38122,35.67106],[129.37347,35.66984],[129.36455,35.67877],[129.35571,35.67972],[129.34879,35.67733],[129.34162,35.67083],[129.3305,35.66574],[129.32399,35.65921],[129.31879,35.65841],[129.31083,35.66025],[129.30357,35.65697],[129.30277,35.64832],[129.29672,35.64651],[129.29581,35.6443],[129.29826,35.63106],[129.29465,35.62583],[129.29462,35.61847],[129.30014,35.61419],[129.29937,35.60944],[129.29305,35.60255],[129.29013,35.59483],[129.29346,35.59243],[129.30269,35.59344],[129.30919,35.589],[129.31736,35.5944],[129.32135,35.59459],[129.32378,35.59874],[129.33104,35.59909],[129.33132,35.59532],[129.33496,35.59355],[129.34135,35.59641],[129.34844,35.59528],[129.34809,35.58592],[129.35155,35.57654],[129.35377,35.56169],[129.34992,35.55581],[129.35405,35.54802],[129.36461,35.54316],[129.36931,35.54356],[129.37942,35.53694],[129.38744,35.52726]]]}},{"id":"feature_153","type":"Feature","properties":{"시도":"울산광역시","시군구":"울주군"},"geometry":{"type":"Polygon","coordinates":[[[128.9945,35.52899],[129.00955,35.52799],[129.00874,35.52397],[129.01267,35.52315],[129.05576,35.53214],[129.05653,35.52704],[129.05314,35.52536],[129.052,35.51573],[129.06165,35.50946],[129.08644,35.50184],[129.09078,35.49824],[129.10527,35.49647],[129.10664,35.48977],[129.10896,35.48774],[129.10793,35.48363],[129.1095,35.47984],[129.11711,35.47486],[129.11998,35.46836],[129.12876,35.45925],[129.13572,35.45645],[129.14297,35.44591],[129.1647,35.43414],[129.1658,35.43205],[129.17224,35.43356],[129.17895,35.43263],[129.19649,35.43943],[129.20234,35.43195],[129.20018,35.42413],[129.20202,35.4216],[129.21119,35.41921],[129.21999,35.40877],[129.21073,35.40012],[129.20297,35.38787],[129.2034,35.38515],[129.20871,35.38117],[129.21772,35.37867],[129.2312,35.38161],[129.23564,35.38031],[129.24164,35.3857],[129.2492,35.38349],[129.252,35.38721],[129.25663,35.38479],[129.26527,35.38647],[129.26827,35.37991],[129.27671,35.3724],[129.27971,35.36578],[129.28318,35.36523],[129.28057,35.35611],[129.28456,35.35076],[129.28377,35.34568],[129.27986,35.34151],[129.2855,35.3392],[129.28936,35.34014],[129.29318,35.33595],[129.30088,35.33424],[129.30453,35.32951],[129.30904,35.3314],[129.31364,35.33046],[129.31729,35.33772],[129.32078,35.33901],[129.32271,35.34598],[129.33215,35.34759],[129.33575,35.35593],[129.34073,35.35654],[129.34455,35.3523],[129.34721,35.35251],[129.35185,35.35566],[129.35899,35.35557],[129.36329,35.36122],[129.36141,35.36635],[129.35538,35.3697],[129.35596,35.3739],[129.34556,35.37642],[129.34745,35.38401],[129.3517,35.38389],[129.35297,35.38585],[129.35169,35.38716],[129.34846,35.38586],[129.34651,35.38942],[129.35607,35.39249],[129.35745,35.39496],[129.35586,35.3968],[129.35691,35.39991],[129.3523,35.40282],[129.36293,35.40618],[129.36295,35.41093],[129.35593,35.41109],[129.3558,35.41413],[129.36395,35.41455],[129.36557,35.41799],[129.36398,35.42311],[129.36491,35.42962],[129.3695,35.43151],[129.36945,35.43351],[129.36577,35.4357],[129.37335,35.44724],[129.36926,35.44879],[129.36464,35.44161],[129.35514,35.43854],[129.35395,35.44077],[129.35907,35.44278],[129.35956,35.44796],[129.35375,35.44682],[129.34997,35.44827],[129.34741,35.46429],[129.33966,35.47283],[129.3381,35.48002],[129.3357,35.48241],[129.33082,35.48477],[129.31938,35.48483],[129.31943,35.49111],[129.31403,35.49114],[129.31217,35.49538],[129.30907,35.49727],[129.30148,35.49447],[129.29016,35.50776],[129.28827,35.50783],[129.28676,35.51597],[129.28132,35.51723],[129.28035,35.51883],[129.28192,35.51945],[129.2747,35.52364],[129.27287,35.52608],[129.27428,35.52917],[129.26236,35.5298],[129.25511,35.53383],[129.24837,35.53328],[129.24458,35.53582],[129.23667,35.53622],[129.23882,35.53946],[129.24174,35.5397],[129.2494,35.54549],[129.25625,35.55475],[129.26055,35.55211],[129.26512,35.55728],[129.26107,35.56246],[129.2616,35.57211],[129.25711,35.57952],[129.26548,35.58091],[129.26706,35.58641],[129.27023,35.58739],[129.28217,35.58392],[129.28873,35.58417],[129.29102,35.58632],[129.29013,35.59483],[129.29305,35.60255],[129.29937,35.60944],[129.30014,35.61419],[129.29462,35.61847],[129.29465,35.62583],[129.29826,35.63106],[129.29581,35.6443],[129.2919,35.64516],[129.28443,35.65149],[129.28219,35.64948],[129.27588,35.65279],[129.2695,35.65104],[129.26024,35.65442],[129.25517,35.66034],[129.25418,35.66604],[129.25981,35.67303],[129.26086,35.67939],[129.2586,35.68343],[129.26224,35.68579],[129.26269,35.69145],[129.25604,35.70078],[129.23406,35.70358],[129.23254,35.70807],[129.22669,35.70832],[129.21405,35.71525],[129.20723,35.72151],[129.20208,35.71871],[129.2006,35.7158],[129.19765,35.71579],[129.18152,35.72314],[129.17686,35.71553],[129.16064,35.71488],[129.15437,35.72171],[129.14572,35.7247],[129.13853,35.72088],[129.14004,35.71808],[129.13524,35.71193],[129.12665,35.71446],[129.12328,35.70748],[129.11208,35.70795],[129.08857,35.70202],[129.07743,35.69302],[129.06949,35.68073],[129.07319,35.67774],[129.06757,35.67124],[129.06947,35.66911],[129.06761,35.6618],[129.06842,35.65828],[129.07971,35.64949],[129.08121,35.64343],[129.07413,35.64009],[129.06433,35.64625],[129.04731,35.65015],[129.04392,35.64145],[129.03705,35.63222],[129.02714,35.63635],[129.02098,35.63556],[129.01757,35.63091],[129.00773,35.62681],[129.00335,35.62014],[129.00752,35.61589],[129.01554,35.6165],[129.02184,35.614],[129.02346,35.60354],[129.02603,35.60069],[129.02018,35.58497],[129.00624,35.57804],[128.99538,35.5689],[128.9709,35.56064],[128.97365,35.55223],[128.97679,35.55126],[128.98064,35.54602],[128.99295,35.54798],[128.99762,35.5422],[128.9945,35.52899]]]}},{"id":"feature_154","type":"Feature","properties":{"시도":"울산광역시","시군구":"중구"},"geometry":{"type":"Polygon","coordinates":[[[129.26512,35.55728],[129.27036,35.55356],[129.28141,35.55238],[129.29262,35.5457],[129.29779,35.5447],[129.3025,35.54598],[129.30559,35.55279],[129.35405,35.54802],[129.34992,35.55581],[129.35377,35.56169],[129.35155,35.57654],[129.34809,35.58592],[129.34844,35.59528],[129.34135,35.59641],[129.33496,35.59355],[129.33132,35.59532],[129.33104,35.59909],[129.32378,35.59874],[129.32135,35.59459],[129.31736,35.5944],[129.30919,35.589],[129.30269,35.59344],[129.29346,35.59243],[129.29013,35.59483],[129.29102,35.58632],[129.28873,35.58417],[129.28217,35.58392],[129.27023,35.58739],[129.26706,35.58641],[129.26548,35.58091],[129.25711,35.57952],[129.2616,35.57211],[129.26107,35.56246],[129.26512,35.55728]]]}},{"id":"feature_155","type":"Feature","properties":{"시도":"인천광역시","시군구":"강화군"},"geometry":{"type":"MultiPolygon","coordinates":[[[[126.26923,37.62031],[126.27125,37.61907],[126.27174,37.6209],[126.27007,37.62143],[126.26923,37.62031]]],[[[126.2131,37.62892],[126.21675,37.62854],[126.21815,37.63189],[126.21635,37.63229],[126.2131,37.62892]]],[[[126.24712,37.65367],[126.23945,37.65308],[126.23186,37.65643],[126.22765,37.6524],[126.22235,37.65451],[126.22173,37.65179],[126.23381,37.63793],[126.24588,37.63099],[126.25983,37.62732],[126.25946,37.62324],[126.26103,37.62264],[126.26336,37.62707],[126.25954,37.63082],[126.25427,37.63238],[126.25141,37.63758],[126.25145,37.6431],[126.25746,37.65044],[126.25719,37.65268],[126.25314,37.65441],[126.24712,37.65367]]],[[[126.26797,37.63889],[126.27327,37.63177],[126.27509,37.63265],[126.27452,37.64512],[126.27676,37.64887],[126.26985,37.65648],[126.26586,37.64834],[126.26797,37.63889]]],[[[126.23835,37.66266],[126.23304,37.66247],[126.22384,37.6663],[126.2213,37.665],[126.22285,37.65783],[126.24061,37.66107],[126.2423,37.66335],[126.23835,37.66266]]],[[[126.1968,37.68041],[126.19484,37.68911],[126.1722,37.67668],[126.16676,37.67991],[126.16076,37.67875],[126.1584,37.67644],[126.15348,37.6774],[126.1549,37.67246],[126.159,37.67186],[126.16731,37.66618],[126.16921,37.66857],[126.18134,37.66873],[126.19091,37.66226],[126.19139,37.66051],[126.18849,37.65748],[126.1941,37.65839],[126.20808,37.65465],[126.20515,37.65924],[126.21124,37.66701],[126.20531,37.66979],[126.1968,37.68041]]],[[[126.1335,37.69251],[126.1286,37.69173],[126.12596,37.69339],[126.12201,37.69028],[126.1214,37.68718],[126.12436,37.68605],[126.12657,37.68156],[126.14479,37.68178],[126.14303,37.68674],[126.13366,37.68891],[126.13497,37.69097],[126.1335,37.69251]]],[[[126.20111,37.69047],[126.20005,37.68999],[126.20077,37.68779],[126.20211,37.69004],[126.20111,37.69047]]],[[[126.25609,37.71359],[126.25685,37.71218],[126.25888,37.71231],[126.25715,37.71548],[126.25609,37.71359]]],[[[126.20866,37.72323],[126.20837,37.7183],[126.21117,37.71826],[126.2114,37.72237],[126.20866,37.72323]]],[[[126.24019,37.72426],[126.23621,37.72903],[126.23585,37.73229],[126.23219,37.73387],[126.21697,37.72064],[126.23188,37.71593],[126.24881,37.71813],[126.2405,37.72214],[126.24019,37.72426]]],[[[126.26446,37.72385],[126.26979,37.72569],[126.26549,37.73827],[126.257,37.73217],[126.25679,37.7255],[126.26446,37.72385]]],[[[126.2752,37.81263],[126.26592,37.81574],[126.2644,37.81838],[126.25681,37.81465],[126.23777,37.81707],[126.23292,37.81104],[126.22318,37.80541],[126.22349,37.8],[126.21839,37.7957],[126.21854,37.7931],[126.22209,37.79146],[126.22159,37.78802],[126.21599,37.77838],[126.20919,37.77411],[126.20389,37.77322],[126.20277,37.76927],[126.20728,37.76833],[126.22321,37.7552],[126.23206,37.75114],[126.2402,37.75766],[126.24237,37.76309],[126.24767,37.76545],[126.25942,37.76462],[126.2705,37.76748],[126.2728,37.76975],[126.28132,37.76837],[126.29103,37.76264],[126.31795,37.7759],[126.3224,37.78112],[126.32135,37.78194],[126.33072,37.7896],[126.33023,37.79354],[126.33461,37.79918],[126.32475,37.80911],[126.32151,37.805],[126.31677,37.80332],[126.30567,37.80262],[126.30137,37.80447],[126.29422,37.80211],[126.29387,37.80392],[126.2752,37.81263]]],[[[126.52602,37.73809],[126.5269,37.74783],[126.51239,37.76354],[126.5125,37.76767],[126.5146,37.76996],[126.50804,37.7833],[126.49083,37.78953],[126.46302,37.80601],[126.43663,37.83123],[126.42689,37.83337],[126.419,37.82652],[126.41366,37.82469],[126.39387,37.82549],[126.37196,37.80547],[126.34893,37.79197],[126.34702,37.7881],[126.34946,37.7876],[126.3506,37.77869],[126.35396,37.77879],[126.35481,37.7564],[126.3535,37.74359],[126.34148,37.74837],[126.34318,37.7206],[126.35237,37.70581],[126.37749,37.69639],[126.38677,37.69027],[126.39328,37.67784],[126.3957,37.66457],[126.38695,37.65572],[126.405,37.65078],[126.39529,37.64187],[126.36416,37.63591],[126.36441,37.63411],[126.36897,37.63406],[126.3735,37.63113],[126.37432,37.6278],[126.37247,37.6261],[126.37513,37.62489],[126.37718,37.61926],[126.37721,37.61568],[126.36843,37.61486],[126.36999,37.6118],[126.37492,37.61183],[126.38552,37.60765],[126.38611,37.60396],[126.40372,37.5941],[126.4379,37.59212],[126.44664,37.59449],[126.45529,37.59335],[126.46166,37.58877],[126.46592,37.59551],[126.47334,37.59749],[126.4803,37.58358],[126.50047,37.59021],[126.50324,37.58964],[126.51196,37.58124],[126.51861,37.57995],[126.5277,37.58658],[126.52658,37.589],[126.52159,37.58993],[126.51852,37.59344],[126.54393,37.60193],[126.54743,37.60482],[126.54282,37.62258],[126.53053,37.63855],[126.52896,37.65297],[126.5297,37.65589],[126.53446,37.65914],[126.53576,37.66502],[126.52347,37.67443],[126.52728,37.70314],[126.51851,37.71273],[126.51966,37.72619],[126.52602,37.73809]]],[[[126.29879,37.67498],[126.30069,37.67381],[126.3015,37.67596],[126.30025,37.67638],[126.29879,37.67498]]],[[[126.32067,37.71826],[126.32302,37.73187],[126.33068,37.74843],[126.32395,37.75428],[126.30377,37.74652],[126.29399,37.74622],[126.28742,37.74299],[126.28789,37.72552],[126.28563,37.72405],[126.28382,37.71483],[126.27998,37.7127],[126.27156,37.71271],[126.26779,37.7104],[126.28335,37.70008],[126.28514,37.69623],[126.3173,37.68174],[126.32374,37.669],[126.32695,37.66659],[126.32682,37.66203],[126.32444,37.66212],[126.32339,37.65911],[126.32258,37.64454],[126.32503,37.64144],[126.34281,37.64358],[126.35193,37.64867],[126.37661,37.66793],[126.37959,37.6822],[126.37577,37.68764],[126.37533,37.69225],[126.37193,37.69523],[126.34639,37.69916],[126.33948,37.70266],[126.33822,37.70736],[126.33173,37.709],[126.33195,37.71436],[126.32196,37.71505],[126.32067,37.71826]]],[[[126.286,37.74902],[126.28207,37.74964],[126.27868,37.74577],[126.28215,37.74442],[126.286,37.74902]]]]}},{"id":"feature_156","type":"Feature","properties":{"시도":"인천광역시","시군구":"계양구"},"geometry":{"type":"Polygon","coordinates":[[[126.68916,37.52356],[126.76034,37.5241],[126.76095,37.53786],[126.7662,37.55413],[126.76469,37.55537],[126.77311,37.5575],[126.77201,37.5588],[126.77563,37.5618],[126.77792,37.56011],[126.7748,37.56753],[126.77696,37.56634],[126.78053,37.56833],[126.7827,37.57356],[126.78757,37.5756],[126.79052,37.58031],[126.79299,37.57974],[126.79367,37.5816],[126.78705,37.58555],[126.78411,37.58259],[126.76731,37.58803],[126.76308,37.58489],[126.7577,37.58479],[126.75474,37.58043],[126.75182,37.57957],[126.74362,37.59335],[126.73798,37.5935],[126.73502,37.59047],[126.72901,37.59294],[126.72513,37.592],[126.71777,37.58533],[126.71774,37.5815],[126.7133,37.57769],[126.69206,37.58243],[126.69079,37.58269],[126.68711,37.58371],[126.68681,37.58382],[126.68199,37.58374],[126.68217,37.57741],[126.69778,37.57382],[126.69896,37.57342],[126.70036,37.57196],[126.70041,37.57169],[126.69913,37.56927],[126.70024,37.56545],[126.70172,37.56491],[126.70338,37.56387],[126.70235,37.56075],[126.69951,37.55889],[126.70193,37.55614],[126.70657,37.55706],[126.71213,37.55256],[126.70599,37.54495],[126.70634,37.54189],[126.69928,37.54043],[126.69483,37.54183],[126.69267,37.54115],[126.69142,37.53598],[126.68361,37.5352],[126.68246,37.532],[126.68692,37.53074],[126.68916,37.52356]]]}},{"id":"feature_157","type":"Feature","properties":{"시도":"인천광역시","시군구":"남동구"},"geometry":{"type":"Polygon","coordinates":[[[126.73654,37.39543],[126.74582,37.40117],[126.75058,37.40761],[126.75505,37.41805],[126.75369,37.42254],[126.75968,37.42653],[126.76737,37.42659],[126.77035,37.42905],[126.77131,37.43523],[126.76884,37.44293],[126.77071,37.44851],[126.77174,37.45027],[126.77832,37.45079],[126.77977,37.45433],[126.77745,37.45752],[126.77984,37.46579],[126.77823,37.47179],[126.76774,37.47176],[126.76644,37.4699],[126.75694,37.46917],[126.75452,37.46573],[126.74605,37.46482],[126.73847,37.4709],[126.73054,37.47253],[126.72285,37.47027],[126.71631,37.47622],[126.71265,37.4764],[126.71094,37.47962],[126.70798,37.46933],[126.69761,37.46809],[126.68605,37.47202],[126.68436,37.46953],[126.68724,37.46897],[126.6868,37.46621],[126.69279,37.46551],[126.69724,37.46129],[126.69467,37.45881],[126.69288,37.44823],[126.69581,37.44487],[126.70288,37.44277],[126.70236,37.43887],[126.70463,37.43884],[126.7062,37.43415],[126.70449,37.42539],[126.68765,37.41123],[126.68441,37.4046],[126.67802,37.40142],[126.66778,37.3923],[126.67298,37.38942],[126.71026,37.38316],[126.7114,37.38105],[126.71771,37.38111],[126.72091,37.38114],[126.73654,37.39543]]]}},{"id":"feature_158","type":"Feature","properties":{"시도":"인천광역시","시군구":"동구"},"geometry":{"type":"Polygon","coordinates":[[[126.64279,37.46849],[126.65242,37.47051],[126.6513,37.47449],[126.65434,37.47847],[126.65295,37.48169],[126.655,37.48408],[126.67048,37.47685],[126.66359,37.48327],[126.64076,37.49587],[126.62745,37.49325],[126.63205,37.4877],[126.62628,37.49254],[126.60982,37.4874],[126.61165,37.48348],[126.61885,37.48547],[126.61677,37.48359],[126.62035,37.48066],[126.62802,37.47943],[126.64279,37.46849]]]}},{"id":"feature_159","type":"Feature","properties":{"시도":"인천광역시","시군구":"미추홀구"},"geometry":{"type":"Polygon","coordinates":[[[126.63468,37.431],[126.64059,37.43046],[126.64813,37.43512],[126.66054,37.43549],[126.67512,37.43028],[126.67707,37.4315],[126.68559,37.43019],[126.68717,37.43318],[126.69669,37.4334],[126.69493,37.43877],[126.70236,37.43887],[126.70288,37.44277],[126.69581,37.44487],[126.69288,37.44823],[126.69467,37.45881],[126.69724,37.46129],[126.69279,37.46551],[126.6868,37.46621],[126.68724,37.46897],[126.68436,37.46953],[126.68605,37.47202],[126.68404,37.47335],[126.67048,37.47685],[126.655,37.48408],[126.65295,37.48169],[126.65434,37.47847],[126.6513,37.47449],[126.65242,37.47051],[126.64279,37.46849],[126.64215,37.46504],[126.62917,37.45226],[126.63468,37.431]]]}},{"id":"feature_160","type":"Feature","properties":{"시도":"인천광역시","시군구":"부평구"},"geometry":{"type":"Polygon","coordinates":[[[126.68605,37.47202],[126.69761,37.46809],[126.70798,37.46933],[126.71094,37.47962],[126.71265,37.4764],[126.71631,37.47622],[126.72285,37.47027],[126.73054,37.47253],[126.73847,37.4709],[126.74605,37.46482],[126.75452,37.46573],[126.75694,37.46917],[126.76644,37.4699],[126.76774,37.47176],[126.76519,37.47523],[126.75906,37.47682],[126.75452,37.4837],[126.7426,37.48665],[126.74163,37.4951],[126.74362,37.50148],[126.74158,37.50893],[126.7458,37.51476],[126.76028,37.51586],[126.76034,37.5241],[126.68916,37.52356],[126.68613,37.52172],[126.68328,37.51466],[126.68696,37.51225],[126.68845,37.50521],[126.69208,37.50211],[126.68951,37.49827],[126.69284,37.49536],[126.69223,37.4924],[126.70154,37.48661],[126.70135,37.4851],[126.69263,37.48535],[126.68982,37.48298],[126.69065,37.47908],[126.68404,37.47335],[126.68605,37.47202]]]}},{"id":"feature_161","type":"Feature","properties":{"시도":"인천광역시","시군구":"서구"},"geometry":{"type":"Polygon","coordinates":[[[126.67048,37.47685],[126.68404,37.47335],[126.69065,37.47908],[126.68982,37.48298],[126.69263,37.48535],[126.70135,37.4851],[126.70154,37.48661],[126.69223,37.4924],[126.69284,37.49536],[126.68951,37.49827],[126.69208,37.50211],[126.68845,37.50521],[126.68696,37.51225],[126.68328,37.51466],[126.68613,37.52172],[126.68916,37.52356],[126.68692,37.53074],[126.68246,37.532],[126.68361,37.5352],[126.69142,37.53598],[126.69267,37.54115],[126.69483,37.54183],[126.69928,37.54043],[126.70634,37.54189],[126.70599,37.54495],[126.71213,37.55256],[126.70657,37.55706],[126.70193,37.55614],[126.69951,37.55889],[126.70235,37.56075],[126.70338,37.56387],[126.70172,37.56491],[126.70024,37.56545],[126.69913,37.56927],[126.70041,37.57169],[126.70036,37.57196],[126.69896,37.57342],[126.69778,37.57382],[126.68217,37.57741],[126.68199,37.58374],[126.68681,37.58382],[126.68711,37.58371],[126.69079,37.58269],[126.69206,37.58243],[126.7133,37.57769],[126.71774,37.5815],[126.71777,37.58533],[126.72513,37.592],[126.71199,37.60479],[126.70465,37.60262],[126.70451,37.60265],[126.70628,37.61015],[126.69863,37.61746],[126.68502,37.62431],[126.68007,37.62964],[126.67442,37.63036],[126.67094,37.63436],[126.65246,37.63958],[126.64758,37.62874],[126.63695,37.62603],[126.63657,37.62049],[126.63281,37.61692],[126.62769,37.60597],[126.6234,37.6028],[126.61575,37.60549],[126.60906,37.60415],[126.60552,37.59988],[126.60495,37.59944],[126.60298,37.59816],[126.59257,37.59293],[126.59186,37.59271],[126.5796,37.58954],[126.57258,37.58778],[126.58149,37.57144],[126.59334,37.55935],[126.59372,37.55426],[126.60451,37.5556],[126.60658,37.55369],[126.60481,37.55277],[126.60509,37.53932],[126.59915,37.53917],[126.59939,37.53342],[126.60247,37.53326],[126.60266,37.52785],[126.611,37.52779],[126.60266,37.52705],[126.60187,37.51689],[126.6045,37.51199],[126.60439,37.49681],[126.62679,37.49722],[126.62969,37.49957],[126.62971,37.50238],[126.64111,37.50498],[126.64076,37.49587],[126.66359,37.48327],[126.67048,37.47685]],[[126.68878,37.58807],[126.69138,37.58701],[126.69244,37.58619],[126.69138,37.58701],[126.68878,37.58807]],[[126.68952,37.59701],[126.68952,37.59701],[126.68952,37.59722],[126.68952,37.59701]],[[126.68017,37.59634],[126.67982,37.59641],[126.68056,37.59637],[126.68017,37.59634]]]}},{"id":"feature_162","type":"Feature","properties":{"시도":"인천광역시","시군구":"연수구"},"geometry":{"type":"Polygon","coordinates":[[[126.71771,37.38111],[126.7114,37.38105],[126.71026,37.38316],[126.67298,37.38942],[126.66778,37.3923],[126.67802,37.40142],[126.68441,37.4046],[126.68765,37.41123],[126.70449,37.42539],[126.7062,37.43415],[126.70463,37.43884],[126.70236,37.43887],[126.69493,37.43877],[126.69669,37.4334],[126.68717,37.43318],[126.68559,37.43019],[126.67707,37.4315],[126.67512,37.43028],[126.66054,37.43549],[126.64813,37.43512],[126.64059,37.43046],[126.63468,37.431],[126.61087,37.42992],[126.6109,37.42705],[126.60791,37.42708],[126.58981,37.43305],[126.59029,37.41914],[126.59682,37.41595],[126.60972,37.41605],[126.60987,37.38716],[126.61607,37.37925],[126.62473,37.37415],[126.61191,37.35531],[126.58453,37.35466],[126.58461,37.34738],[126.61727,37.34732],[126.61731,37.34285],[126.66107,37.34325],[126.71771,37.38111]]]}},{"id":"feature_163","type":"Feature","properties":{"시도":"인천광역시","시군구":"옹진군"},"geometry":{"type":"MultiPolygon","coordinates":[[[[125.98985,37.03828],[125.98684,37.04061],[125.9802,37.03954],[125.97898,37.03374],[125.9831,37.03139],[125.98178,37.02822],[125.98415,37.02326],[125.99041,37.02345],[125.99467,37.01906],[125.99887,37.01818],[126.01471,37.02472],[126.01306,37.02623],[126.00271,37.02463],[125.99836,37.02757],[125.99501,37.02704],[125.99235,37.0326],[125.99455,37.03476],[125.99417,37.03714],[125.98985,37.03828]]],[[[126.01111,37.05981],[126.01386,37.05913],[126.01479,37.0598],[126.0128,37.06037],[126.01111,37.05981]]],[[[126.00968,37.06926],[126.00793,37.06834],[126.00852,37.06746],[126.01121,37.06786],[126.00968,37.06926]]],[[[125.96708,37.08659],[125.96198,37.08986],[125.94995,37.08895],[125.94518,37.07938],[125.94234,37.07746],[125.94809,37.07544],[125.94877,37.0719],[125.95288,37.07085],[125.95595,37.07381],[125.95181,37.08163],[125.95313,37.0853],[125.96465,37.08089],[125.96708,37.08659]]],[[[126.00677,37.08164],[126.00659,37.08004],[126.00911,37.07961],[126.00864,37.08116],[126.00677,37.08164]]],[[[125.91292,37.10279],[125.91313,37.1014],[125.91412,37.10025],[125.91451,37.10247],[125.91292,37.10279]]],[[[125.91078,37.11046],[125.91376,37.10818],[125.91583,37.10997],[125.91739,37.11431],[125.91429,37.11852],[125.91104,37.11557],[125.91078,37.11046]]],[[[125.90862,37.11898],[125.90768,37.12139],[125.90746,37.11652],[125.90808,37.11673],[125.90862,37.11898]]],[[[125.91462,37.12448],[125.91452,37.12083],[125.91638,37.11707],[125.91719,37.11861],[125.91462,37.12448]]],[[[125.90315,37.14001],[125.90004,37.1402],[125.89847,37.13832],[125.90355,37.13135],[125.90442,37.13513],[125.90315,37.14001]]],[[[125.89242,37.13781],[125.89153,37.13632],[125.89336,37.13562],[125.89562,37.13779],[125.89472,37.13852],[125.89242,37.13781]]],[[[125.88305,37.17255],[125.88073,37.17422],[125.88035,37.17807],[125.87787,37.17821],[125.87549,37.17458],[125.86801,37.17474],[125.87012,37.16849],[125.87837,37.17112],[125.88256,37.17055],[125.88305,37.17255]]],[[[125.98612,37.18763],[125.98222,37.19319],[125.97273,37.19508],[125.97271,37.18969],[125.9604,37.18465],[125.96039,37.18281],[125.97532,37.18624],[125.97632,37.18866],[125.98143,37.18798],[125.98334,37.18532],[125.98612,37.18763]]],[[[125.71338,37.61557],[125.70578,37.61187],[125.71117,37.60685],[125.71881,37.60376],[125.72087,37.61439],[125.71338,37.61557]]],[[[125.67884,37.63524],[125.67944,37.6319],[125.68339,37.63934],[125.68035,37.63961],[125.67884,37.63524]]],[[[125.71542,37.6464],[125.71609,37.64499],[125.71959,37.64464],[125.71843,37.64604],[125.71542,37.6464]]],[[[125.71691,37.67391],[125.71464,37.68236],[125.71068,37.68013],[125.70516,37.68147],[125.69207,37.67738],[125.68632,37.67817],[125.68349,37.68123],[125.67917,37.68082],[125.6768,37.67962],[125.67611,37.67601],[125.68446,37.6694],[125.68493,37.66473],[125.68118,37.66269],[125.68375,37.65285],[125.69267,37.6518],[125.70038,37.65858],[125.71015,37.65392],[125.7095,37.65127],[125.71382,37.64949],[125.71282,37.65449],[125.70186,37.65877],[125.71042,37.66625],[125.71273,37.67172],[125.71691,37.67391]]],[[[125.69226,37.70686],[125.69483,37.70552],[125.69571,37.70601],[125.69189,37.70964],[125.69226,37.70686]]],[[[125.65241,37.71502],[125.65576,37.71526],[125.65725,37.71665],[125.65042,37.7166],[125.65241,37.71502]]],[[[125.64667,37.73767],[125.64993,37.73498],[125.65277,37.73821],[125.65213,37.73907],[125.64667,37.73767]]],[[[125.64477,37.7477],[125.64626,37.74605],[125.6481,37.74662],[125.64792,37.7471],[125.64477,37.7477]]],[[[125.6445,37.75062],[125.64341,37.75016],[125.64304,37.74893],[125.64468,37.7496],[125.6445,37.75062]]],[[[124.77136,37.77641],[124.77122,37.77956],[124.7511,37.7777],[124.74657,37.77571],[124.74061,37.77863],[124.73968,37.77688],[124.742,37.77572],[124.74166,37.77305],[124.73431,37.77089],[124.7334,37.7659],[124.727,37.76135],[124.73019,37.75844],[124.7321,37.76083],[124.7383,37.76156],[124.74072,37.76575],[124.75273,37.76976],[124.76555,37.76558],[124.76947,37.7678],[124.7675,37.76928],[124.77136,37.77641]]],[[[124.65697,37.79885],[124.65824,37.79765],[124.66097,37.79797],[124.65861,37.79893],[124.65697,37.79885]]],[[[124.7211,37.8455],[124.71796,37.84674],[124.70885,37.84518],[124.70504,37.84968],[124.70271,37.84937],[124.70131,37.84868],[124.70311,37.84562],[124.70178,37.84175],[124.68729,37.83601],[124.68632,37.83232],[124.68035,37.82676],[124.6818,37.82527],[124.67708,37.82048],[124.67219,37.82001],[124.66518,37.82279],[124.66219,37.82167],[124.6718,37.81729],[124.67537,37.81371],[124.68086,37.81468],[124.68375,37.81279],[124.68411,37.80591],[124.67914,37.80191],[124.68201,37.79823],[124.68767,37.79996],[124.68436,37.80227],[124.68883,37.80595],[124.69707,37.80854],[124.70189,37.80436],[124.71166,37.80699],[124.71718,37.81132],[124.72063,37.81705],[124.71819,37.8265],[124.71451,37.82819],[124.7142,37.83036],[124.71873,37.83597],[124.72863,37.83916],[124.72784,37.8423],[124.7211,37.8455]]],[[[124.71649,37.98256],[124.70955,37.98235],[124.7053,37.98431],[124.69651,37.98323],[124.694,37.97976],[124.68512,37.98245],[124.67802,37.97939],[124.67418,37.9819],[124.67012,37.98105],[124.66778,37.97741],[124.65507,37.97304],[124.64743,37.97341],[124.64535,37.97023],[124.64047,37.96875],[124.62341,37.97672],[124.6156,37.97809],[124.60979,37.97006],[124.61036,37.96333],[124.61205,37.95997],[124.61889,37.95817],[124.62498,37.95328],[124.62233,37.9517],[124.62231,37.94709],[124.63034,37.93741],[124.63758,37.9229],[124.6549,37.92319],[124.65558,37.92067],[124.66511,37.92248],[124.67147,37.91927],[124.67985,37.92196],[124.68969,37.91449],[124.69893,37.91883],[124.69856,37.92515],[124.70443,37.9307],[124.70387,37.93817],[124.708,37.9441],[124.72542,37.95388],[124.73092,37.95373],[124.72967,37.95011],[124.73491,37.95137],[124.73748,37.95589],[124.73001,37.95845],[124.73304,37.96219],[124.73557,37.96198],[124.74106,37.95685],[124.74591,37.95771],[124.74554,37.96164],[124.73738,37.96232],[124.73291,37.96569],[124.72983,37.978],[124.71649,37.98256]]],[[[126.02134,37.07637],[126.01277,37.0783],[126.01293,37.07628],[126.01717,37.0735],[126.0143,37.07064],[126.01231,37.06362],[126.02066,37.06809],[126.01956,37.07168],[126.02134,37.07637]]],[[[126.08675,37.10551],[126.08549,37.10768],[126.0797,37.1085],[126.07667,37.10616],[126.06634,37.10558],[126.06022,37.09531],[126.06531,37.09765],[126.07181,37.09738],[126.07395,37.09378],[126.07019,37.09182],[126.06569,37.09288],[126.06222,37.08903],[126.0638,37.08532],[126.06817,37.08319],[126.07494,37.08349],[126.08888,37.09493],[126.08966,37.09891],[126.08563,37.10362],[126.08675,37.10551]]],[[[126.27274,37.12732],[126.27217,37.12582],[126.27436,37.12588],[126.27441,37.12676],[126.27274,37.12732]]],[[[126.29807,37.12848],[126.30069,37.12593],[126.30402,37.12935],[126.30106,37.13006],[126.29807,37.12848]]],[[[126.26658,37.13456],[126.26726,37.13305],[126.26913,37.1338],[126.26813,37.13494],[126.26658,37.13456]]],[[[126.30831,37.13659],[126.30603,37.13912],[126.29951,37.14018],[126.30426,37.13586],[126.30457,37.13157],[126.30826,37.13136],[126.30962,37.13311],[126.30831,37.13659]]],[[[126.27808,37.14895],[126.27755,37.15074],[126.27497,37.15088],[126.27115,37.14886],[126.272,37.14428],[126.27594,37.14042],[126.27813,37.14224],[126.27605,37.14587],[126.27808,37.14895]]],[[[126.26168,37.18115],[126.25436,37.18201],[126.25285,37.18097],[126.25351,37.17801],[126.24642,37.17863],[126.24338,37.17413],[126.24904,37.16984],[126.25444,37.17081],[126.26574,37.16763],[126.27256,37.16309],[126.27249,37.15957],[126.28248,37.15772],[126.28461,37.16283],[126.27465,37.16474],[126.27183,37.17009],[126.2715,37.17616],[126.26698,37.17553],[126.26168,37.18115]]],[[[126.28783,37.17452],[126.28648,37.17411],[126.28582,37.17255],[126.28819,37.17208],[126.28783,37.17452]]],[[[126.10063,37.18633],[126.093,37.18809],[126.08925,37.18161],[126.08493,37.17911],[126.08463,37.17638],[126.09401,37.16696],[126.10993,37.16515],[126.11261,37.17052],[126.10823,37.17209],[126.10796,37.17475],[126.11457,37.17942],[126.11462,37.18223],[126.11259,37.18328],[126.11016,37.17955],[126.10575,37.17934],[126.10063,37.18633]]],[[[126.21927,37.18707],[126.21989,37.18895],[126.21556,37.18896],[126.21386,37.18425],[126.22046,37.17809],[126.22351,37.1796],[126.22835,37.17747],[126.23289,37.17916],[126.2414,37.17628],[126.24034,37.18046],[126.2493,37.183],[126.24026,37.18663],[126.22697,37.18802],[126.22602,37.18401],[126.2223,37.18215],[126.21831,37.18424],[126.21927,37.18707]]],[[[126.2962,37.18606],[126.295,37.18409],[126.29697,37.18345],[126.29821,37.1852],[126.2962,37.18606]]],[[[126.11449,37.1859],[126.11551,37.18495],[126.11693,37.1848],[126.11572,37.18609],[126.11449,37.1859]]],[[[126.21111,37.19148],[126.21216,37.19044],[126.21536,37.19072],[126.21242,37.19304],[126.21111,37.19148]]],[[[126.11022,37.19822],[126.10993,37.1969],[126.11179,37.19617],[126.11248,37.1981],[126.11022,37.19822]]],[[[126.10376,37.20815],[126.10324,37.20632],[126.10543,37.20597],[126.10582,37.2077],[126.10376,37.20815]]],[[[126.17986,37.218],[126.17314,37.2221],[126.16992,37.22923],[126.16429,37.22407],[126.15846,37.22442],[126.16146,37.22176],[126.15964,37.21823],[126.16255,37.21307],[126.16112,37.21073],[126.16847,37.21133],[126.16955,37.20879],[126.17461,37.21221],[126.17748,37.21116],[126.17937,37.20039],[126.18345,37.19317],[126.18458,37.19993],[126.19192,37.20935],[126.1826,37.2094],[126.17986,37.218]]],[[[126.18931,37.21831],[126.19116,37.21683],[126.19342,37.21622],[126.19172,37.21862],[126.18931,37.21831]]],[[[126.18688,37.2211],[126.18589,37.21938],[126.18663,37.21884],[126.18718,37.21891],[126.18688,37.2211]]],[[[126.11085,37.27131],[126.10987,37.27363],[126.10468,37.27452],[126.10006,37.27216],[126.10238,37.26868],[126.10167,37.26505],[126.098,37.26215],[126.09536,37.25355],[126.08948,37.2473],[126.08942,37.23953],[126.09179,37.23656],[126.09126,37.2299],[126.08967,37.22636],[126.08376,37.22164],[126.0891,37.22029],[126.09502,37.22526],[126.09695,37.22994],[126.10302,37.22975],[126.10465,37.22685],[126.10017,37.22204],[126.10455,37.21945],[126.11262,37.22233],[126.11588,37.21622],[126.11061,37.21332],[126.11736,37.20929],[126.12678,37.21259],[126.14211,37.21428],[126.14317,37.20933],[126.13769,37.20672],[126.13255,37.20114],[126.13646,37.20082],[126.13692,37.19558],[126.14078,37.1963],[126.14326,37.19889],[126.14002,37.20322],[126.15201,37.20495],[126.15249,37.20739],[126.15762,37.20957],[126.15446,37.21081],[126.158,37.21458],[126.15728,37.21604],[126.1529,37.21766],[126.14812,37.2168],[126.14659,37.21952],[126.14913,37.22303],[126.15407,37.22213],[126.15556,37.22694],[126.16274,37.22873],[126.16618,37.23258],[126.15186,37.23921],[126.14339,37.23883],[126.1429,37.24002],[126.14569,37.24056],[126.14531,37.24293],[126.14271,37.24158],[126.13955,37.24299],[126.13727,37.24689],[126.1311,37.2481],[126.12865,37.25181],[126.12472,37.25182],[126.12067,37.24736],[126.1185,37.24828],[126.11709,37.25099],[126.11892,37.25801],[126.1117,37.25844],[126.10979,37.26598],[126.11085,37.27131]]],[[[126.08862,37.26456],[126.0876,37.26184],[126.09132,37.2632],[126.09054,37.26508],[126.08862,37.26456]]],[[[126.08722,37.27678],[126.08717,37.27554],[126.09244,37.2754],[126.09728,37.27681],[126.09846,37.2791],[126.08433,37.28934],[126.07522,37.28966],[126.07547,37.28456],[126.08569,37.2807],[126.08722,37.27678]]],[[[126.27165,37.31918],[126.27111,37.31627],[126.27661,37.31384],[126.2736,37.31918],[126.27165,37.31918]]],[[[126.26402,37.32704],[126.26564,37.32606],[126.2701,37.33152],[126.26749,37.33142],[126.26402,37.32704]]],[[[126.27656,37.54403],[126.27625,37.546],[126.27028,37.54874],[126.26476,37.54665],[126.26463,37.54569],[126.27656,37.54403]]],[[[126.25806,37.5568],[126.26072,37.55079],[126.26608,37.55199],[126.25925,37.55747],[126.25806,37.5568]]],[[[126.31851,37.15347],[126.31794,37.15208],[126.32241,37.15065],[126.3248,37.15308],[126.32334,37.15482],[126.31851,37.15347]]],[[[126.30477,37.17232],[126.29645,37.17362],[126.29474,37.17607],[126.28955,37.17468],[126.29021,37.17061],[126.29497,37.1681],[126.29463,37.16459],[126.30441,37.16327],[126.30685,37.15789],[126.31276,37.15832],[126.31592,37.16052],[126.32045,37.15814],[126.3259,37.16127],[126.31215,37.17227],[126.30729,37.1711],[126.30477,37.17232]]],[[[126.36865,37.18869],[126.36672,37.18859],[126.36674,37.18732],[126.36904,37.18743],[126.36865,37.18869]]],[[[126.36903,37.19371],[126.3686,37.19226],[126.37005,37.19203],[126.37026,37.1928],[126.36903,37.19371]]],[[[126.362,37.20438],[126.36037,37.20439],[126.36,37.20323],[126.36178,37.20271],[126.362,37.20438]]],[[[126.43568,37.20822],[126.43697,37.20662],[126.43852,37.20673],[126.43806,37.20851],[126.43568,37.20822]]],[[[126.36286,37.21368],[126.36285,37.20977],[126.36718,37.21039],[126.36692,37.21139],[126.36286,37.21368]]],[[[126.30977,37.21433],[126.30921,37.21211],[126.31173,37.21142],[126.32113,37.21368],[126.31616,37.22298],[126.30977,37.21433]]],[[[126.39057,37.21959],[126.39226,37.21844],[126.39503,37.21901],[126.39442,37.21979],[126.39057,37.21959]]],[[[126.38549,37.22309],[126.38459,37.21977],[126.38747,37.21943],[126.3864,37.22278],[126.38549,37.22309]]],[[[126.51118,37.23194],[126.5138,37.22767],[126.51919,37.2322],[126.51516,37.23478],[126.51118,37.23194]]],[[[126.39226,37.24175],[126.40003,37.24223],[126.39347,37.24508],[126.39062,37.24225],[126.38515,37.24104],[126.39226,37.24175]]],[[[126.52822,37.24954],[126.52959,37.25214],[126.52153,37.25799],[126.52202,37.25964],[126.51441,37.25719],[126.51234,37.25467],[126.51514,37.2505],[126.52136,37.24966],[126.52548,37.24548],[126.52567,37.23888],[126.52385,37.23546],[126.53224,37.23194],[126.53941,37.23203],[126.54061,37.23379],[126.53441,37.23893],[126.53127,37.24565],[126.52724,37.24801],[126.52822,37.24954]]],[[[126.48159,37.28126],[126.47483,37.2827],[126.47066,37.28568],[126.47063,37.28776],[126.46648,37.28407],[126.45156,37.28228],[126.45038,37.27963],[126.4537,37.27768],[126.44745,37.27193],[126.43377,37.27432],[126.43386,37.26883],[126.43622,37.26598],[126.4278,37.26225],[126.43277,37.25986],[126.435,37.25445],[126.43559,37.24725],[126.43146,37.24723],[126.43156,37.23303],[126.45263,37.22901],[126.45702,37.22418],[126.45954,37.22386],[126.45898,37.22607],[126.46865,37.23225],[126.4704,37.23827],[126.48304,37.24195],[126.48073,37.2443],[126.48286,37.2492],[126.47678,37.25364],[126.48238,37.25487],[126.48582,37.25008],[126.48916,37.2503],[126.48663,37.25755],[126.48891,37.25965],[126.49541,37.25641],[126.49564,37.25317],[126.50048,37.25464],[126.50163,37.25826],[126.49682,37.26381],[126.4943,37.27143],[126.4974,37.27709],[126.487,37.2826],[126.48159,37.28126]]],[[[126.30342,37.26575],[126.28922,37.26758],[126.28882,37.27131],[126.28666,37.27231],[126.2834,37.27094],[126.28218,37.26396],[126.27793,37.26306],[126.28085,37.25861],[126.28665,37.25999],[126.29145,37.25603],[126.29426,37.25615],[126.29694,37.25191],[126.30547,37.25265],[126.30978,37.24613],[126.31156,37.24617],[126.31066,37.24885],[126.31566,37.24854],[126.3184,37.24403],[126.32317,37.24709],[126.33134,37.24538],[126.3429,37.25],[126.34899,37.2593],[126.34048,37.26334],[126.33506,37.26309],[126.33372,37.26143],[126.33485,37.25672],[126.33143,37.25544],[126.32852,37.26069],[126.32806,37.25749],[126.32549,37.25724],[126.31536,37.26254],[126.30718,37.26297],[126.30342,37.26575]]],[[[126.33267,37.50188],[126.33306,37.50318],[126.33071,37.50321],[126.32606,37.50111],[126.32849,37.49962],[126.33267,37.50188]]],[[[126.30796,37.50194],[126.30508,37.5036],[126.30263,37.50094],[126.30326,37.49997],[126.30796,37.50194]]],[[[126.32123,37.51331],[126.32275,37.50937],[126.32455,37.51091],[126.32401,37.51361],[126.32123,37.51331]]],[[[126.42499,37.51881],[126.4244,37.51647],[126.42675,37.51634],[126.42631,37.51857],[126.42499,37.51881]]],[[[126.41989,37.51819],[126.42072,37.5187],[126.42145,37.51984],[126.41771,37.51859],[126.41989,37.51819]]],[[[126.47334,37.52831],[126.47251,37.53755],[126.46623,37.53907],[126.4614,37.54446],[126.45698,37.54453],[126.45469,37.53789],[126.44904,37.53352],[126.44364,37.53406],[126.43845,37.53071],[126.43246,37.52451],[126.4292,37.51789],[126.43038,37.51643],[126.43444,37.51755],[126.43943,37.51394],[126.43982,37.51606],[126.44993,37.51648],[126.45091,37.51891],[126.45307,37.51894],[126.45983,37.51635],[126.46347,37.5111],[126.47064,37.51178],[126.46776,37.51523],[126.47077,37.52229],[126.46689,37.52475],[126.46709,37.52782],[126.47334,37.52831]]],[[[126.40114,37.53092],[126.40807,37.52594],[126.41242,37.52696],[126.41224,37.53447],[126.41509,37.53592],[126.414,37.54022],[126.40372,37.53579],[126.40114,37.53092]]],[[[126.39786,37.53309],[126.3966,37.53482],[126.39441,37.53442],[126.39577,37.53245],[126.39786,37.53309]]],[[[126.43989,37.54592],[126.43288,37.54447],[126.42715,37.5486],[126.42398,37.54666],[126.42018,37.5378],[126.42203,37.53317],[126.41518,37.52221],[126.4258,37.52145],[126.42888,37.52349],[126.42669,37.52575],[126.43163,37.53101],[126.43478,37.54254],[126.44189,37.54458],[126.43989,37.54592]]],[[[126.33653,37.55214],[126.32855,37.55087],[126.31972,37.55615],[126.30736,37.56025],[126.30898,37.55609],[126.32881,37.54107],[126.32984,37.53614],[126.32823,37.52778],[126.32508,37.52506],[126.32663,37.52169],[126.3298,37.52551],[126.33531,37.52675],[126.33434,37.52903],[126.33584,37.53034],[126.33996,37.52946],[126.33991,37.52621],[126.34167,37.52558],[126.34365,37.52793],[126.36067,37.53067],[126.38205,37.52736],[126.384,37.53076],[126.38404,37.53926],[126.36485,37.53489],[126.35382,37.53538],[126.34514,37.53869],[126.33653,37.55214]]]]}},{"id":"feature_164","type":"Feature","properties":{"시도":"인천광역시","시군구":"중구"},"geometry":{"type":"MultiPolygon","coordinates":[[[[126.5131,37.35946],[126.50993,37.35951],[126.50983,37.35734],[126.51267,37.35716],[126.5131,37.35946]]],[[[126.43971,37.36044],[126.44123,37.36015],[126.44222,37.36154],[126.43961,37.36191],[126.43971,37.36044]]],[[[126.4404,37.37088],[126.44583,37.37073],[126.44634,37.37502],[126.44128,37.37419],[126.4404,37.37088]]],[[[126.41433,37.40685],[126.414,37.40927],[126.408,37.41334],[126.40238,37.40969],[126.4046,37.40708],[126.40111,37.4026],[126.40059,37.39657],[126.3967,37.39405],[126.39644,37.39122],[126.40427,37.39146],[126.40735,37.38812],[126.40912,37.37651],[126.40706,37.37272],[126.41322,37.36625],[126.41772,37.36527],[126.43352,37.3685],[126.43497,37.37033],[126.43352,37.37419],[126.43947,37.37574],[126.44049,37.37823],[126.43519,37.38171],[126.44123,37.38127],[126.44175,37.38437],[126.42988,37.39124],[126.42314,37.39808],[126.42248,37.40154],[126.41461,37.40349],[126.41433,37.40685]]],[[[126.38922,37.39633],[126.39075,37.39586],[126.3969,37.40196],[126.39662,37.40508],[126.38949,37.40267],[126.38922,37.39633]]],[[[126.44136,37.40546],[126.43632,37.4062],[126.43248,37.40452],[126.4406,37.40347],[126.44136,37.40546]]],[[[126.41633,37.41971],[126.41223,37.42022],[126.41212,37.41682],[126.41654,37.41666],[126.41633,37.41971]]],[[[126.42124,37.42106],[126.4277,37.42295],[126.44262,37.42114],[126.47791,37.44084],[126.49616,37.44821],[126.50735,37.46581],[126.52115,37.46914],[126.53731,37.47583],[126.55037,37.47639],[126.56484,37.47962],[126.57648,37.48835],[126.58234,37.48975],[126.58285,37.49158],[126.57949,37.49224],[126.57668,37.50373],[126.56911,37.5078],[126.56433,37.51446],[126.54389,37.52361],[126.52634,37.52737],[126.52091,37.53393],[126.51378,37.53498],[126.49839,37.53185],[126.49535,37.52647],[126.49407,37.5162],[126.49046,37.5099],[126.48299,37.5042],[126.4701,37.50287],[126.46454,37.49947],[126.43217,37.50392],[126.37342,37.47213],[126.36472,37.47469],[126.35929,37.47321],[126.35896,37.47065],[126.35625,37.46957],[126.35658,37.4626],[126.36106,37.45726],[126.36849,37.45628],[126.37221,37.44688],[126.37186,37.44436],[126.36777,37.44434],[126.36409,37.44165],[126.37646,37.4412],[126.38096,37.43462],[126.38216,37.43578],[126.38055,37.43907],[126.38969,37.44076],[126.3906,37.44353],[126.39529,37.44609],[126.404,37.43974],[126.39968,37.43408],[126.40161,37.4331],[126.40621,37.43802],[126.40931,37.43796],[126.41558,37.43247],[126.41946,37.4218],[126.42124,37.42106]]],[[[126.48632,37.51644],[126.48778,37.51547],[126.48972,37.51716],[126.48652,37.51715],[126.48632,37.51644]]],[[[126.61677,37.48359],[126.61274,37.48237],[126.61365,37.47889],[126.612,37.48214],[126.6051,37.48017],[126.60457,37.4813],[126.60985,37.48294],[126.60808,37.48682],[126.60624,37.4863],[126.59767,37.47734],[126.59582,37.4706],[126.6,37.4661],[126.60557,37.46624],[126.60993,37.46916],[126.60705,37.47561],[126.61112,37.47392],[126.60998,37.47636],[126.61234,37.47701],[126.61625,37.46992],[126.61419,37.46778],[126.6142,37.46409],[126.625,37.45907],[126.62432,37.45796],[126.61219,37.46243],[126.60336,37.46016],[126.60483,37.46455],[126.59967,37.4655],[126.59317,37.46372],[126.59258,37.45772],[126.59471,37.45649],[126.59997,37.45916],[126.6018,37.45726],[126.5933,37.45493],[126.59634,37.45118],[126.59288,37.4506],[126.59294,37.44132],[126.59642,37.44134],[126.59712,37.43839],[126.60099,37.43837],[126.61064,37.45349],[126.61291,37.45268],[126.60983,37.44766],[126.61818,37.44437],[126.6166,37.44179],[126.6106,37.44431],[126.60814,37.44063],[126.61419,37.43773],[126.61087,37.42992],[126.63468,37.431],[126.62917,37.45226],[126.64215,37.46504],[126.64279,37.46849],[126.62802,37.47943],[126.62035,37.48066],[126.61677,37.48359]]],[[[126.58575,37.49683],[126.59201,37.49679],[126.58891,37.49894],[126.58531,37.49809],[126.58575,37.49683]]],[[[126.57758,37.52592],[126.58042,37.52563],[126.57483,37.53024],[126.57184,37.5293],[126.57208,37.52864],[126.57758,37.52592]]],[[[126.57353,37.53536],[126.57529,37.53442],[126.57585,37.53609],[126.57437,37.53648],[126.57353,37.53536]]],[[[126.57169,37.54021],[126.57571,37.53719],[126.57807,37.54087],[126.57535,37.54277],[126.57169,37.54021]]],[[[126.57719,37.54709],[126.57902,37.54471],[126.5799,37.54455],[126.57883,37.54737],[126.57719,37.54709]]],[[[126.58659,37.5498],[126.58403,37.54856],[126.58747,37.54457],[126.59035,37.54773],[126.58659,37.5498]]]]}},{"id":"feature_165","type":"Feature","properties":{"시도":"전남광주","시군구":"강진군"},"geometry":{"type":"MultiPolygon","coordinates":[[[[126.74996,34.45001],[126.75315,34.45019],[126.75318,34.45086],[126.75079,34.45143],[126.74996,34.45001]]],[[[126.73485,34.45462],[126.74819,34.47189],[126.75358,34.47157],[126.75398,34.47507],[126.74944,34.47299],[126.7472,34.47809],[126.74119,34.48036],[126.73846,34.486],[126.75154,34.49178],[126.76067,34.49119],[126.75806,34.49376],[126.75864,34.49547],[126.76608,34.49835],[126.76607,34.50092],[126.76168,34.50286],[126.75905,34.52604],[126.7733,34.52537],[126.77301,34.52881],[126.76552,34.5305],[126.76411,34.5338],[126.76573,34.53718],[126.76427,34.54026],[126.76841,34.54169],[126.76464,34.5456],[126.76848,34.55488],[126.76576,34.56305],[126.76942,34.59254],[126.77163,34.59673],[126.77004,34.61603],[126.77896,34.62372],[126.78251,34.63307],[126.77835,34.61758],[126.77914,34.60391],[126.78184,34.59785],[126.77762,34.59496],[126.78038,34.59018],[126.78854,34.58644],[126.78984,34.5816],[126.78565,34.57706],[126.79385,34.56761],[126.79372,34.56486],[126.78951,34.56083],[126.78867,34.5584],[126.79133,34.55755],[126.78879,34.55372],[126.79133,34.5475],[126.79523,34.54713],[126.79028,34.54075],[126.79132,34.52859],[126.78656,34.51248],[126.79152,34.50995],[126.79182,34.48886],[126.79504,34.48837],[126.79693,34.48039],[126.78728,34.47742],[126.78502,34.4692],[126.79131,34.4664],[126.80116,34.4688],[126.8087,34.46811],[126.80432,34.45876],[126.80727,34.45408],[126.8067,34.45044],[126.81063,34.45478],[126.81797,34.44902],[126.8294,34.44762],[126.83911,34.45306],[126.83876,34.44987],[126.84253,34.44805],[126.84512,34.45134],[126.85147,34.45912],[126.85429,34.4742],[126.85021,34.47837],[126.85195,34.48154],[126.85029,34.49526],[126.84396,34.50602],[126.85179,34.51683],[126.8552,34.51876],[126.85848,34.52791],[126.86456,34.52898],[126.86641,34.53249],[126.87706,34.53979],[126.88185,34.54027],[126.88581,34.54445],[126.88455,34.54734],[126.87621,34.55196],[126.87658,34.56072],[126.87903,34.56542],[126.87605,34.57335],[126.87808,34.57578],[126.86972,34.58297],[126.86585,34.591],[126.86816,34.59453],[126.85605,34.59991],[126.85351,34.60477],[126.85385,34.61548],[126.84973,34.61867],[126.85826,34.62398],[126.8692,34.61987],[126.87463,34.62002],[126.87912,34.62629],[126.87142,34.63372],[126.8706,34.64006],[126.87388,34.64716],[126.87036,34.64675],[126.87399,34.65279],[126.86556,34.66042],[126.86815,34.66908],[126.86369,34.6721],[126.86059,34.67785],[126.85587,34.67884],[126.85689,34.68399],[126.85352,34.69168],[126.85466,34.69992],[126.84833,34.70772],[126.84873,34.71401],[126.84679,34.71694],[126.84856,34.72025],[126.85248,34.72077],[126.85228,34.72264],[126.84188,34.72577],[126.84018,34.73374],[126.83148,34.73718],[126.82537,34.74387],[126.82216,34.75324],[126.81855,34.75751],[126.81997,34.75958],[126.81909,34.76307],[126.81418,34.76748],[126.81719,34.77209],[126.81702,34.7767],[126.81298,34.78043],[126.81009,34.77825],[126.80059,34.77711],[126.79587,34.7805],[126.78422,34.78074],[126.78272,34.78647],[126.78054,34.78771],[126.77548,34.78544],[126.77009,34.78581],[126.76999,34.78398],[126.7649,34.7817],[126.7621,34.77057],[126.75884,34.77032],[126.75389,34.76555],[126.74976,34.76431],[126.74652,34.75744],[126.73794,34.75623],[126.72914,34.76111],[126.72409,34.75908],[126.71804,34.76108],[126.71516,34.76008],[126.71028,34.76346],[126.70983,34.76568],[126.70486,34.76689],[126.69217,34.75528],[126.68453,34.75243],[126.68053,34.7534],[126.67027,34.74101],[126.65597,34.73152],[126.66263,34.72784],[126.66498,34.72243],[126.67421,34.7231],[126.67936,34.72067],[126.68139,34.71304],[126.67246,34.70728],[126.67533,34.70165],[126.67006,34.69101],[126.67432,34.6864],[126.67782,34.68536],[126.68151,34.68703],[126.69209,34.68587],[126.69606,34.6832],[126.70142,34.68415],[126.70566,34.6817],[126.70236,34.67479],[126.69849,34.67248],[126.70194,34.66237],[126.69544,34.66143],[126.69211,34.65803],[126.6963,34.65398],[126.69724,34.64996],[126.69018,34.64502],[126.6883,34.63886],[126.68443,34.63685],[126.68233,34.6327],[126.69332,34.62849],[126.69805,34.63015],[126.69876,34.62789],[126.69248,34.6227],[126.6884,34.60712],[126.67571,34.59853],[126.67177,34.59227],[126.67569,34.58784],[126.67992,34.58623],[126.68299,34.576],[126.69509,34.56387],[126.69274,34.55631],[126.68263,34.54443],[126.67427,34.53976],[126.66757,34.53876],[126.6685,34.53501],[126.67442,34.53134],[126.68325,34.53006],[126.68627,34.52433],[126.68032,34.51593],[126.68145,34.51114],[126.68637,34.50917],[126.68577,34.49302],[126.68284,34.48995],[126.6839,34.48262],[126.68237,34.47384],[126.68414,34.46962],[126.6897,34.46808],[126.69183,34.47033],[126.69795,34.47115],[126.71693,34.47048],[126.72363,34.46152],[126.73485,34.45462]]],[[[126.78177,34.5305],[126.78514,34.53299],[126.78487,34.53501],[126.777,34.53814],[126.77822,34.53254],[126.78177,34.5305]]],[[[126.78871,34.46079],[126.79026,34.46103],[126.79292,34.46391],[126.79066,34.46379],[126.78871,34.46079]]]]}},{"id":"feature_166","type":"Feature","properties":{"시도":"전남광주","시군구":"고흥군"},"geometry":{"type":"MultiPolygon","coordinates":[[[[127.27603,34.38085],[127.27693,34.3789],[127.27902,34.38115],[127.27803,34.38188],[127.27603,34.38085]]],[[[127.25146,34.4129],[127.25071,34.41478],[127.24596,34.41407],[127.24124,34.41699],[127.24048,34.41517],[127.24363,34.41268],[127.23571,34.41137],[127.24488,34.41047],[127.24551,34.40845],[127.24034,34.40653],[127.25344,34.40311],[127.25333,34.39533],[127.24632,34.39356],[127.25126,34.38966],[127.24768,34.39038],[127.24757,34.38754],[127.25713,34.38242],[127.27239,34.38094],[127.27005,34.38459],[127.27476,34.38544],[127.27092,34.38648],[127.27084,34.39107],[127.26775,34.39139],[127.26389,34.39769],[127.25952,34.39669],[127.26394,34.3969],[127.26574,34.39409],[127.25932,34.3955],[127.25867,34.39821],[127.26033,34.40118],[127.25706,34.40718],[127.24794,34.40976],[127.25146,34.4129]]],[[[127.21189,34.41981],[127.21263,34.41737],[127.21549,34.41866],[127.21366,34.42084],[127.21189,34.41981]]],[[[127.12202,34.42158],[127.12431,34.42128],[127.12356,34.42515],[127.12229,34.42451],[127.12202,34.42158]]],[[[127.22708,34.43096],[127.22729,34.42891],[127.2297,34.43159],[127.22894,34.43198],[127.22708,34.43096]]],[[[127.22355,34.4411],[127.22669,34.43921],[127.22647,34.44217],[127.22848,34.44332],[127.22423,34.44218],[127.22355,34.4411]]],[[[127.09197,34.44205],[127.09388,34.44122],[127.09455,34.44351],[127.09232,34.44313],[127.09197,34.44205]]],[[[127.28231,34.45491],[127.28359,34.45346],[127.28452,34.45412],[127.2839,34.45582],[127.28231,34.45491]]],[[[127.233,34.48046],[127.23138,34.48575],[127.22098,34.49532],[127.21619,34.49635],[127.21124,34.4949],[127.19919,34.48816],[127.19589,34.48913],[127.19586,34.49268],[127.18937,34.49363],[127.18943,34.49508],[127.18227,34.49068],[127.17648,34.49176],[127.17608,34.48972],[127.16451,34.48303],[127.16191,34.47959],[127.1572,34.47882],[127.1482,34.48141],[127.14606,34.47549],[127.13679,34.47354],[127.13701,34.47972],[127.1326,34.47796],[127.12793,34.47947],[127.12384,34.48614],[127.12444,34.49059],[127.12057,34.49038],[127.11744,34.48759],[127.11467,34.49036],[127.11038,34.48538],[127.11661,34.48311],[127.11407,34.47749],[127.10667,34.47566],[127.10685,34.47236],[127.10305,34.4699],[127.09593,34.47426],[127.09272,34.4706],[127.09636,34.46862],[127.09827,34.46613],[127.09791,34.46238],[127.10021,34.46267],[127.10599,34.45504],[127.10077,34.44934],[127.09905,34.44341],[127.10197,34.44146],[127.10747,34.442],[127.10908,34.44773],[127.11515,34.44805],[127.11751,34.44548],[127.11531,34.44315],[127.11544,34.43942],[127.12374,34.4365],[127.12479,34.43145],[127.13692,34.42852],[127.14163,34.42063],[127.14409,34.42268],[127.14269,34.42728],[127.14492,34.42898],[127.15405,34.43114],[127.1578,34.42829],[127.16257,34.42837],[127.16209,34.43272],[127.16632,34.43525],[127.18843,34.43053],[127.20807,34.42942],[127.21168,34.43111],[127.22027,34.44301],[127.22224,34.45503],[127.23031,34.46348],[127.22976,34.47135],[127.23228,34.47358],[127.23893,34.47393],[127.23894,34.47655],[127.233,34.48046]]],[[[127.09095,34.46432],[127.08454,34.46561],[127.08143,34.46379],[127.08244,34.46119],[127.08473,34.46313],[127.08922,34.46152],[127.08803,34.45267],[127.09031,34.45161],[127.09357,34.46314],[127.09095,34.46432]]],[[[127.23313,34.49616],[127.23147,34.49434],[127.23501,34.4921],[127.23625,34.49503],[127.23313,34.49616]]],[[[127.14942,34.49695],[127.14584,34.49862],[127.1455,34.49492],[127.14839,34.49465],[127.14942,34.49695]]],[[[127.26795,34.49843],[127.26916,34.49686],[127.2717,34.49662],[127.27108,34.49917],[127.26795,34.49843]]],[[[127.14704,34.50315],[127.148,34.50085],[127.15011,34.50218],[127.14817,34.50515],[127.14704,34.50315]]],[[[127.13832,34.51783],[127.13149,34.52345],[127.12714,34.52412],[127.12294,34.51978],[127.12565,34.51616],[127.12082,34.5127],[127.11807,34.5171],[127.11891,34.51906],[127.11144,34.52243],[127.10731,34.51988],[127.11062,34.51888],[127.10996,34.51572],[127.10765,34.51504],[127.10594,34.51816],[127.09968,34.51385],[127.09721,34.50938],[127.10938,34.50882],[127.1125,34.50538],[127.11251,34.50267],[127.11569,34.5023],[127.11959,34.50387],[127.12047,34.50734],[127.13104,34.50579],[127.13396,34.51475],[127.13832,34.51783]]],[[[127.16045,34.51793],[127.1645,34.51926],[127.16486,34.52158],[127.16166,34.51954],[127.15891,34.52026],[127.16045,34.51793]]],[[[127.24398,34.77497],[127.24495,34.76672],[127.24349,34.761],[127.23745,34.75923],[127.24628,34.76077],[127.24535,34.75769],[127.25196,34.74807],[127.25241,34.74176],[127.2603,34.73253],[127.26426,34.73186],[127.272,34.74159],[127.27884,34.73796],[127.27753,34.73397],[127.28585,34.73593],[127.2892,34.73103],[127.29269,34.73064],[127.29724,34.7424],[127.30168,34.74416],[127.30357,34.74959],[127.31534,34.75295],[127.32691,34.75158],[127.32844,34.72788],[127.33255,34.7148],[127.33859,34.71316],[127.3431,34.71601],[127.34398,34.7095],[127.33191,34.70706],[127.33078,34.7009],[127.32599,34.69245],[127.32697,34.68947],[127.31726,34.68171],[127.32016,34.67864],[127.31847,34.67306],[127.31963,34.67197],[127.31465,34.66521],[127.29739,34.66914],[127.28663,34.66751],[127.28622,34.67049],[127.27948,34.67299],[127.27814,34.67778],[127.28118,34.67753],[127.28056,34.68682],[127.28643,34.69109],[127.28538,34.6945],[127.28703,34.696],[127.28518,34.69916],[127.28017,34.69968],[127.28187,34.70081],[127.28213,34.70602],[127.28043,34.71076],[127.27716,34.71168],[127.2809,34.71867],[127.27498,34.71974],[127.27395,34.71597],[127.2689,34.71234],[127.26239,34.71586],[127.25864,34.71242],[127.25129,34.71197],[127.25124,34.70862],[127.25389,34.70751],[127.2534,34.70493],[127.25163,34.70398],[127.24874,34.70666],[127.24608,34.70567],[127.24764,34.7022],[127.24077,34.70057],[127.23936,34.69811],[127.24147,34.69341],[127.23654,34.69285],[127.23862,34.68868],[127.24106,34.68896],[127.24367,34.68505],[127.24101,34.68146],[127.23429,34.68055],[127.23264,34.67855],[127.22746,34.65758],[127.2276,34.64352],[127.22414,34.63587],[127.22207,34.63353],[127.20755,34.62873],[127.20181,34.59702],[127.20517,34.59424],[127.21321,34.59357],[127.22614,34.58463],[127.2162,34.59108],[127.20413,34.59273],[127.19796,34.59671],[127.20184,34.6175],[127.20294,34.6383],[127.19625,34.65172],[127.19524,34.64524],[127.1896,34.64366],[127.17853,34.6301],[127.17244,34.62706],[127.17105,34.62354],[127.17339,34.62102],[127.1709,34.61493],[127.17243,34.60637],[127.16731,34.6025],[127.17081,34.59452],[127.16456,34.59096],[127.15955,34.59123],[127.15032,34.59421],[127.15065,34.59851],[127.14847,34.60066],[127.1423,34.58992],[127.14511,34.58627],[127.14431,34.58399],[127.13777,34.57917],[127.13273,34.57826],[127.13568,34.57355],[127.12836,34.57325],[127.11322,34.55933],[127.11475,34.55639],[127.11214,34.54617],[127.12125,34.54091],[127.12113,34.53013],[127.13406,34.52664],[127.13682,34.52298],[127.14287,34.5233],[127.14582,34.52102],[127.14806,34.52105],[127.14838,34.52424],[127.15194,34.52608],[127.15342,34.52388],[127.16648,34.52588],[127.17294,34.52022],[127.17624,34.52416],[127.17375,34.52636],[127.1787,34.53091],[127.19437,34.53237],[127.20714,34.52104],[127.20809,34.51668],[127.21176,34.51641],[127.21108,34.5202],[127.20948,34.52051],[127.20939,34.52673],[127.21254,34.52698],[127.21466,34.52407],[127.21734,34.52875],[127.21591,34.5292],[127.22024,34.53396],[127.22573,34.52578],[127.23336,34.5248],[127.23041,34.51785],[127.23918,34.51747],[127.24526,34.51447],[127.24553,34.52191],[127.25535,34.52048],[127.25933,34.51318],[127.26798,34.51101],[127.27607,34.50273],[127.28088,34.50198],[127.28292,34.49752],[127.27798,34.49526],[127.28269,34.49123],[127.28026,34.49008],[127.27357,34.49253],[127.26903,34.48808],[127.26759,34.48219],[127.27666,34.47821],[127.27771,34.48033],[127.28079,34.48054],[127.2802,34.47864],[127.28758,34.47672],[127.29287,34.47061],[127.30068,34.47027],[127.30132,34.46748],[127.29739,34.46334],[127.30357,34.4643],[127.30454,34.46243],[127.30195,34.45756],[127.30594,34.45835],[127.30841,34.46212],[127.31004,34.46193],[127.31088,34.46058],[127.30876,34.45797],[127.31192,34.45829],[127.31614,34.45386],[127.30569,34.45452],[127.30416,34.45333],[127.30464,34.44968],[127.30926,34.44834],[127.31068,34.44988],[127.31404,34.44779],[127.3143,34.44539],[127.31818,34.44492],[127.31887,34.44212],[127.32764,34.44134],[127.33894,34.44553],[127.34074,34.44896],[127.3382,34.4504],[127.3394,34.45465],[127.33734,34.4573],[127.3269,34.46208],[127.32229,34.46323],[127.3191,34.4616],[127.31696,34.46355],[127.31986,34.46306],[127.32082,34.46483],[127.31911,34.46773],[127.32343,34.47017],[127.33091,34.46751],[127.33272,34.46345],[127.3376,34.46784],[127.33611,34.47091],[127.32739,34.47356],[127.32523,34.47652],[127.33148,34.47567],[127.33401,34.47896],[127.34131,34.48095],[127.33831,34.48314],[127.34138,34.48482],[127.34055,34.48944],[127.34343,34.48758],[127.34402,34.48339],[127.35116,34.48093],[127.35396,34.48376],[127.35405,34.48967],[127.3584,34.49152],[127.36618,34.4868],[127.36549,34.48337],[127.3708,34.47993],[127.37388,34.4808],[127.37807,34.48724],[127.38242,34.47863],[127.38105,34.48251],[127.38335,34.48567],[127.38676,34.48328],[127.39149,34.48854],[127.38498,34.49795],[127.37941,34.50232],[127.38006,34.50377],[127.38567,34.50502],[127.38894,34.50971],[127.39258,34.50902],[127.39182,34.50632],[127.39358,34.50489],[127.404,34.50499],[127.40733,34.51223],[127.40401,34.5152],[127.40569,34.5181],[127.41314,34.51962],[127.41338,34.52141],[127.41831,34.51811],[127.41787,34.51513],[127.42509,34.51394],[127.42537,34.51139],[127.4308,34.5132],[127.42528,34.5173],[127.43128,34.51953],[127.42653,34.52111],[127.42341,34.5293],[127.42696,34.53091],[127.4285,34.53689],[127.43234,34.53713],[127.43478,34.5348],[127.43595,34.5363],[127.43535,34.54],[127.43067,34.54154],[127.4279,34.54007],[127.42658,34.54309],[127.43266,34.54323],[127.43825,34.54868],[127.43281,34.55232],[127.42702,34.54753],[127.42624,34.55095],[127.42958,34.55256],[127.43054,34.55521],[127.42723,34.55508],[127.42626,34.55286],[127.4172,34.55216],[127.41848,34.55469],[127.42342,34.55667],[127.41714,34.55511],[127.415,34.55651],[127.41768,34.55847],[127.41379,34.55872],[127.41099,34.55737],[127.41239,34.55569],[127.41015,34.5555],[127.39653,34.55966],[127.3963,34.56381],[127.40412,34.56875],[127.40669,34.56631],[127.40265,34.56308],[127.40622,34.56074],[127.4134,34.56345],[127.42102,34.56376],[127.42059,34.56718],[127.42786,34.56463],[127.42966,34.56567],[127.42663,34.57085],[127.41994,34.57313],[127.41489,34.56893],[127.40427,34.56915],[127.40366,34.57259],[127.40874,34.57993],[127.40555,34.58051],[127.39913,34.57622],[127.39406,34.5813],[127.39555,34.58695],[127.40099,34.58957],[127.41077,34.58992],[127.41409,34.5849],[127.41882,34.58232],[127.43344,34.5884],[127.43452,34.58525],[127.43301,34.58253],[127.44462,34.57664],[127.45785,34.58452],[127.45642,34.59038],[127.45808,34.59143],[127.46168,34.5908],[127.45933,34.5888],[127.46051,34.58107],[127.4649,34.57824],[127.46905,34.57786],[127.47598,34.57338],[127.47587,34.57807],[127.48085,34.57837],[127.48208,34.57571],[127.48772,34.57364],[127.48869,34.57485],[127.48665,34.57838],[127.48922,34.58226],[127.49663,34.58571],[127.49558,34.58746],[127.49713,34.59017],[127.50226,34.59328],[127.50846,34.59263],[127.50601,34.59468],[127.50626,34.60373],[127.50301,34.61066],[127.49716,34.61551],[127.49885,34.61904],[127.49462,34.62663],[127.49677,34.6321],[127.49254,34.6364],[127.49159,34.63261],[127.48382,34.6369],[127.47455,34.63559],[127.47211,34.63806],[127.46199,34.64068],[127.45916,34.64577],[127.4597,34.64817],[127.46363,34.6492],[127.46752,34.64246],[127.47227,34.6409],[127.4752,34.6418],[127.47336,34.64302],[127.47686,34.64639],[127.48746,34.64213],[127.49208,34.64344],[127.49039,34.6496],[127.4881,34.65147],[127.48133,34.65172],[127.47533,34.65678],[127.47555,34.66249],[127.47273,34.66383],[127.47717,34.66624],[127.4776,34.6719],[127.47237,34.67368],[127.46251,34.67083],[127.46493,34.66564],[127.4716,34.66566],[127.47182,34.66426],[127.46692,34.66494],[127.46682,34.66224],[127.45728,34.66637],[127.45763,34.66916],[127.45319,34.66773],[127.45332,34.66584],[127.44841,34.66222],[127.44559,34.66237],[127.44818,34.66605],[127.44592,34.66787],[127.44947,34.67149],[127.44697,34.67431],[127.44298,34.67555],[127.44016,34.6797],[127.42985,34.67512],[127.42892,34.6765],[127.43346,34.67971],[127.42875,34.68262],[127.42425,34.69144],[127.41068,34.69651],[127.40214,34.70286],[127.42017,34.70143],[127.42509,34.69802],[127.43018,34.69033],[127.43452,34.68932],[127.44358,34.68226],[127.44868,34.68279],[127.4478,34.68757],[127.45326,34.69002],[127.45205,34.69499],[127.44514,34.69692],[127.44484,34.69057],[127.44026,34.69761],[127.43263,34.70172],[127.42598,34.70347],[127.42271,34.70143],[127.41475,34.70695],[127.40661,34.70457],[127.40158,34.70851],[127.39643,34.70713],[127.38717,34.71529],[127.39242,34.7193],[127.38343,34.7226],[127.37903,34.72738],[127.38044,34.72912],[127.3795,34.73399],[127.37538,34.73683],[127.37329,34.74152],[127.38063,34.75057],[127.38917,34.7517],[127.39729,34.75676],[127.40229,34.76662],[127.39298,34.77669],[127.38778,34.77475],[127.37407,34.77799],[127.36884,34.777],[127.36956,34.77873],[127.37432,34.77982],[127.38667,34.77905],[127.38642,34.7828],[127.38867,34.78528],[127.39343,34.78346],[127.38991,34.78642],[127.39108,34.78999],[127.3866,34.79133],[127.38711,34.79692],[127.38368,34.80227],[127.37803,34.80616],[127.37267,34.80632],[127.36427,34.81661],[127.3573,34.81677],[127.35481,34.81877],[127.35273,34.82526],[127.34717,34.82514],[127.34067,34.82784],[127.33781,34.82455],[127.3276,34.82239],[127.31926,34.81087],[127.30705,34.81094],[127.30091,34.80901],[127.29102,34.8108],[127.27643,34.79227],[127.27164,34.79263],[127.26272,34.78751],[127.24833,34.78952],[127.24743,34.77969],[127.24398,34.77497]]],[[[127.12646,34.58439],[127.12615,34.58284],[127.12866,34.58362],[127.12746,34.58488],[127.12646,34.58439]]],[[[127.10942,34.59605],[127.11118,34.59643],[127.10701,34.60473],[127.09701,34.61251],[127.08884,34.60453],[127.09127,34.59585],[127.09794,34.59485],[127.10155,34.59822],[127.10942,34.59605]]],[[[127.32958,34.43258],[127.32775,34.43458],[127.31965,34.43634],[127.32053,34.43106],[127.32187,34.4332],[127.32958,34.43258]]],[[[127.32929,34.43629],[127.32861,34.43489],[127.33185,34.43458],[127.33091,34.43658],[127.32929,34.43629]]],[[[127.30811,34.43923],[127.30976,34.44236],[127.30139,34.44281],[127.29696,34.43758],[127.30378,34.43592],[127.30225,34.43317],[127.30651,34.43004],[127.31245,34.43321],[127.31549,34.44129],[127.30811,34.43923]]],[[[127.29254,34.43881],[127.29158,34.43617],[127.29629,34.43711],[127.29596,34.43957],[127.29254,34.43881]]],[[[127.30321,34.445],[127.30438,34.44321],[127.30715,34.44358],[127.30615,34.44531],[127.30321,34.445]]],[[[127.29592,34.44694],[127.29477,34.44903],[127.29089,34.44843],[127.289,34.44072],[127.29082,34.44114],[127.29592,34.44694]]],[[[127.39763,34.47754],[127.40359,34.47455],[127.40756,34.47794],[127.40486,34.48138],[127.40171,34.48201],[127.39714,34.47956],[127.39763,34.47754]]],[[[127.34643,34.47873],[127.34941,34.47744],[127.35037,34.47994],[127.34839,34.48096],[127.34643,34.47873]]],[[[127.39374,34.49299],[127.39759,34.48954],[127.39961,34.49025],[127.39677,34.49361],[127.39374,34.49299]]],[[[127.42472,34.57801],[127.42508,34.58098],[127.41682,34.58255],[127.41446,34.57852],[127.41909,34.57818],[127.42312,34.57501],[127.42472,34.57801]]],[[[127.31994,34.69054],[127.31934,34.68896],[127.3222,34.68868],[127.32153,34.69079],[127.31994,34.69054]]],[[[127.41544,34.71032],[127.42192,34.71231],[127.41635,34.71434],[127.41306,34.71235],[127.41225,34.7094],[127.41544,34.71032]]],[[[127.39988,34.72274],[127.39581,34.7249],[127.39427,34.72238],[127.39749,34.72057],[127.39988,34.72274]]],[[[127.3159,34.72383],[127.31372,34.7272],[127.30768,34.72757],[127.30522,34.72124],[127.31243,34.7186],[127.3159,34.72383]]],[[[127.30021,34.72701],[127.30087,34.72572],[127.3041,34.72714],[127.3022,34.72836],[127.30021,34.72701]]],[[[127.30675,34.73361],[127.30809,34.73208],[127.30951,34.73322],[127.30833,34.73457],[127.30675,34.73361]]],[[[127.30998,34.73552],[127.30974,34.73736],[127.3075,34.73714],[127.30921,34.73515],[127.30998,34.73552]]],[[[127.31174,34.73726],[127.31333,34.73671],[127.31435,34.7376],[127.31266,34.7392],[127.31174,34.73726]]],[[[127.49682,34.39794],[127.49429,34.40001],[127.49242,34.39973],[127.49251,34.3993],[127.49682,34.39794]]],[[[127.546,34.4433],[127.54216,34.44433],[127.53951,34.44146],[127.54674,34.44236],[127.546,34.4433]]],[[[127.46459,34.47256],[127.46342,34.47178],[127.45727,34.47649],[127.45438,34.47556],[127.45195,34.46879],[127.45433,34.45595],[127.45812,34.45228],[127.45349,34.45006],[127.45245,34.452],[127.44962,34.44894],[127.45189,34.4463],[127.46465,34.45265],[127.46691,34.45025],[127.47259,34.45246],[127.48369,34.44721],[127.48462,34.44565],[127.48226,34.44249],[127.47961,34.44208],[127.4739,34.44256],[127.46482,34.44703],[127.46122,34.44431],[127.46632,34.4423],[127.46526,34.43986],[127.47468,34.4328],[127.47928,34.4324],[127.48209,34.43699],[127.485,34.43641],[127.48644,34.43291],[127.49115,34.433],[127.49301,34.43122],[127.49423,34.42593],[127.49052,34.42379],[127.48682,34.41803],[127.48575,34.41551],[127.48768,34.41323],[127.49271,34.41183],[127.50171,34.41526],[127.5046,34.41822],[127.51585,34.4222],[127.5204,34.42646],[127.53022,34.42219],[127.53449,34.4286],[127.53846,34.43105],[127.53453,34.44386],[127.53753,34.4458],[127.53717,34.44808],[127.52085,34.45359],[127.52196,34.4577],[127.51451,34.46223],[127.50495,34.4741],[127.50497,34.46965],[127.50669,34.4681],[127.50405,34.46363],[127.49981,34.46286],[127.5004,34.46628],[127.49793,34.46761],[127.49267,34.45863],[127.48318,34.46006],[127.48999,34.46259],[127.49063,34.46579],[127.485,34.46727],[127.48153,34.46444],[127.47288,34.46474],[127.46828,34.46997],[127.46976,34.47224],[127.46459,34.47256]]],[[[127.45019,34.46418],[127.44454,34.46677],[127.44238,34.46588],[127.44911,34.46159],[127.44889,34.45748],[127.45198,34.45601],[127.45085,34.4625],[127.45019,34.46418]]],[[[127.43645,34.47362],[127.44092,34.46905],[127.4462,34.47111],[127.44692,34.48324],[127.44223,34.48174],[127.43645,34.47362]]],[[[127.47062,34.54459],[127.46577,34.54376],[127.45771,34.54571],[127.45361,34.54393],[127.44161,34.53027],[127.4396,34.52403],[127.43642,34.52318],[127.43413,34.51993],[127.43916,34.51611],[127.44877,34.5166],[127.45475,34.51123],[127.45176,34.50645],[127.45814,34.50521],[127.45804,34.50216],[127.44678,34.49831],[127.44071,34.49241],[127.44479,34.48783],[127.44859,34.48766],[127.45239,34.47865],[127.45673,34.48084],[127.45821,34.47859],[127.46241,34.4794],[127.46299,34.48249],[127.46132,34.48418],[127.46902,34.48635],[127.48538,34.48421],[127.48876,34.48984],[127.49131,34.48763],[127.4888,34.48697],[127.48913,34.48452],[127.4963,34.48468],[127.50676,34.49213],[127.50071,34.49748],[127.50216,34.50482],[127.49597,34.50254],[127.49035,34.50874],[127.48628,34.50926],[127.48452,34.50514],[127.47937,34.50995],[127.46724,34.51007],[127.46526,34.51296],[127.46486,34.50815],[127.46157,34.51007],[127.46208,34.51279],[127.45788,34.5137],[127.46689,34.51759],[127.47275,34.51389],[127.47571,34.5149],[127.47045,34.52344],[127.45913,34.52563],[127.45988,34.52908],[127.47205,34.52905],[127.47844,34.53526],[127.4756,34.5423],[127.47062,34.54459]]],[[[127.44434,34.54333],[127.44087,34.54111],[127.44244,34.53864],[127.44551,34.53816],[127.45055,34.54214],[127.45278,34.54692],[127.4476,34.54768],[127.44434,34.54333]]],[[[127.43663,34.55289],[127.43733,34.55098],[127.43769,34.55092],[127.43832,34.55355],[127.43663,34.55289]]],[[[127.44286,34.55319],[127.44438,34.55264],[127.44568,34.55339],[127.44336,34.55458],[127.44286,34.55319]]],[[[127.45755,34.55635],[127.4585,34.55397],[127.46193,34.55621],[127.46053,34.55712],[127.45755,34.55635]]],[[[127.46588,34.56371],[127.4713,34.56473],[127.46945,34.56768],[127.47021,34.56989],[127.46652,34.56914],[127.46588,34.56371]]],[[[127.45717,34.57047],[127.45318,34.57057],[127.45482,34.56539],[127.4587,34.56309],[127.4602,34.56463],[127.45717,34.57047]]],[[[127.45367,34.56225],[127.4492,34.57164],[127.4495,34.57485],[127.44568,34.57599],[127.44315,34.57221],[127.44385,34.56809],[127.44604,34.56641],[127.4478,34.56836],[127.44876,34.56275],[127.45367,34.56225]]],[[[127.47209,34.57208],[127.47328,34.571],[127.47648,34.57196],[127.47374,34.57317],[127.47209,34.57208]]],[[[127.45189,34.57451],[127.4528,34.57216],[127.45457,34.57322],[127.45378,34.57454],[127.45189,34.57451]]],[[[127.46871,34.67483],[127.46954,34.67347],[127.47182,34.67513],[127.47037,34.67591],[127.46871,34.67483]]],[[[127.44827,34.67908],[127.45142,34.67841],[127.44955,34.68121],[127.44738,34.68083],[127.44827,34.67908]]],[[[127.45253,34.68652],[127.45033,34.68558],[127.4545,34.68331],[127.45474,34.68439],[127.45253,34.68652]]],[[[127.45468,34.68746],[127.45469,34.68508],[127.45814,34.68289],[127.46376,34.69098],[127.46199,34.69321],[127.45468,34.68746]]],[[[127.4281,34.70549],[127.42886,34.70441],[127.43355,34.70385],[127.43006,34.70583],[127.4281,34.70549]]],[[[127.42772,34.70579],[127.426,34.70762],[127.42145,34.70775],[127.4209,34.70409],[127.4244,34.70294],[127.42772,34.70579]]],[[[127.4497,34.70688],[127.44822,34.70602],[127.45066,34.70463],[127.45149,34.70597],[127.4497,34.70688]]],[[[127.44016,34.70662],[127.44577,34.7094],[127.44746,34.72166],[127.44161,34.72079],[127.44191,34.71105],[127.43766,34.7102],[127.43699,34.71232],[127.43572,34.71101],[127.43612,34.70747],[127.4384,34.70555],[127.44016,34.70662]]]]}},{"id":"feature_167","type":"Feature","properties":{"시도":"전남광주","시군구":"곡성군"},"geometry":{"type":"Polygon","coordinates":[[[127.19768,35.13244],[127.20587,35.13022],[127.21474,35.13247],[127.21865,35.12888],[127.21774,35.12383],[127.21929,35.11927],[127.23989,35.11139],[127.2412,35.1018],[127.24553,35.1015],[127.24622,35.11001],[127.26152,35.0958],[127.26241,35.09085],[127.25956,35.08355],[127.2615,35.08196],[127.27207,35.08627],[127.27894,35.09164],[127.28219,35.08499],[127.29139,35.08615],[127.29789,35.08209],[127.29943,35.07843],[127.31286,35.07576],[127.3226,35.06958],[127.3293,35.07224],[127.33626,35.0784],[127.33798,35.08125],[127.33525,35.08795],[127.33699,35.09261],[127.34469,35.09847],[127.35942,35.0968],[127.37574,35.10085],[127.3828,35.11273],[127.38246,35.11643],[127.38667,35.12171],[127.3861,35.12584],[127.39418,35.12759],[127.40153,35.13528],[127.40019,35.13875],[127.41144,35.1463],[127.41152,35.15839],[127.40996,35.16076],[127.41125,35.16882],[127.40694,35.17538],[127.40763,35.18256],[127.4046,35.18605],[127.40642,35.18909],[127.40174,35.19052],[127.38674,35.18888],[127.37718,35.19362],[127.37176,35.20631],[127.37199,35.21227],[127.37464,35.21706],[127.36688,35.22424],[127.36787,35.22837],[127.37065,35.22588],[127.37755,35.2255],[127.38468,35.23006],[127.39026,35.23715],[127.39777,35.23711],[127.40326,35.23447],[127.40169,35.24896],[127.39448,35.25961],[127.39116,35.27238],[127.38753,35.27827],[127.38161,35.28009],[127.38015,35.28363],[127.38638,35.29838],[127.38445,35.30328],[127.38029,35.30453],[127.37458,35.31251],[127.36709,35.31452],[127.35636,35.32126],[127.33091,35.31508],[127.32942,35.31105],[127.32365,35.309],[127.32411,35.30646],[127.30851,35.30312],[127.30524,35.30324],[127.30168,35.30835],[127.28842,35.31417],[127.26518,35.31372],[127.25954,35.31175],[127.25221,35.31517],[127.25037,35.31856],[127.23571,35.32915],[127.23239,35.33494],[127.22451,35.33663],[127.21968,35.33549],[127.21611,35.32958],[127.21742,35.32076],[127.21574,35.31658],[127.20088,35.3158],[127.18701,35.32241],[127.18445,35.32581],[127.1834,35.33237],[127.1861,35.33619],[127.18032,35.33777],[127.17963,35.33239],[127.1729,35.33033],[127.17133,35.33295],[127.16061,35.32744],[127.14657,35.31541],[127.1454,35.30912],[127.12995,35.30931],[127.12612,35.30352],[127.11568,35.29955],[127.1055,35.2992],[127.10125,35.30186],[127.09667,35.30174],[127.09469,35.29978],[127.09495,35.29236],[127.09079,35.28751],[127.09144,35.27746],[127.09953,35.26921],[127.0984,35.26292],[127.08983,35.25403],[127.08093,35.24813],[127.0874,35.24251],[127.08794,35.23736],[127.09339,35.23092],[127.09366,35.22535],[127.10173,35.21113],[127.10204,35.20631],[127.10632,35.20409],[127.10545,35.1991],[127.11688,35.19466],[127.12264,35.19762],[127.13167,35.19391],[127.14614,35.19445],[127.16098,35.20009],[127.17929,35.21301],[127.18446,35.21419],[127.18879,35.21152],[127.19171,35.20599],[127.19731,35.20334],[127.19766,35.19411],[127.20168,35.18602],[127.19542,35.1798],[127.19386,35.17157],[127.18905,35.16453],[127.19722,35.15666],[127.19578,35.1505],[127.19765,35.14657],[127.19588,35.13997],[127.19768,35.13244]]]}},{"id":"feature_168","type":"Feature","properties":{"시도":"전남광주","시군구":"광양시"},"geometry":{"type":"MultiPolygon","coordinates":[[[[127.60557,34.90342],[127.59072,34.91907],[127.57881,34.91881],[127.58023,34.9221],[127.59927,34.92677],[127.60005,34.93835],[127.60453,34.93828],[127.60452,34.92806],[127.60764,34.92258],[127.61304,34.92096],[127.61537,34.91297],[127.61751,34.91605],[127.6245,34.9019],[127.63998,34.88636],[127.64951,34.89215],[127.65075,34.89077],[127.67098,34.90311],[127.66805,34.90644],[127.66879,34.90844],[127.67317,34.90444],[127.69321,34.91702],[127.68777,34.92429],[127.69647,34.91824],[127.69875,34.92202],[127.69641,34.92304],[127.70031,34.93111],[127.71,34.93546],[127.73114,34.95477],[127.72878,34.9632],[127.73335,34.95544],[127.73745,34.95523],[127.75439,34.96222],[127.7603,34.96654],[127.76457,34.9781],[127.77777,34.98811],[127.7865,35.00878],[127.78715,35.01725],[127.78275,35.02253],[127.77196,35.02948],[127.76899,35.03609],[127.76869,35.05044],[127.7662,35.05521],[127.76224,35.05788],[127.75414,35.05644],[127.74221,35.06028],[127.7396,35.06376],[127.73747,35.07808],[127.71825,35.08197],[127.70652,35.09523],[127.6946,35.10308],[127.69291,35.10994],[127.69532,35.12597],[127.694,35.13178],[127.68479,35.1374],[127.67287,35.14975],[127.65972,35.15815],[127.64978,35.15887],[127.6453,35.1613],[127.64064,35.17114],[127.63247,35.1753],[127.62474,35.18449],[127.61703,35.17379],[127.61573,35.16889],[127.60717,35.15987],[127.60378,35.14729],[127.60764,35.14362],[127.60422,35.13322],[127.60281,35.11815],[127.59318,35.12138],[127.58352,35.11863],[127.58021,35.11468],[127.56385,35.10827],[127.56381,35.10217],[127.55958,35.09549],[127.55198,35.09531],[127.53375,35.1066],[127.53232,35.09805],[127.52902,35.09478],[127.53188,35.08368],[127.52721,35.07857],[127.52614,35.06601],[127.52825,35.06391],[127.5281,35.06021],[127.53549,35.05414],[127.5364,35.04966],[127.5576,35.03596],[127.55675,35.0296],[127.56066,35.0249],[127.55786,35.01956],[127.55807,35.01574],[127.56049,35.00999],[127.56572,35.0065],[127.56757,35.00152],[127.55813,34.99789],[127.5494,34.9868],[127.55641,34.98118],[127.55752,34.97758],[127.55392,34.97366],[127.54605,34.97153],[127.54999,34.96466],[127.54762,34.96017],[127.55941,34.95141],[127.557,34.94653],[127.5638,34.94671],[127.5665,34.94355],[127.566,34.94091],[127.56832,34.94014],[127.57355,34.94039],[127.57484,34.943],[127.57811,34.94099],[127.57734,34.91886],[127.58975,34.91681],[127.58679,34.91489],[127.59295,34.89524],[127.60557,34.90342]]],[[[127.76201,34.89179],[127.77614,34.88642],[127.78439,34.88639],[127.78482,34.91549],[127.76528,34.93188],[127.73783,34.93211],[127.73562,34.93519],[127.73981,34.94613],[127.73006,34.95112],[127.72442,34.948],[127.71483,34.9379],[127.7145,34.93258],[127.70296,34.93108],[127.70428,34.91256],[127.73492,34.90703],[127.75917,34.90607],[127.76201,34.89179]]],[[[127.7654,34.93371],[127.76876,34.9337],[127.76879,34.94106],[127.76631,34.94119],[127.76798,34.95331],[127.76152,34.96003],[127.75896,34.96043],[127.74072,34.9513],[127.74031,34.94414],[127.74551,34.93375],[127.7654,34.93371]]]]}},{"id":"feature_169","type":"Feature","properties":{"시도":"전남광주","시군구":"구례군"},"geometry":{"type":"Polygon","coordinates":[[[127.53375,35.1066],[127.55198,35.09531],[127.55958,35.09549],[127.56381,35.10217],[127.56385,35.10827],[127.58021,35.11468],[127.58352,35.11863],[127.59318,35.12138],[127.60281,35.11815],[127.60422,35.13322],[127.60764,35.14362],[127.60378,35.14729],[127.60717,35.15987],[127.61573,35.16889],[127.61703,35.17379],[127.62474,35.18449],[127.62137,35.18851],[127.61744,35.2037],[127.61719,35.21007],[127.62095,35.21346],[127.62087,35.22296],[127.61867,35.23677],[127.61306,35.24121],[127.6126,35.24744],[127.61494,35.25027],[127.61002,35.26191],[127.5958,35.26816],[127.59503,35.27162],[127.59071,35.27537],[127.59052,35.27931],[127.58652,35.28638],[127.57714,35.29548],[127.57611,35.30636],[127.57745,35.30896],[127.56749,35.31879],[127.55538,35.32198],[127.55207,35.32515],[127.54298,35.32818],[127.54066,35.33441],[127.53054,35.33728],[127.52474,35.3449],[127.51735,35.34708],[127.51422,35.35134],[127.50823,35.35334],[127.50141,35.35883],[127.49562,35.36081],[127.4861,35.35837],[127.47759,35.36501],[127.47284,35.36618],[127.45861,35.36362],[127.45421,35.36073],[127.44289,35.36128],[127.44134,35.36443],[127.43132,35.35953],[127.42276,35.35084],[127.41603,35.34095],[127.4155,35.33728],[127.40987,35.33323],[127.40737,35.32837],[127.40155,35.3251],[127.39849,35.31174],[127.39404,35.31049],[127.38445,35.30328],[127.38638,35.29838],[127.38015,35.28363],[127.38161,35.28009],[127.38753,35.27827],[127.39116,35.27238],[127.39448,35.25961],[127.40169,35.24896],[127.40326,35.23447],[127.39777,35.23711],[127.39026,35.23715],[127.38468,35.23006],[127.37755,35.2255],[127.37065,35.22588],[127.36787,35.22837],[127.36688,35.22424],[127.37464,35.21706],[127.37199,35.21227],[127.37176,35.20631],[127.37718,35.19362],[127.38674,35.18888],[127.40174,35.19052],[127.40642,35.18909],[127.42267,35.18614],[127.43379,35.17968],[127.44689,35.16863],[127.45819,35.16314],[127.46616,35.16162],[127.47182,35.1556],[127.48179,35.15241],[127.49819,35.13344],[127.49677,35.12782],[127.50362,35.12424],[127.51857,35.12557],[127.52663,35.11422],[127.53156,35.11242],[127.53375,35.1066]]]}},{"id":"feature_170","type":"Feature","properties":{"시도":"전남광주","시군구":"나주시"},"geometry":{"type":"Polygon","coordinates":[[[126.5532,34.86324],[126.56805,34.87293],[126.57251,34.8824],[126.57234,34.89233],[126.5801,34.89538],[126.58036,34.90532],[126.57316,34.90806],[126.5745,34.91525],[126.58274,34.92035],[126.58411,34.91885],[126.58288,34.91678],[126.58484,34.91541],[126.58938,34.91907],[126.59283,34.915],[126.59668,34.91575],[126.59274,34.92327],[126.59537,34.92589],[126.60208,34.92316],[126.60207,34.92617],[126.59933,34.92792],[126.60499,34.93024],[126.60752,34.92587],[126.61168,34.92636],[126.60998,34.92371],[126.61177,34.92272],[126.61837,34.926],[126.62864,34.92079],[126.632,34.90905],[126.6348,34.907],[126.63553,34.90087],[126.6346,34.89768],[126.62808,34.89881],[126.63102,34.88854],[126.64012,34.88864],[126.644,34.89134],[126.65001,34.88871],[126.65136,34.89346],[126.66127,34.89337],[126.66393,34.89231],[126.66494,34.88733],[126.66913,34.88671],[126.67248,34.88179],[126.6753,34.88191],[126.67665,34.88301],[126.67376,34.88756],[126.67492,34.89089],[126.68213,34.89378],[126.67658,34.90329],[126.67618,34.91648],[126.66926,34.92679],[126.66303,34.92701],[126.66178,34.92949],[126.6625,34.9351],[126.66822,34.9418],[126.6685,34.94508],[126.67644,34.9463],[126.69896,34.94047],[126.70256,34.93475],[126.70301,34.93003],[126.71594,34.91762],[126.71177,34.90667],[126.7162,34.90507],[126.71997,34.89318],[126.72515,34.88961],[126.73342,34.89044],[126.74484,34.89801],[126.75285,34.89649],[126.76347,34.9001],[126.78419,34.88488],[126.78337,34.88185],[126.78548,34.87935],[126.79408,34.87809],[126.80089,34.87329],[126.80317,34.86841],[126.80993,34.86926],[126.81165,34.87451],[126.82389,34.87112],[126.83516,34.88013],[126.84424,34.88446],[126.85969,34.88682],[126.87022,34.89063],[126.87097,34.89474],[126.87471,34.89792],[126.87588,34.90329],[126.87198,34.90778],[126.87238,34.91784],[126.86822,34.91991],[126.87312,34.9269],[126.86641,34.93937],[126.872,34.94713],[126.87817,34.9499],[126.8817,34.96029],[126.87644,34.96636],[126.88416,34.97312],[126.88557,34.97956],[126.89155,34.98235],[126.89472,34.98941],[126.88508,35.00172],[126.87878,35.00623],[126.86859,35.00986],[126.87425,35.01899],[126.8824,35.02162],[126.88141,35.02975],[126.88972,35.03684],[126.8926,35.04171],[126.89021,35.04725],[126.89976,35.0553],[126.89489,35.06134],[126.89569,35.07242],[126.89115,35.0759],[126.89206,35.07816],[126.88506,35.08153],[126.87175,35.07432],[126.86539,35.07524],[126.86063,35.07873],[126.85569,35.07814],[126.85322,35.0737],[126.84803,35.07196],[126.84289,35.06528],[126.83708,35.06582],[126.83632,35.064],[126.82218,35.05992],[126.81897,35.05252],[126.80372,35.05239],[126.8011,35.05745],[126.7952,35.06117],[126.78235,35.05437],[126.77573,35.05326],[126.76723,35.0568],[126.76869,35.06492],[126.76089,35.06297],[126.75704,35.05948],[126.75281,35.06454],[126.75725,35.06861],[126.76607,35.06766],[126.77088,35.06997],[126.77056,35.07276],[126.76472,35.07857],[126.76582,35.08305],[126.76339,35.08437],[126.76204,35.09098],[126.75399,35.09195],[126.74876,35.10182],[126.73552,35.10794],[126.7325,35.11293],[126.73064,35.1121],[126.73125,35.10808],[126.72842,35.1073],[126.71933,35.10841],[126.71569,35.11068],[126.70878,35.1094],[126.70545,35.11295],[126.70172,35.11235],[126.70001,35.10904],[126.6958,35.10756],[126.68513,35.1121],[126.68337,35.1115],[126.68408,35.1077],[126.68004,35.10751],[126.67649,35.10478],[126.66949,35.10455],[126.66707,35.1066],[126.66892,35.10792],[126.6692,35.1121],[126.66337,35.11482],[126.65706,35.11341],[126.65522,35.11503],[126.65398,35.10748],[126.64678,35.10352],[126.64846,35.09895],[126.64722,35.09581],[126.63883,35.09361],[126.63545,35.09452],[126.62924,35.09209],[126.62332,35.08693],[126.61757,35.09075],[126.6085,35.09291],[126.60484,35.09922],[126.5996,35.09984],[126.59364,35.0978],[126.59776,35.09319],[126.58813,35.0584],[126.5897,35.04996],[126.58672,35.04821],[126.5905,35.03651],[126.59356,35.03391],[126.59454,35.02792],[126.58579,35.01479],[126.58932,35.01272],[126.59868,35.01277],[126.59896,35.00735],[126.59566,35.00411],[126.59357,35.00645],[126.59621,34.99895],[126.59199,34.99619],[126.59909,34.99692],[126.58661,34.98827],[126.58083,34.97684],[126.57399,34.97284],[126.57076,34.97379],[126.56666,34.98519],[126.5602,34.98836],[126.55361,34.98753],[126.54796,34.98447],[126.54075,34.97523],[126.52956,34.95498],[126.5281,34.9474],[126.53349,34.93541],[126.54184,34.92434],[126.54187,34.9199],[126.53644,34.91766],[126.52884,34.92649],[126.52139,34.9292],[126.51502,34.92529],[126.51355,34.91905],[126.51725,34.9117],[126.54835,34.87995],[126.55195,34.87241],[126.5532,34.86324]]]}},{"id":"feature_171","type":"Feature","properties":{"시도":"전남광주","시군구":"담양군"},"geometry":{"type":"Polygon","coordinates":[[[126.87955,35.25149],[126.87903,35.24811],[126.88755,35.24629],[126.90138,35.25641],[126.90804,35.25895],[126.91663,35.25683],[126.92065,35.25355],[126.92996,35.25193],[126.93369,35.24704],[126.93366,35.23996],[126.94174,35.23603],[126.94408,35.23122],[126.94787,35.23074],[126.95189,35.225],[126.94946,35.22284],[126.9489,35.21872],[126.95429,35.21044],[126.95732,35.20694],[126.9659,35.2027],[126.96628,35.20057],[126.9586,35.19319],[126.96867,35.18094],[126.97175,35.17974],[126.97214,35.18516],[126.97487,35.18645],[126.98233,35.18393],[126.98486,35.18836],[126.99746,35.18843],[127.00178,35.18786],[127.01661,35.17938],[127.02172,35.17108],[127.02085,35.16729],[127.01345,35.16485],[127.0137,35.16139],[127.00796,35.15491],[127.01014,35.14969],[127.00752,35.14362],[127.01113,35.13872],[127.01046,35.13377],[127.02045,35.13839],[127.03492,35.13061],[127.04996,35.12952],[127.05568,35.1259],[127.05869,35.1215],[127.06477,35.12094],[127.0715,35.11582],[127.07929,35.11917],[127.07924,35.12332],[127.08537,35.12643],[127.08928,35.12568],[127.08928,35.1295],[127.08538,35.13471],[127.08401,35.1445],[127.07306,35.15347],[127.07253,35.15776],[127.06915,35.16245],[127.06757,35.17493],[127.06348,35.18116],[127.06548,35.18438],[127.06914,35.18517],[127.07226,35.18252],[127.08098,35.18024],[127.09051,35.18156],[127.09301,35.18247],[127.09652,35.18861],[127.10628,35.19185],[127.11555,35.18856],[127.11742,35.19019],[127.11688,35.19466],[127.10545,35.1991],[127.10632,35.20409],[127.10204,35.20631],[127.10173,35.21113],[127.09366,35.22535],[127.09339,35.23092],[127.08794,35.23736],[127.0874,35.24251],[127.08093,35.24813],[127.08983,35.25403],[127.0984,35.26292],[127.09953,35.26921],[127.09144,35.27746],[127.09079,35.28751],[127.09495,35.29236],[127.09469,35.29978],[127.09667,35.30174],[127.07856,35.31086],[127.07208,35.31261],[127.06558,35.31056],[127.06179,35.31707],[127.0516,35.31664],[127.04655,35.31827],[127.04333,35.32176],[127.04298,35.32349],[127.05105,35.32954],[127.0523,35.34021],[127.0562,35.34008],[127.06252,35.33611],[127.07029,35.33973],[127.06726,35.34535],[127.06965,35.35169],[127.06534,35.35701],[127.07028,35.36612],[127.06367,35.36992],[127.06494,35.37563],[127.0559,35.38493],[127.05165,35.37924],[127.04643,35.37694],[127.03913,35.37996],[127.04034,35.38259],[127.03889,35.3846],[127.03021,35.39046],[127.02728,35.39493],[127.02727,35.39994],[127.03202,35.40116],[127.04222,35.39891],[127.04724,35.40279],[127.04786,35.4056],[127.04559,35.40806],[127.04911,35.42189],[127.0523,35.42686],[127.04907,35.43126],[127.04396,35.43379],[127.04042,35.43192],[127.03699,35.43362],[127.0371,35.44123],[127.03462,35.44753],[127.03591,35.45877],[127.03463,35.4658],[127.0237,35.46347],[127.01443,35.45745],[127.00298,35.46321],[127.00001,35.46157],[126.99792,35.44611],[126.99416,35.43977],[126.9852,35.43657],[126.98162,35.42646],[126.97039,35.42743],[126.97054,35.41764],[126.97624,35.40746],[126.97654,35.4001],[126.96337,35.39476],[126.9548,35.39671],[126.93553,35.39436],[126.93276,35.39515],[126.93007,35.40028],[126.93357,35.4058],[126.9196,35.40197],[126.92491,35.39922],[126.92575,35.39687],[126.92406,35.39265],[126.92443,35.37917],[126.91738,35.38611],[126.90731,35.38002],[126.89793,35.37185],[126.89573,35.36608],[126.88644,35.36441],[126.88425,35.36149],[126.88284,35.35286],[126.87665,35.3451],[126.87602,35.34182],[126.87924,35.34],[126.88772,35.32587],[126.88013,35.32105],[126.87104,35.32309],[126.86138,35.32123],[126.86317,35.30162],[126.85467,35.29421],[126.85992,35.28981],[126.86636,35.27194],[126.86915,35.27067],[126.87791,35.25715],[126.88243,35.25566],[126.87955,35.25149]]]}},{"id":"feature_172","type":"Feature","properties":{"시도":"전남광주","시군구":"목포시"},"geometry":{"type":"MultiPolygon","coordinates":[[[[126.36705,34.77486],[126.36101,34.77725],[126.3551,34.78528],[126.35547,34.77842],[126.35978,34.77494],[126.3608,34.76965],[126.36494,34.76374],[126.36269,34.75982],[126.34884,34.75962],[126.34887,34.75018],[126.35125,34.74833],[126.35322,34.75086],[126.35509,34.75027],[126.35995,34.74478],[126.35839,34.75249],[126.36202,34.75158],[126.36435,34.75976],[126.36874,34.75688],[126.37221,34.75832],[126.3728,34.76496],[126.37558,34.76967],[126.373,34.77273],[126.36705,34.77486]]],[[[126.33129,34.78502],[126.32734,34.7847],[126.32386,34.78921],[126.31571,34.7838],[126.31438,34.78093],[126.3086,34.78242],[126.30497,34.77203],[126.30657,34.76434],[126.31982,34.7592],[126.3218,34.76804],[126.3279,34.77483],[126.33129,34.78502]]],[[[126.29598,34.77602],[126.30019,34.77681],[126.30159,34.78057],[126.29632,34.78407],[126.29022,34.77795],[126.29598,34.77602]]],[[[126.34057,34.79476],[126.338,34.79399],[126.33335,34.78718],[126.33728,34.78654],[126.3388,34.78189],[126.33941,34.78377],[126.34057,34.79476]]],[[[126.31818,34.78978],[126.31757,34.79094],[126.31567,34.78916],[126.31617,34.78839],[126.31818,34.78978]]],[[[126.41211,34.84389],[126.41028,34.84246],[126.40096,34.84273],[126.40011,34.8444],[126.40039,34.8419],[126.39663,34.83816],[126.38805,34.83689],[126.38653,34.82958],[126.38214,34.82813],[126.36236,34.80671],[126.36461,34.80335],[126.35995,34.79961],[126.35682,34.80225],[126.358,34.80383],[126.34966,34.79647],[126.35559,34.79536],[126.3662,34.78859],[126.36879,34.78094],[126.3735,34.7798],[126.38238,34.77944],[126.38844,34.78558],[126.38992,34.78534],[126.38848,34.78014],[126.40037,34.78315],[126.40264,34.78558],[126.4041,34.7843],[126.41443,34.78845],[126.41207,34.79103],[126.4135,34.79237],[126.42513,34.79215],[126.44146,34.79942],[126.44466,34.79244],[126.44797,34.79448],[126.45883,34.79335],[126.46194,34.80006],[126.45859,34.80077],[126.45941,34.80858],[126.45505,34.81048],[126.45435,34.81765],[126.43831,34.82113],[126.43824,34.83663],[126.42507,34.83891],[126.41905,34.84441],[126.41211,34.84389]]],[[[126.33317,34.79393],[126.33122,34.79482],[126.33258,34.78978],[126.33308,34.79081],[126.33317,34.79393]]],[[[126.32743,34.79467],[126.33363,34.79575],[126.33715,34.7988],[126.33314,34.80357],[126.3308,34.81309],[126.32755,34.81601],[126.31798,34.81383],[126.31407,34.80507],[126.31319,34.79329],[126.31486,34.7922],[126.31813,34.79473],[126.32743,34.79467]]]]}},{"id":"feature_173","type":"Feature","properties":{"시도":"전남광주","시군구":"무안군"},"geometry":{"type":"MultiPolygon","coordinates":[[[[126.38099,34.85813],[126.3816,34.86021],[126.37829,34.8636],[126.37802,34.86256],[126.38099,34.85813]]],[[[126.32218,34.92244],[126.32623,34.92338],[126.32496,34.92535],[126.32182,34.92449],[126.32218,34.92244]]],[[[126.26215,35.05369],[126.26723,35.05257],[126.27032,35.05454],[126.277,35.054],[126.28161,35.0573],[126.28203,35.06156],[126.28491,35.06163],[126.29117,35.05948],[126.29539,35.05467],[126.29078,35.04905],[126.2964,35.04956],[126.30161,35.04655],[126.29483,35.04105],[126.30325,35.04421],[126.3151,35.05505],[126.3115,35.05963],[126.30072,35.0611],[126.30512,35.06575],[126.31789,35.07009],[126.31181,35.07564],[126.31826,35.07805],[126.31675,35.08667],[126.32232,35.08883],[126.33245,35.08753],[126.33735,35.08151],[126.33899,35.07627],[126.34342,35.07237],[126.34322,35.06793],[126.3402,35.06495],[126.33106,35.06144],[126.33291,35.05883],[126.33511,35.05835],[126.33743,35.06047],[126.34912,35.05616],[126.3521,35.05246],[126.34743,35.05178],[126.34694,35.04858],[126.35156,35.03879],[126.35849,35.03859],[126.35809,35.04167],[126.37098,35.04705],[126.37573,35.044],[126.3773,35.04735],[126.38075,35.04821],[126.38805,35.03639],[126.38926,35.0251],[126.38358,35.02341],[126.36212,35.00948],[126.34645,35.00302],[126.33277,34.9938],[126.33477,34.99154],[126.33522,34.99414],[126.34036,34.99719],[126.3547,34.99239],[126.35818,34.99293],[126.35776,34.98413],[126.35051,34.98216],[126.34802,34.97579],[126.34178,34.97244],[126.33302,34.97081],[126.32797,34.96703],[126.32723,34.97177],[126.3218,34.97318],[126.3195,34.98127],[126.31747,34.98128],[126.31573,34.97509],[126.30999,34.97586],[126.31222,34.98323],[126.31527,34.98583],[126.31379,34.98854],[126.30497,34.9845],[126.30378,34.97729],[126.29977,34.97675],[126.2948,34.96519],[126.30041,34.9582],[126.30667,34.95595],[126.30922,34.94873],[126.32124,34.94368],[126.31695,34.94109],[126.31651,34.93739],[126.31059,34.93567],[126.3102,34.93357],[126.30608,34.93396],[126.30661,34.92799],[126.31144,34.92638],[126.3192,34.93192],[126.32187,34.92835],[126.32235,34.9305],[126.32636,34.93051],[126.32982,34.92696],[126.32773,34.92494],[126.32935,34.91585],[126.33459,34.91676],[126.34311,34.9146],[126.35104,34.91679],[126.35325,34.9221],[126.36911,34.91957],[126.37037,34.92363],[126.36653,34.92799],[126.36667,34.93263],[126.36931,34.93645],[126.37424,34.93893],[126.37491,34.94273],[126.36579,34.94311],[126.37077,34.94709],[126.37174,34.95362],[126.3746,34.95592],[126.36842,34.96301],[126.3606,34.96339],[126.36184,34.96639],[126.35973,34.9685],[126.36143,34.97187],[126.371,34.97303],[126.3664,34.98182],[126.36633,34.98592],[126.36827,34.98936],[126.36784,34.99556],[126.37211,34.99918],[126.37367,34.9986],[126.37328,34.98989],[126.37992,34.98772],[126.37887,34.97117],[126.3822,34.96836],[126.39019,34.9673],[126.39402,34.96174],[126.39164,34.95547],[126.38916,34.95416],[126.38729,34.94461],[126.39014,34.93913],[126.39845,34.93497],[126.38941,34.92847],[126.39062,34.9216],[126.39315,34.91872],[126.40312,34.91479],[126.40456,34.91145],[126.39988,34.89948],[126.39562,34.89824],[126.39129,34.89976],[126.39356,34.89468],[126.38896,34.88936],[126.39023,34.88478],[126.38632,34.87786],[126.38855,34.87735],[126.39172,34.8826],[126.40153,34.88021],[126.39539,34.87339],[126.3947,34.86926],[126.39795,34.86508],[126.40345,34.86406],[126.4015,34.86094],[126.40692,34.85195],[126.40537,34.84946],[126.41211,34.84389],[126.41905,34.84441],[126.42507,34.83891],[126.43824,34.83663],[126.43831,34.82113],[126.45435,34.81765],[126.45505,34.81048],[126.45941,34.80858],[126.45859,34.80077],[126.46194,34.80006],[126.45883,34.79335],[126.47435,34.78784],[126.4924,34.77013],[126.50085,34.76987],[126.51085,34.77412],[126.51791,34.78093],[126.51998,34.7859],[126.51938,34.79596],[126.52714,34.80125],[126.53464,34.80309],[126.54367,34.81413],[126.54814,34.82811],[126.5532,34.86324],[126.55195,34.87241],[126.54835,34.87995],[126.51725,34.9117],[126.51355,34.91905],[126.51502,34.92529],[126.52139,34.9292],[126.52884,34.92649],[126.53644,34.91766],[126.54187,34.9199],[126.54184,34.92434],[126.53349,34.93541],[126.5281,34.9474],[126.52956,34.95498],[126.54075,34.97523],[126.53123,34.97827],[126.52601,34.98262],[126.51687,34.98428],[126.51197,34.99017],[126.50836,34.98922],[126.50625,34.986],[126.49979,34.98607],[126.49827,34.99164],[126.49012,35.00105],[126.50011,35.00411],[126.49772,35.01725],[126.49185,35.01611],[126.48443,35.01801],[126.48219,35.01941],[126.48047,35.02666],[126.46969,35.02094],[126.46666,35.02446],[126.46404,35.03131],[126.46488,35.03784],[126.46321,35.04191],[126.47324,35.05385],[126.47743,35.06488],[126.47057,35.06653],[126.45704,35.07429],[126.45205,35.07319],[126.44563,35.05981],[126.44132,35.0558],[126.42295,35.04825],[126.41787,35.04189],[126.41776,35.03966],[126.42242,35.03581],[126.4263,35.02806],[126.41677,35.02695],[126.41129,35.02993],[126.40237,35.02727],[126.39892,35.03352],[126.40152,35.037],[126.40163,35.0433],[126.39829,35.04376],[126.39497,35.04161],[126.39095,35.04325],[126.39412,35.048],[126.40341,35.05058],[126.39917,35.05284],[126.40629,35.05723],[126.40764,35.06],[126.40699,35.06366],[126.40411,35.06572],[126.40427,35.07073],[126.39664,35.07667],[126.39214,35.0718],[126.39078,35.06521],[126.38419,35.06777],[126.3898,35.08182],[126.3977,35.08157],[126.39805,35.08328],[126.39216,35.08366],[126.39175,35.08644],[126.38875,35.08674],[126.3804,35.08232],[126.38155,35.07667],[126.3746,35.06936],[126.37375,35.06425],[126.37044,35.062],[126.36569,35.06521],[126.36803,35.07134],[126.36428,35.07468],[126.36831,35.07739],[126.36474,35.07979],[126.3618,35.07872],[126.36066,35.07534],[126.35091,35.07999],[126.34916,35.07628],[126.34482,35.07726],[126.34611,35.08297],[126.34286,35.08608],[126.34879,35.08793],[126.34981,35.08456],[126.35279,35.08764],[126.35101,35.09511],[126.35387,35.09813],[126.35319,35.09959],[126.34991,35.09979],[126.34879,35.09442],[126.34355,35.09202],[126.33506,35.09167],[126.3316,35.09472],[126.33569,35.09885],[126.33544,35.10271],[126.3395,35.10555],[126.34059,35.11156],[126.34445,35.1154],[126.34473,35.11822],[126.34211,35.1214],[126.3427,35.13116],[126.34687,35.13708],[126.3449,35.15112],[126.34757,35.15854],[126.34592,35.15976],[126.33418,35.14935],[126.33066,35.14882],[126.33002,35.15142],[126.32633,35.15016],[126.32507,35.14689],[126.33019,35.14443],[126.33034,35.14112],[126.32481,35.13414],[126.31826,35.13139],[126.31034,35.13271],[126.31031,35.13587],[126.30828,35.13733],[126.30132,35.13908],[126.29701,35.13798],[126.29177,35.14163],[126.28999,35.14035],[126.2913,35.13787],[126.28703,35.13515],[126.27987,35.13583],[126.2784,35.13668],[126.2784,35.14243],[126.27428,35.14561],[126.27426,35.15084],[126.27042,35.15019],[126.27142,35.14556],[126.26134,35.14522],[126.25654,35.14013],[126.25896,35.13532],[126.25189,35.13373],[126.25285,35.13043],[126.24771,35.12394],[126.24521,35.11563],[126.23963,35.10757],[126.24246,35.11119],[126.24771,35.11071],[126.24773,35.10846],[126.24537,35.10994],[126.24182,35.10606],[126.25024,35.09704],[126.24768,35.09711],[126.24896,35.09197],[126.24503,35.08487],[126.24423,35.07824],[126.26004,35.06638],[126.26215,35.05369]]],[[[126.31608,35.00613],[126.31935,35.01389],[126.31622,35.01548],[126.31093,35.01449],[126.31391,35.01054],[126.31125,35.00739],[126.31392,34.99973],[126.31608,35.00613]]],[[[126.3722,35.02444],[126.37422,35.02216],[126.37476,35.02863],[126.3735,35.02737],[126.3722,35.02444]]],[[[126.31399,35.04314],[126.31088,35.04315],[126.30902,35.04203],[126.31385,35.04202],[126.31399,35.04314]]],[[[126.33542,35.16294],[126.33706,35.16259],[126.33785,35.16484],[126.33664,35.16733],[126.33456,35.16461],[126.33542,35.16294]]],[[[126.39753,34.85773],[126.39904,34.85744],[126.39699,34.8599],[126.39653,34.85939],[126.39753,34.85773]]],[[[126.38507,34.88534],[126.38777,34.8858],[126.3879,34.88679],[126.38591,34.88683],[126.38507,34.88534]]],[[[126.3813,34.92053],[126.38466,34.9208],[126.38474,34.92195],[126.38409,34.9224],[126.3813,34.92053]]]]}},{"id":"feature_174","type":"Feature","properties":{"시도":"전남광주","시군구":"보성군"},"geometry":{"type":"MultiPolygon","coordinates":[[[[127.04663,34.63471],[127.05738,34.64805],[127.06288,34.65107],[127.06178,34.65504],[127.06465,34.66052],[127.06743,34.66271],[127.07229,34.66109],[127.07354,34.66325],[127.08757,34.66917],[127.09564,34.66961],[127.09958,34.67492],[127.10723,34.67683],[127.11131,34.68078],[127.11058,34.68447],[127.11472,34.69344],[127.12443,34.70122],[127.13275,34.7015],[127.14392,34.69263],[127.15126,34.69362],[127.15794,34.69154],[127.17798,34.69133],[127.18745,34.69607],[127.19084,34.70324],[127.19724,34.70598],[127.19956,34.71249],[127.20631,34.71888],[127.20617,34.72192],[127.21158,34.73087],[127.20939,34.73756],[127.2296,34.75765],[127.23536,34.75858],[127.22991,34.75842],[127.22878,34.76354],[127.23393,34.76273],[127.23841,34.76752],[127.23922,34.7739],[127.24398,34.77497],[127.24743,34.77969],[127.24833,34.78952],[127.26272,34.78751],[127.27164,34.79263],[127.27643,34.79227],[127.29102,34.8108],[127.30091,34.80901],[127.30705,34.81094],[127.31926,34.81087],[127.3276,34.82239],[127.33781,34.82455],[127.34067,34.82784],[127.34717,34.82514],[127.35273,34.82526],[127.35481,34.81877],[127.3573,34.81677],[127.36427,34.81661],[127.37267,34.80632],[127.37803,34.80616],[127.38368,34.80227],[127.38711,34.79692],[127.3866,34.79133],[127.39108,34.78999],[127.39503,34.79631],[127.40674,34.80225],[127.41273,34.80253],[127.41795,34.80935],[127.42231,34.80967],[127.42748,34.81386],[127.42444,34.81524],[127.42,34.81134],[127.41111,34.81391],[127.41042,34.81559],[127.40618,34.8148],[127.39841,34.81678],[127.39561,34.81398],[127.39197,34.81455],[127.38299,34.82674],[127.36595,34.83136],[127.35417,34.83681],[127.35355,34.83906],[127.35562,34.83999],[127.3677,34.83509],[127.3828,34.83602],[127.38926,34.82879],[127.39608,34.82526],[127.41054,34.82767],[127.41711,34.8304],[127.41694,34.83249],[127.4135,34.83687],[127.40383,34.84251],[127.39738,34.84248],[127.39196,34.8401],[127.38006,34.84297],[127.37722,34.85034],[127.37869,34.85352],[127.36712,34.86252],[127.36628,34.868],[127.36315,34.86828],[127.35691,34.86411],[127.34392,34.86736],[127.33968,34.87035],[127.34017,34.87773],[127.33625,34.88219],[127.33552,34.88971],[127.32496,34.88349],[127.32327,34.88748],[127.31408,34.89224],[127.3041,34.90084],[127.29119,34.90131],[127.28234,34.89728],[127.27953,34.89324],[127.2735,34.89032],[127.26447,34.88986],[127.26225,34.89229],[127.25814,34.88615],[127.25232,34.8845],[127.24268,34.88713],[127.23609,34.8939],[127.22783,34.89533],[127.22595,34.89872],[127.2288,34.90205],[127.2323,34.91801],[127.23966,34.9215],[127.23225,34.93634],[127.22392,34.93985],[127.22389,34.94743],[127.22049,34.95576],[127.21201,34.95816],[127.20376,34.96683],[127.20918,34.97323],[127.20483,34.97652],[127.20131,34.9882],[127.19489,34.98774],[127.18838,34.98131],[127.19044,34.97287],[127.18723,34.96904],[127.18378,34.9694],[127.17493,34.9779],[127.17256,34.97336],[127.15164,34.96507],[127.14362,34.9641],[127.12749,34.96863],[127.12207,34.96071],[127.11485,34.95735],[127.11594,34.9528],[127.1085,34.94535],[127.10624,34.94544],[127.10021,34.93843],[127.08897,34.93603],[127.08637,34.92867],[127.08121,34.92665],[127.07921,34.91485],[127.08097,34.9106],[127.08022,34.90412],[127.08546,34.89583],[127.08193,34.89235],[127.08235,34.88991],[127.08843,34.8853],[127.08577,34.88289],[127.08908,34.87408],[127.08449,34.86929],[127.07183,34.86708],[127.0636,34.8615],[127.06097,34.84718],[127.05491,34.84647],[127.05422,34.84365],[127.04503,34.839],[127.03744,34.83803],[127.03102,34.83406],[127.03144,34.8252],[127.02844,34.82037],[127.02172,34.81951],[127.02273,34.81094],[127.01892,34.80471],[127.01711,34.79106],[127.01524,34.79023],[127.01787,34.78219],[127.024,34.77881],[127.02468,34.77612],[127.02315,34.77271],[127.01158,34.77003],[127.02044,34.74841],[127.01658,34.74376],[127.01752,34.7406],[127.01456,34.73991],[127.01536,34.73632],[127.01339,34.7345],[127.00914,34.73527],[127.00144,34.72768],[126.98885,34.72193],[126.98418,34.71152],[126.98047,34.70937],[126.97576,34.71003],[126.97207,34.70607],[126.97483,34.70272],[126.975,34.69661],[126.9816,34.69065],[126.98034,34.68302],[126.99089,34.6832],[127.00463,34.68048],[127.01964,34.68139],[127.02679,34.6718],[127.03003,34.66247],[127.04197,34.65442],[127.0464,34.6442],[127.04471,34.64175],[127.04663,34.63471]]],[[[127.42627,34.78563],[127.42331,34.78452],[127.41519,34.78652],[127.41866,34.78114],[127.43069,34.7794],[127.42956,34.7839],[127.42627,34.78563]]],[[[127.46613,34.80118],[127.46524,34.80315],[127.46036,34.80246],[127.46146,34.79469],[127.46006,34.79277],[127.45349,34.79201],[127.45114,34.79531],[127.44644,34.79457],[127.44936,34.79063],[127.44896,34.78755],[127.44499,34.78578],[127.44243,34.78114],[127.43902,34.78042],[127.43979,34.77903],[127.44733,34.78071],[127.45288,34.77886],[127.4549,34.7851],[127.45254,34.78873],[127.45483,34.79035],[127.45843,34.79007],[127.46095,34.78373],[127.46127,34.78606],[127.45855,34.79018],[127.45966,34.79139],[127.46221,34.79105],[127.46591,34.78581],[127.47003,34.78695],[127.4689,34.78966],[127.4663,34.78896],[127.46483,34.79145],[127.4646,34.79333],[127.46936,34.7934],[127.46992,34.7953],[127.46613,34.80118]]],[[[127.47166,34.79323],[127.4736,34.79167],[127.47483,34.79207],[127.47351,34.79342],[127.47166,34.79323]]],[[[127.44141,34.8073],[127.44458,34.80749],[127.44382,34.81063],[127.43672,34.81024],[127.43652,34.80938],[127.44141,34.8073]]]]}},{"id":"feature_175","type":"Feature","properties":{"시도":"전남광주","시군구":"순천시"},"geometry":{"type":"Polygon","coordinates":[[[127.41694,34.83249],[127.41968,34.83087],[127.42609,34.83526],[127.43245,34.8357],[127.43419,34.83984],[127.43896,34.83869],[127.4399,34.83639],[127.44719,34.83672],[127.45194,34.84033],[127.46092,34.84058],[127.4669,34.84473],[127.48585,34.84169],[127.49236,34.84665],[127.49275,34.85192],[127.4899,34.85729],[127.49399,34.8581],[127.49503,34.86088],[127.4944,34.86713],[127.49014,34.86733],[127.48817,34.86953],[127.49045,34.86973],[127.4909,34.87674],[127.49575,34.87445],[127.50077,34.87705],[127.50435,34.87439],[127.51443,34.87814],[127.51211,34.88119],[127.51809,34.88066],[127.51478,34.86967],[127.51571,34.86618],[127.51988,34.85897],[127.52224,34.85887],[127.52268,34.84996],[127.52563,34.84529],[127.53249,34.84137],[127.53226,34.83587],[127.53288,34.8413],[127.5422,34.84329],[127.54377,34.8507],[127.5509,34.85575],[127.54962,34.8591],[127.55077,34.86282],[127.54208,34.86745],[127.53576,34.87815],[127.53781,34.88199],[127.55025,34.88954],[127.55569,34.88684],[127.56132,34.88797],[127.57255,34.88456],[127.58971,34.88637],[127.59389,34.88904],[127.58986,34.89334],[127.59295,34.89524],[127.58679,34.91489],[127.58975,34.91681],[127.57734,34.91886],[127.57811,34.94099],[127.57484,34.943],[127.57355,34.94039],[127.56832,34.94014],[127.566,34.94091],[127.5665,34.94355],[127.5638,34.94671],[127.557,34.94653],[127.55941,34.95141],[127.54762,34.96017],[127.54999,34.96466],[127.54605,34.97153],[127.55392,34.97366],[127.55752,34.97758],[127.55641,34.98118],[127.5494,34.9868],[127.55813,34.99789],[127.56757,35.00152],[127.56572,35.0065],[127.56049,35.00999],[127.55807,35.01574],[127.55786,35.01956],[127.56066,35.0249],[127.55675,35.0296],[127.5576,35.03596],[127.5364,35.04966],[127.53549,35.05414],[127.5281,35.06021],[127.52825,35.06391],[127.52614,35.06601],[127.52721,35.07857],[127.53188,35.08368],[127.52902,35.09478],[127.53232,35.09805],[127.53375,35.1066],[127.53156,35.11242],[127.52663,35.11422],[127.51857,35.12557],[127.50362,35.12424],[127.49677,35.12782],[127.49819,35.13344],[127.48179,35.15241],[127.47182,35.1556],[127.46616,35.16162],[127.45819,35.16314],[127.44689,35.16863],[127.43379,35.17968],[127.42267,35.18614],[127.40642,35.18909],[127.4046,35.18605],[127.40763,35.18256],[127.40694,35.17538],[127.41125,35.16882],[127.40996,35.16076],[127.41152,35.15839],[127.41144,35.1463],[127.40019,35.13875],[127.40153,35.13528],[127.39418,35.12759],[127.3861,35.12584],[127.38667,35.12171],[127.38246,35.11643],[127.3828,35.11273],[127.37574,35.10085],[127.35942,35.0968],[127.34469,35.09847],[127.33699,35.09261],[127.33525,35.08795],[127.33798,35.08125],[127.33626,35.0784],[127.3293,35.07224],[127.3226,35.06958],[127.31286,35.07576],[127.29943,35.07843],[127.29789,35.08209],[127.29139,35.08615],[127.28219,35.08499],[127.27894,35.09164],[127.27207,35.08627],[127.2615,35.08196],[127.25956,35.08355],[127.26241,35.09085],[127.26152,35.0958],[127.24622,35.11001],[127.24553,35.1015],[127.2412,35.1018],[127.23989,35.11139],[127.21929,35.11927],[127.21774,35.12383],[127.21865,35.12888],[127.21474,35.13247],[127.20587,35.13022],[127.19768,35.13244],[127.19301,35.13014],[127.18753,35.12344],[127.18919,35.11902],[127.18735,35.11667],[127.19054,35.11193],[127.18676,35.10167],[127.1831,35.09877],[127.18223,35.09553],[127.18562,35.09093],[127.18528,35.06979],[127.19188,35.06502],[127.18837,35.05838],[127.18497,35.05606],[127.1836,35.0481],[127.1835,35.03465],[127.18689,35.02824],[127.18569,35.02023],[127.18773,35.01214],[127.18253,35.01068],[127.17804,35.00626],[127.17575,34.9973],[127.17763,34.99338],[127.17494,34.98833],[127.17916,34.98442],[127.17493,34.9779],[127.18378,34.9694],[127.18723,34.96904],[127.19044,34.97287],[127.18838,34.98131],[127.19489,34.98774],[127.20131,34.9882],[127.20483,34.97652],[127.20918,34.97323],[127.20376,34.96683],[127.21201,34.95816],[127.22049,34.95576],[127.22389,34.94743],[127.22392,34.93985],[127.23225,34.93634],[127.23966,34.9215],[127.2323,34.91801],[127.2288,34.90205],[127.22595,34.89872],[127.22783,34.89533],[127.23609,34.8939],[127.24268,34.88713],[127.25232,34.8845],[127.25814,34.88615],[127.26225,34.89229],[127.26447,34.88986],[127.2735,34.89032],[127.27953,34.89324],[127.28234,34.89728],[127.29119,34.90131],[127.3041,34.90084],[127.31408,34.89224],[127.32327,34.88748],[127.32496,34.88349],[127.33552,34.88971],[127.33625,34.88219],[127.34017,34.87773],[127.33968,34.87035],[127.34392,34.86736],[127.35691,34.86411],[127.36315,34.86828],[127.36628,34.868],[127.36712,34.86252],[127.37869,34.85352],[127.37722,34.85034],[127.38006,34.84297],[127.39196,34.8401],[127.39738,34.84248],[127.40383,34.84251],[127.4135,34.83687],[127.41694,34.83249]]]}},{"id":"feature_176","type":"Feature","properties":{"시도":"전남광주","시군구":"신안군"},"geometry":{"type":"MultiPolygon","coordinates":[[[[125.11318,34.09101],[125.11125,34.09486],[125.10735,34.0966],[125.10569,34.09518],[125.09552,34.09682],[125.09039,34.09975],[125.08971,34.09773],[125.09604,34.09543],[125.09633,34.09323],[125.09381,34.08737],[125.09338,34.07413],[125.08367,34.07679],[125.08203,34.07456],[125.09446,34.06894],[125.10169,34.06905],[125.11244,34.0628],[125.11559,34.05122],[125.1222,34.04671],[125.13132,34.04865],[125.13474,34.0465],[125.13784,34.04795],[125.13612,34.04953],[125.1448,34.04946],[125.14594,34.05268],[125.14394,34.05566],[125.13876,34.0614],[125.13144,34.06489],[125.12104,34.07737],[125.12091,34.08338],[125.12399,34.08583],[125.12394,34.08804],[125.11501,34.0881],[125.11318,34.09101]]],[[[125.09424,34.11816],[125.0917,34.11456],[125.09227,34.11386],[125.09606,34.11598],[125.09424,34.11816]]],[[[125.08585,34.11871],[125.08147,34.11736],[125.08649,34.1155],[125.08747,34.1171],[125.08585,34.11871]]],[[[125.46698,34.20998],[125.46488,34.2057],[125.46875,34.20272],[125.47301,34.21278],[125.46787,34.21291],[125.46624,34.21169],[125.46698,34.20998]]],[[[125.30212,34.39621],[125.29897,34.39781],[125.2985,34.39381],[125.29335,34.39287],[125.287,34.40395],[125.2819,34.40478],[125.28153,34.40053],[125.28499,34.39971],[125.28537,34.39397],[125.28883,34.39158],[125.29605,34.37838],[125.29932,34.37949],[125.30145,34.38543],[125.30797,34.3801],[125.31472,34.38464],[125.31313,34.39131],[125.30479,34.39241],[125.30212,34.39621]]],[[[125.28035,34.421],[125.2809,34.418],[125.28558,34.41723],[125.29102,34.42505],[125.28306,34.43303],[125.27579,34.42964],[125.28035,34.421]]],[[[125.29635,34.44115],[125.29614,34.45324],[125.29058,34.45255],[125.2872,34.44518],[125.28294,34.44156],[125.28316,34.43882],[125.27726,34.43519],[125.28986,34.43493],[125.29147,34.43859],[125.29635,34.44115]]],[[[125.30084,34.45067],[125.30157,34.45426],[125.29906,34.45503],[125.29782,34.45355],[125.30084,34.45067]]],[[[125.29978,34.45816],[125.30323,34.45942],[125.30276,34.46297],[125.30062,34.46424],[125.29889,34.46422],[125.29838,34.4616],[125.29484,34.46152],[125.29533,34.45891],[125.29978,34.45816]]],[[[125.30387,34.46961],[125.30047,34.46867],[125.30347,34.46338],[125.30615,34.4673],[125.30387,34.46961]]],[[[125.83712,34.58255],[125.83956,34.58272],[125.83861,34.58531],[125.83741,34.58486],[125.83712,34.58255]]],[[[125.87143,34.59847],[125.87673,34.5958],[125.87475,34.59997],[125.87004,34.60061],[125.87143,34.59847]]],[[[125.86701,34.60328],[125.86889,34.60071],[125.86915,34.6007],[125.86911,34.60347],[125.86701,34.60328]]],[[[125.88721,34.60969],[125.88254,34.61202],[125.87993,34.60944],[125.87226,34.61636],[125.87298,34.61205],[125.87665,34.60716],[125.88137,34.60648],[125.89052,34.59878],[125.88967,34.5964],[125.89195,34.5963],[125.89329,34.60075],[125.8872,34.60453],[125.88902,34.60624],[125.88721,34.60969]]],[[[125.86999,34.6026],[125.87297,34.60645],[125.87151,34.61202],[125.86948,34.61327],[125.86804,34.606],[125.86999,34.6026]]],[[[125.86199,34.60742],[125.85817,34.61946],[125.85385,34.61901],[125.85822,34.62266],[125.85493,34.63064],[125.84667,34.62986],[125.84591,34.62638],[125.83258,34.62166],[125.83067,34.61901],[125.8209,34.61468],[125.81775,34.61547],[125.81205,34.62177],[125.803,34.62365],[125.80071,34.62084],[125.81439,34.61603],[125.81087,34.61415],[125.81264,34.60973],[125.82246,34.61134],[125.8255,34.60953],[125.82619,34.60704],[125.82242,34.6043],[125.81064,34.60266],[125.81113,34.59595],[125.81704,34.59294],[125.82215,34.59401],[125.82672,34.60049],[125.83156,34.6007],[125.84218,34.59687],[125.84681,34.60153],[125.86137,34.60412],[125.86199,34.60742]]],[[[125.86811,34.61355],[125.8695,34.61446],[125.86734,34.61774],[125.86683,34.61654],[125.86811,34.61355]]],[[[125.87567,34.62326],[125.87632,34.62107],[125.8814,34.61864],[125.88101,34.61967],[125.87567,34.62326]]],[[[125.86395,34.62024],[125.86632,34.62058],[125.86414,34.62359],[125.86276,34.62193],[125.86395,34.62024]]],[[[125.47219,34.64442],[125.47863,34.64985],[125.47951,34.65825],[125.47692,34.65464],[125.46355,34.65618],[125.4636,34.65361],[125.45536,34.64774],[125.45539,34.64239],[125.46526,34.63738],[125.46705,34.63847],[125.46598,34.64044],[125.47082,34.64136],[125.47219,34.64442]]],[[[125.88293,34.65754],[125.88412,34.6556],[125.88691,34.65681],[125.88597,34.65754],[125.88293,34.65754]]],[[[125.43343,34.69633],[125.44363,34.6963],[125.44235,34.70246],[125.43991,34.70299],[125.43734,34.70015],[125.43297,34.70017],[125.43049,34.69782],[125.41774,34.69926],[125.40728,34.69557],[125.40581,34.68923],[125.40779,34.68557],[125.40441,34.67894],[125.39806,34.67701],[125.39592,34.67225],[125.39505,34.66802],[125.39704,34.6641],[125.38693,34.65896],[125.38639,34.65395],[125.39477,34.64932],[125.39666,34.6504],[125.39807,34.64716],[125.38453,34.6438],[125.3887,34.63318],[125.39295,34.62823],[125.40293,34.62283],[125.41378,34.62245],[125.4153,34.62616],[125.41358,34.63298],[125.41475,34.63852],[125.42047,34.63965],[125.42169,34.64256],[125.43028,34.64373],[125.42744,34.6587],[125.43544,34.65749],[125.44491,34.66288],[125.44822,34.67345],[125.44809,34.68056],[125.45127,34.68113],[125.45375,34.68484],[125.45773,34.68116],[125.461,34.68128],[125.4657,34.6873],[125.4654,34.69342],[125.4547,34.69684],[125.45114,34.69463],[125.45218,34.69112],[125.44648,34.69458],[125.44416,34.69414],[125.44315,34.69101],[125.43774,34.68941],[125.44417,34.68821],[125.44113,34.68489],[125.43663,34.68651],[125.43169,34.68565],[125.43013,34.68611],[125.43163,34.68861],[125.42947,34.69019],[125.43343,34.69633]]],[[[125.39668,34.69195],[125.39666,34.69327],[125.39376,34.69315],[125.39633,34.69894],[125.39524,34.70007],[125.39282,34.69747],[125.38647,34.69845],[125.3896,34.69185],[125.38061,34.68545],[125.3795,34.68162],[125.36868,34.68104],[125.36147,34.67651],[125.36022,34.67472],[125.36224,34.66988],[125.37069,34.66574],[125.37888,34.67515],[125.38082,34.68014],[125.38637,34.68154],[125.38958,34.68769],[125.39668,34.69195]]],[[[125.19935,34.68273],[125.20086,34.67988],[125.20318,34.68023],[125.21317,34.69539],[125.21546,34.70522],[125.21142,34.70918],[125.21311,34.71549],[125.20669,34.71653],[125.20659,34.71402],[125.1993,34.71075],[125.19956,34.70428],[125.19194,34.69381],[125.19195,34.68652],[125.18849,34.68471],[125.18262,34.68838],[125.18316,34.68463],[125.17835,34.68312],[125.17731,34.68027],[125.17831,34.67639],[125.17316,34.6753],[125.17259,34.67354],[125.17597,34.6722],[125.18101,34.66448],[125.18449,34.66567],[125.18848,34.66409],[125.19028,34.67242],[125.19565,34.67049],[125.19773,34.6729],[125.19844,34.67505],[125.196,34.67564],[125.19378,34.67938],[125.19539,34.6823],[125.19935,34.68273]]],[[[125.46252,34.70477],[125.46037,34.7046],[125.4612,34.70164],[125.46567,34.69666],[125.4686,34.69642],[125.46766,34.70059],[125.46252,34.70477]]],[[[125.90053,34.716],[125.90204,34.70991],[125.90655,34.70796],[125.90453,34.71526],[125.90053,34.716]]],[[[125.20229,34.71624],[125.20135,34.71547],[125.20093,34.71129],[125.20259,34.71324],[125.20229,34.71624]]],[[[125.18686,34.7175],[125.19067,34.71315],[125.19204,34.71578],[125.18848,34.71746],[125.18924,34.72054],[125.18785,34.72078],[125.18686,34.7175]]],[[[125.40678,34.72055],[125.40411,34.71756],[125.40575,34.71416],[125.40922,34.71547],[125.40678,34.72055]]],[[[125.20399,34.72048],[125.20278,34.71817],[125.20287,34.71739],[125.20459,34.72009],[125.20399,34.72048]]],[[[125.19951,34.72625],[125.19804,34.72486],[125.19807,34.72333],[125.20156,34.72478],[125.19951,34.72625]]],[[[125.46061,34.73826],[125.45896,34.74225],[125.45426,34.74286],[125.45421,34.73867],[125.46116,34.73422],[125.46133,34.73241],[125.45778,34.73251],[125.4572,34.72972],[125.45353,34.73131],[125.45283,34.72548],[125.45103,34.72568],[125.45058,34.72845],[125.44845,34.72687],[125.45393,34.71984],[125.45773,34.72071],[125.45982,34.71918],[125.4596,34.71443],[125.46225,34.71191],[125.46681,34.71771],[125.46455,34.72326],[125.46118,34.7237],[125.46238,34.72671],[125.46492,34.72732],[125.46689,34.72554],[125.4746,34.72814],[125.48041,34.7268],[125.47734,34.72915],[125.47951,34.73253],[125.47855,34.7348],[125.47094,34.73405],[125.46414,34.73939],[125.46061,34.73826]]],[[[125.44737,34.73067],[125.44453,34.72847],[125.44427,34.72665],[125.45041,34.72983],[125.44737,34.73067]]],[[[125.88193,34.73542],[125.88393,34.73369],[125.88496,34.73363],[125.88372,34.7368],[125.88193,34.73542]]],[[[125.44556,34.74187],[125.44413,34.74367],[125.43696,34.74202],[125.43841,34.73854],[125.43635,34.73435],[125.43999,34.73231],[125.44934,34.73222],[125.45137,34.73871],[125.44556,34.74187]]],[[[125.43841,34.74437],[125.43763,34.74364],[125.44077,34.74305],[125.43998,34.7439],[125.43841,34.74437]]],[[[125.42984,34.74658],[125.42847,34.74531],[125.42988,34.74428],[125.43443,34.74424],[125.4311,34.74639],[125.42984,34.74658]]],[[[125.434,34.74831],[125.43848,34.74878],[125.4353,34.75414],[125.42643,34.75728],[125.42793,34.75177],[125.434,34.74831]]],[[[125.90066,34.78792],[125.90085,34.78639],[125.90621,34.78486],[125.90308,34.78928],[125.90066,34.78792]]],[[[126.0374,34.54518],[126.04008,34.54348],[126.04436,34.54361],[126.04042,34.54611],[126.0374,34.54518]]],[[[126.00723,34.59213],[126.00474,34.59211],[126.00493,34.58759],[126.00608,34.58732],[126.00723,34.59213]]],[[[125.99693,34.59255],[125.99511,34.59176],[125.9963,34.58876],[126.00097,34.58746],[126.00063,34.59314],[125.99693,34.59255]]],[[[125.98605,34.60097],[125.98506,34.60422],[125.97543,34.60078],[125.97622,34.60434],[125.97388,34.60496],[125.97255,34.60125],[125.96723,34.59775],[125.95861,34.59886],[125.95603,34.59519],[125.95774,34.59264],[125.97215,34.59523],[125.97425,34.59002],[125.96687,34.58808],[125.97098,34.58348],[125.96624,34.58078],[125.9701,34.57746],[125.97619,34.5779],[125.97962,34.57991],[125.97922,34.58355],[125.97669,34.5854],[125.97928,34.58819],[125.97645,34.59546],[125.98605,34.60097]]],[[[125.98904,34.59359],[125.98709,34.59301],[125.98812,34.59107],[125.9902,34.59181],[125.98904,34.59359]]],[[[125.99903,34.60221],[125.99694,34.5999],[125.99746,34.59753],[126.00452,34.59843],[126.00691,34.6002],[126.00709,34.60693],[126.00319,34.60628],[126.00306,34.60361],[125.99903,34.60221]]],[[[126.04365,34.62892],[126.05134,34.64078],[126.0531,34.65011],[126.05324,34.65306],[126.04736,34.66144],[126.04951,34.6668],[126.04744,34.66945],[126.04463,34.66847],[126.04586,34.66477],[126.04372,34.66],[126.03852,34.65837],[126.03213,34.6489],[126.02822,34.64691],[126.02826,34.63588],[126.02566,34.63418],[126.01546,34.63557],[126.00984,34.63137],[126.01292,34.62129],[126.01647,34.6176],[126.01067,34.60759],[126.01092,34.60504],[126.01416,34.60237],[126.01085,34.59631],[126.01462,34.59575],[126.0169,34.59946],[126.01955,34.60022],[126.02644,34.59291],[126.02428,34.5898],[126.01968,34.58952],[126.01482,34.58588],[126.01153,34.58931],[126.0148,34.58357],[126.01705,34.58296],[126.02109,34.57372],[126.01752,34.57192],[126.01947,34.56359],[126.02967,34.56531],[126.03173,34.57213],[126.03675,34.57235],[126.04115,34.56785],[126.04545,34.56865],[126.04686,34.57114],[126.05607,34.56803],[126.06118,34.57195],[126.06512,34.58236],[126.06173,34.58668],[126.063,34.59388],[126.05794,34.59822],[126.05507,34.60478],[126.05223,34.60252],[126.04634,34.60269],[126.0388,34.60685],[126.0374,34.61488],[126.04238,34.62091],[126.0409,34.63185],[126.04365,34.62892]]],[[[126.00428,34.62942],[126.00022,34.63207],[125.99828,34.63008],[125.995,34.63217],[125.99306,34.63039],[125.99137,34.62098],[125.99851,34.61835],[125.9914,34.61879],[125.98767,34.61628],[125.98701,34.61395],[125.98919,34.61085],[125.98639,34.60914],[125.99021,34.60429],[125.99346,34.60411],[125.99592,34.61296],[125.99876,34.6115],[125.99666,34.60802],[125.99737,34.60583],[126.00989,34.61088],[126.01051,34.61661],[126.00428,34.62942]]],[[[125.97573,34.63216],[125.97496,34.63501],[125.96949,34.63703],[125.9687,34.64157],[125.96049,34.64527],[125.95596,34.64317],[125.95346,34.63713],[125.94997,34.63996],[125.94647,34.6378],[125.94622,34.63434],[125.95643,34.62313],[125.9601,34.62334],[125.96239,34.6284],[125.96468,34.62818],[125.97148,34.61919],[125.97751,34.61888],[125.97932,34.62132],[125.97938,34.62794],[125.97573,34.63216]]],[[[125.94328,34.63315],[125.94052,34.63598],[125.93904,34.63111],[125.94121,34.62821],[125.94332,34.63048],[125.94328,34.63315]]],[[[126.00232,34.63857],[126.00745,34.63402],[126.02015,34.63984],[126.01804,34.64481],[126.01238,34.64549],[126.00616,34.64375],[126.00815,34.64031],[126.00228,34.64187],[126.00232,34.63857]]],[[[126.00451,34.6513],[126.00611,34.64802],[126.01247,34.6463],[126.00821,34.65174],[126.00451,34.6513]]],[[[125.95946,34.65238],[125.9583,34.65365],[125.95077,34.65343],[125.95511,34.65176],[125.95946,34.65238]]],[[[126.01573,34.65872],[126.01142,34.66014],[126.00882,34.6577],[126.0101,34.65642],[126.01573,34.65872]]],[[[126.02108,34.66858],[126.01542,34.6683],[126.01515,34.66652],[126.02025,34.66455],[126.02108,34.66858]]],[[[126.03673,34.66882],[126.04019,34.66881],[126.03911,34.67245],[126.03422,34.673],[126.03349,34.66807],[126.03673,34.66882]]],[[[126.02957,34.67145],[126.02553,34.67148],[126.02433,34.67054],[126.02887,34.67058],[126.02957,34.67145]]],[[[126.01004,34.6854],[126.01086,34.68232],[126.0149,34.68325],[126.01557,34.68581],[126.01372,34.68708],[126.01004,34.6854]]],[[[125.97888,34.71845],[125.97698,34.71879],[125.97223,34.72653],[125.96866,34.72761],[125.96501,34.73536],[125.96082,34.73755],[125.9579,34.73211],[125.94752,34.72242],[125.9453,34.71821],[125.94626,34.71445],[125.94091,34.71373],[125.93716,34.71624],[125.91591,34.71119],[125.9168,34.70566],[125.91421,34.70256],[125.91632,34.70049],[125.91393,34.6962],[125.91531,34.69284],[125.91437,34.68526],[125.91678,34.68521],[125.91562,34.67734],[125.91943,34.67646],[125.9194,34.67889],[125.92221,34.67901],[125.92035,34.67142],[125.92452,34.67085],[125.92529,34.66833],[125.92802,34.67735],[125.9333,34.67679],[125.93246,34.67526],[125.93554,34.6733],[125.93214,34.67152],[125.93132,34.66878],[125.93758,34.66753],[125.94033,34.6632],[125.94212,34.66645],[125.94446,34.66556],[125.95031,34.66784],[125.94941,34.67127],[125.95369,34.67181],[125.95679,34.6683],[125.95361,34.66113],[125.95573,34.65753],[125.96533,34.65645],[125.976,34.65907],[125.98121,34.66387],[125.97811,34.66687],[125.98037,34.67255],[125.98402,34.6741],[125.98832,34.67315],[125.98935,34.67902],[125.99437,34.67906],[125.99867,34.68238],[126.00839,34.68443],[126.01126,34.68994],[126.0107,34.6956],[126.01459,34.69826],[126.01505,34.70109],[126.01354,34.70391],[126.0086,34.7038],[126.00903,34.70636],[126.01468,34.71041],[126.00907,34.71931],[126.01048,34.72154],[126.00312,34.7257],[125.9993,34.73155],[125.99427,34.73196],[125.99028,34.72966],[125.99187,34.72651],[125.99975,34.72499],[126.00474,34.72051],[125.99733,34.71911],[125.99797,34.70578],[125.99141,34.71111],[125.99348,34.71267],[125.99167,34.71962],[125.98135,34.72256],[125.97888,34.71845]]],[[[126.0401,34.72933],[126.03907,34.73104],[126.03744,34.72843],[126.03948,34.72653],[126.03965,34.72742],[126.0401,34.72933]]],[[[126.04111,34.73277],[126.04399,34.73069],[126.04575,34.73256],[126.04088,34.73708],[126.03458,34.73762],[126.03442,34.73586],[126.04111,34.73277]]],[[[125.98545,34.7365],[125.98886,34.73676],[125.98941,34.73831],[125.98675,34.73997],[125.98545,34.7365]]],[[[125.9487,34.74043],[125.95136,34.7391],[125.95327,34.73955],[125.95009,34.74234],[125.9487,34.74043]]],[[[126.02782,34.76381],[126.02281,34.76548],[126.02102,34.76436],[126.01895,34.76719],[126.01687,34.76692],[126.01626,34.75914],[126.0113,34.75054],[126.01056,34.7451],[126.01214,34.73404],[126.01821,34.72334],[126.02948,34.72171],[126.03157,34.72288],[126.03175,34.7273],[126.02522,34.74011],[126.02907,34.74641],[126.03001,34.7579],[126.02782,34.76381]]],[[[126.00087,34.78968],[126.00086,34.79527],[125.99678,34.80561],[125.99199,34.80728],[125.99055,34.80409],[125.98322,34.80501],[125.979,34.80212],[125.97395,34.8033],[125.96954,34.80008],[125.97195,34.79717],[125.96952,34.79389],[125.96291,34.79082],[125.96472,34.78807],[125.96346,34.78659],[125.96149,34.78608],[125.95878,34.78891],[125.95157,34.78893],[125.95281,34.78405],[125.93639,34.77629],[125.92504,34.77488],[125.91749,34.77687],[125.91746,34.78036],[125.91498,34.78041],[125.91565,34.77644],[125.91113,34.77601],[125.90869,34.77654],[125.91041,34.78032],[125.90693,34.78159],[125.90401,34.77855],[125.89883,34.78119],[125.89705,34.77376],[125.89294,34.77128],[125.88867,34.76517],[125.89388,34.75992],[125.89361,34.75788],[125.88998,34.75597],[125.89149,34.74635],[125.88695,34.73838],[125.8895,34.73311],[125.88607,34.73047],[125.89336,34.732],[125.89568,34.7286],[125.89423,34.72623],[125.90283,34.72545],[125.90143,34.71924],[125.90819,34.71588],[125.91981,34.71505],[125.92705,34.71654],[125.92732,34.71842],[125.93847,34.71917],[125.94242,34.72142],[125.94419,34.73016],[125.95107,34.73242],[125.95095,34.73421],[125.94548,34.73709],[125.94723,34.73902],[125.94598,34.74446],[125.94221,34.74541],[125.94087,34.74972],[125.93899,34.74994],[125.94006,34.75134],[125.95481,34.75255],[125.95778,34.75117],[125.95953,34.74751],[125.9627,34.74677],[125.96341,34.75189],[125.9771,34.75247],[125.98141,34.75519],[125.98448,34.76014],[125.9892,34.76197],[125.98957,34.7561],[125.99195,34.75523],[126.00017,34.76206],[126.00103,34.77298],[126.00001,34.77517],[125.99696,34.77433],[125.9957,34.77978],[125.99767,34.78113],[125.99751,34.78601],[126.00087,34.78968]]],[[[126.05125,34.77114],[126.05009,34.77391],[126.04897,34.77397],[126.04872,34.77174],[126.05125,34.77114]]],[[[125.9223,34.78692],[125.92008,34.7835],[125.92115,34.7816],[125.92179,34.78185],[125.9223,34.78692]]],[[[125.91729,34.79219],[125.91486,34.79498],[125.90919,34.79586],[125.90406,34.78979],[125.91052,34.78695],[125.91729,34.79219]]],[[[125.95804,34.79892],[125.95498,34.79963],[125.95444,34.7992],[125.95766,34.79729],[125.95804,34.79892]]],[[[125.97211,34.86454],[125.97069,34.86435],[125.96746,34.86312],[125.97106,34.86215],[125.97211,34.86454]]],[[[126.07414,34.93443],[126.07172,34.93415],[126.07186,34.93601],[126.06942,34.93732],[126.06539,34.93636],[126.0638,34.93382],[126.06052,34.93818],[126.05518,34.93867],[126.05621,34.9335],[126.0585,34.93152],[126.05712,34.92513],[126.05019,34.92335],[126.05281,34.92004],[126.05814,34.92022],[126.05257,34.91273],[126.04612,34.91188],[126.04018,34.91936],[126.03691,34.91992],[126.03399,34.91929],[126.03665,34.91528],[126.03123,34.90953],[126.02672,34.91086],[126.02157,34.9087],[126.0178,34.91345],[126.0136,34.91355],[126.00979,34.90833],[126.01048,34.90409],[126.00454,34.90164],[126.00634,34.89966],[126.0054,34.89726],[125.99887,34.88923],[125.9921,34.88865],[125.99491,34.88282],[125.98927,34.87719],[125.9838,34.87555],[125.97941,34.87751],[125.97363,34.8752],[125.96779,34.87727],[125.96574,34.8734],[125.96805,34.86979],[125.97549,34.86915],[125.97482,34.87128],[125.97722,34.8724],[125.98002,34.86723],[125.97392,34.86439],[125.98252,34.86141],[125.98776,34.86496],[125.99381,34.86273],[125.99393,34.86448],[125.99712,34.86495],[126.00874,34.85855],[126.01275,34.86286],[126.01767,34.86323],[126.0195,34.86588],[126.02184,34.86502],[126.0171,34.86049],[126.0205,34.86079],[126.02362,34.85549],[126.02557,34.85951],[126.03192,34.85775],[126.04361,34.8428],[126.04762,34.84459],[126.04808,34.84738],[126.04595,34.85002],[126.05027,34.85338],[126.06075,34.85439],[126.0704,34.85766],[126.07536,34.86182],[126.08534,34.86362],[126.08738,34.86882],[126.09579,34.8753],[126.09879,34.88184],[126.09965,34.89155],[126.10407,34.90108],[126.10129,34.90411],[126.09628,34.90434],[126.09846,34.9114],[126.09428,34.91031],[126.09296,34.91203],[126.08424,34.91249],[126.08549,34.91569],[126.09064,34.91733],[126.09187,34.92319],[126.08124,34.92045],[126.08474,34.92566],[126.08295,34.92644],[126.07784,34.92135],[126.07602,34.9248],[126.08015,34.93089],[126.07414,34.93443]]],[[[126.00305,34.91267],[126.00343,34.90892],[126.00889,34.91051],[126.00837,34.9112],[126.00305,34.91267]]],[[[126.01634,34.92517],[126.01427,34.92408],[126.02019,34.9194],[126.02092,34.92243],[126.01634,34.92517]]],[[[126.02235,34.93044],[126.01629,34.93134],[126.0191,34.92755],[126.02155,34.92798],[126.02235,34.93044]]],[[[125.92137,35.08397],[125.91782,35.08341],[125.91659,35.08089],[125.91968,35.07677],[125.92402,35.07729],[125.92137,35.08397]]],[[[126.03107,35.09206],[126.02788,35.09228],[126.02159,35.10212],[126.01608,35.10469],[126.0153,35.10313],[126.01753,35.10004],[126.01295,35.10017],[126.01,35.09728],[126.01182,35.08626],[126.01876,35.08068],[126.01709,35.07854],[126.02345,35.07965],[126.02688,35.07584],[126.02915,35.07774],[126.03159,35.0901],[126.03575,35.09152],[126.03563,35.09373],[126.03107,35.09206]]],[[[126.04499,35.09708],[126.04629,35.09588],[126.04847,35.09599],[126.04689,35.09747],[126.04499,35.09708]]],[[[126.03661,35.09853],[126.03968,35.09836],[126.04018,35.10038],[126.03723,35.10154],[126.03661,35.09853]]],[[[126.05031,35.1053],[126.05247,35.1099],[126.04886,35.11138],[126.04881,35.11577],[126.04211,35.11359],[126.0426,35.11095],[126.04774,35.10899],[126.05031,35.1053]]],[[[126.14074,34.57937],[126.14302,34.57577],[126.14937,34.57566],[126.14863,34.58147],[126.14476,34.58192],[126.14397,34.58004],[126.13644,34.58099],[126.14074,34.57937]]],[[[126.09839,34.60945],[126.09338,34.60704],[126.08753,34.60907],[126.08326,34.61371],[126.08347,34.61831],[126.07895,34.62132],[126.08056,34.62155],[126.07874,34.62451],[126.06905,34.63177],[126.06847,34.63526],[126.05835,34.63417],[126.0492,34.62893],[126.04944,34.61897],[126.04589,34.60923],[126.05521,34.6105],[126.06395,34.60796],[126.0682,34.60027],[126.06757,34.59399],[126.07306,34.58825],[126.07387,34.58323],[126.07987,34.58307],[126.08036,34.57826],[126.07625,34.57369],[126.07059,34.5724],[126.07262,34.57096],[126.06482,34.56136],[126.04604,34.56554],[126.03715,34.56526],[126.031,34.56273],[126.02572,34.55586],[126.02732,34.54878],[126.03175,34.55283],[126.03241,34.54997],[126.03424,34.54988],[126.0385,34.55784],[126.04869,34.55448],[126.05555,34.55604],[126.05827,34.55466],[126.05789,34.54949],[126.04449,34.54683],[126.04704,34.53895],[126.03715,34.53825],[126.03502,34.54251],[126.02927,34.54408],[126.02522,34.5344],[126.03157,34.53065],[126.04044,34.53385],[126.04313,34.53038],[126.05674,34.53048],[126.05746,34.53368],[126.06069,34.53261],[126.06479,34.53416],[126.06234,34.53924],[126.06678,34.53709],[126.07809,34.54009],[126.08666,34.54631],[126.08573,34.55274],[126.08293,34.55512],[126.10111,34.55312],[126.1023,34.55886],[126.09786,34.56724],[126.09349,34.56956],[126.09615,34.57386],[126.10278,34.5737],[126.10413,34.57632],[126.09949,34.58004],[126.10499,34.57872],[126.1033,34.58319],[126.10932,34.58524],[126.11154,34.58837],[126.10393,34.59179],[126.10465,34.5958],[126.09915,34.59674],[126.09929,34.60023],[126.10337,34.60493],[126.09839,34.60945]]],[[[126.12272,34.61114],[126.12433,34.61083],[126.12498,34.61204],[126.12305,34.61313],[126.12272,34.61114]]],[[[126.10869,34.61159],[126.1142,34.61188],[126.1163,34.614],[126.10928,34.61472],[126.10869,34.61159]]],[[[126.12663,34.61984],[126.11798,34.62914],[126.11372,34.6277],[126.11383,34.62477],[126.10804,34.62295],[126.11091,34.61847],[126.124,34.61791],[126.12663,34.61984]]],[[[126.08918,34.62987],[126.0851,34.63783],[126.07918,34.64074],[126.07951,34.64311],[126.07151,34.64072],[126.07593,34.63367],[126.0816,34.63381],[126.08918,34.62987]]],[[[126.09216,34.63807],[126.094,34.63519],[126.09618,34.63588],[126.0939,34.63895],[126.09216,34.63807]]],[[[126.08752,34.64202],[126.08878,34.64021],[126.09261,34.64056],[126.0913,34.64302],[126.08752,34.64202]]],[[[126.08559,34.65976],[126.08651,34.66899],[126.08062,34.69057],[126.07946,34.69173],[126.06463,34.68473],[126.06699,34.68125],[126.0625,34.67994],[126.06255,34.67549],[126.06596,34.66979],[126.06418,34.66819],[126.06369,34.65493],[126.06985,34.64343],[126.07909,34.64339],[126.07976,34.65251],[126.08559,34.65976]]],[[[126.10439,34.77379],[126.10171,34.77428],[126.09927,34.7712],[126.09679,34.77135],[126.09159,34.77506],[126.08582,34.77518],[126.07856,34.77904],[126.07426,34.77595],[126.07553,34.77289],[126.08674,34.76652],[126.08325,34.76479],[126.08032,34.76902],[126.07103,34.76946],[126.06791,34.77199],[126.06315,34.7687],[126.06318,34.76547],[126.0696,34.76314],[126.0767,34.75487],[126.07835,34.75522],[126.08067,34.75014],[126.07287,34.74702],[126.07332,34.7443],[126.07006,34.74053],[126.06909,34.7356],[126.07139,34.73187],[126.06834,34.72811],[126.06764,34.71706],[126.06358,34.71243],[126.06714,34.70702],[126.07244,34.71216],[126.07393,34.70809],[126.07826,34.70779],[126.07849,34.70524],[126.08159,34.70458],[126.083,34.70714],[126.09372,34.70705],[126.0923,34.70466],[126.0942,34.70088],[126.09919,34.69684],[126.10888,34.69606],[126.11725,34.68439],[126.11994,34.68271],[126.12591,34.68327],[126.13555,34.68741],[126.14545,34.68629],[126.14828,34.69141],[126.15913,34.69846],[126.17587,34.69977],[126.18484,34.70901],[126.19017,34.71159],[126.19628,34.71945],[126.19336,34.723],[126.19369,34.73185],[126.18644,34.73503],[126.1804,34.74179],[126.17537,34.74923],[126.17512,34.75365],[126.16914,34.75429],[126.16291,34.75833],[126.13838,34.7584],[126.1307,34.76259],[126.12396,34.7758],[126.12127,34.77731],[126.11755,34.77763],[126.11244,34.77385],[126.10439,34.77379]]],[[[126.06101,34.75102],[126.06039,34.75641],[126.05584,34.76177],[126.0586,34.76619],[126.05723,34.77142],[126.04831,34.76649],[126.04842,34.76456],[126.04109,34.76011],[126.03973,34.75648],[126.0513,34.75025],[126.05965,34.73944],[126.0628,34.75003],[126.06101,34.75102]]],[[[126.17341,34.78898],[126.16923,34.78977],[126.17105,34.79806],[126.16557,34.82097],[126.15811,34.82428],[126.14997,34.81423],[126.14582,34.81273],[126.13283,34.79966],[126.12331,34.79832],[126.1174,34.79291],[126.11402,34.79505],[126.10835,34.79217],[126.09984,34.79256],[126.09378,34.78983],[126.08692,34.79259],[126.08385,34.79222],[126.08136,34.78869],[126.08273,34.78665],[126.08452,34.78871],[126.08658,34.78612],[126.09155,34.7856],[126.09954,34.77766],[126.11265,34.77701],[126.11421,34.77907],[126.12346,34.77951],[126.13077,34.77222],[126.13062,34.76894],[126.13576,34.76233],[126.14021,34.76065],[126.16066,34.76079],[126.16965,34.75779],[126.17503,34.76223],[126.17379,34.77767],[126.17544,34.78489],[126.17341,34.78898]]],[[[126.08398,34.80624],[126.08497,34.80518],[126.08707,34.80567],[126.085,34.80734],[126.08398,34.80624]]],[[[126.05444,34.82263],[126.05093,34.82281],[126.04805,34.82816],[126.04284,34.82543],[126.04514,34.823],[126.04404,34.81969],[126.0472,34.81645],[126.0498,34.81441],[126.05545,34.81408],[126.05662,34.80902],[126.06474,34.80756],[126.07277,34.7961],[126.07683,34.79417],[126.07962,34.79827],[126.07621,34.80211],[126.07294,34.81179],[126.06637,34.81315],[126.05863,34.82193],[126.05444,34.82263]]],[[[126.08076,34.81181],[126.08208,34.81255],[126.08046,34.81495],[126.07989,34.81405],[126.08076,34.81181]]],[[[126.14576,34.81808],[126.14363,34.81813],[126.14331,34.81775],[126.14537,34.81613],[126.14576,34.81808]]],[[[126.06833,34.82389],[126.07019,34.82373],[126.06863,34.82694],[126.06677,34.82592],[126.06833,34.82389]]],[[[126.05834,34.83023],[126.06236,34.82911],[126.06427,34.82984],[126.0597,34.83409],[126.05834,34.83023]]],[[[126.11897,34.88212],[126.11466,34.88312],[126.10836,34.87933],[126.10846,34.87706],[126.11238,34.87477],[126.10904,34.86854],[126.11022,34.86488],[126.11616,34.85818],[126.12008,34.85775],[126.11528,34.85091],[126.10223,34.85153],[126.09224,34.85536],[126.08733,34.86096],[126.08112,34.85804],[126.07519,34.85114],[126.05837,34.84959],[126.0613,34.84388],[126.07632,34.82806],[126.07382,34.823],[126.08296,34.81724],[126.09059,34.81499],[126.09321,34.80791],[126.09616,34.80532],[126.09557,34.80258],[126.09123,34.80145],[126.09388,34.79662],[126.11904,34.8003],[126.12041,34.80278],[126.11841,34.8057],[126.12304,34.81248],[126.11735,34.81694],[126.11467,34.82602],[126.12068,34.83017],[126.12172,34.83439],[126.1246,34.8359],[126.14349,34.82406],[126.13897,34.83031],[126.13957,34.835],[126.14857,34.83897],[126.15108,34.84537],[126.13993,34.85226],[126.13478,34.85288],[126.1335,34.85655],[126.1353,34.8623],[126.14983,34.85875],[126.15792,34.86205],[126.15479,34.86917],[126.14531,34.87543],[126.146,34.87897],[126.14403,34.88096],[126.14006,34.8808],[126.14083,34.87812],[126.13794,34.8752],[126.13356,34.87663],[126.13091,34.88051],[126.1241,34.87923],[126.11897,34.88212]]],[[[126.05406,34.84328],[126.05765,34.84236],[126.05871,34.84558],[126.05552,34.84608],[126.05406,34.84328]]],[[[126.11565,34.88544],[126.11987,34.88496],[126.12428,34.88758],[126.12077,34.88886],[126.11565,34.88544]]],[[[126.10484,34.88474],[126.11092,34.88492],[126.11181,34.88647],[126.10744,34.88949],[126.10484,34.88474]]],[[[126.11518,34.94901],[126.11638,34.94801],[126.11744,34.94837],[126.11521,34.95051],[126.11518,34.94901]]],[[[126.12389,34.96399],[126.12222,34.96201],[126.12406,34.96108],[126.12495,34.96199],[126.12389,34.96399]]],[[[126.16661,35.02118],[126.15744,35.0263],[126.13258,35.02729],[126.13163,35.02362],[126.12872,35.02701],[126.1265,35.02689],[126.11472,35.01842],[126.11278,35.0149],[126.11523,35.01128],[126.11376,35.0098],[126.10833,35.00945],[126.10763,35.00554],[126.10117,35.00828],[126.09886,35.00542],[126.09714,34.99976],[126.10289,34.99981],[126.10457,34.9941],[126.10762,34.99417],[126.10728,34.99662],[126.11208,34.9973],[126.1138,34.9925],[126.11581,34.99552],[126.12227,34.9972],[126.12251,34.99974],[126.13321,35.0014],[126.13623,34.9973],[126.13324,34.98952],[126.13519,34.96752],[126.13224,34.96557],[126.1235,34.95087],[126.12609,34.94203],[126.12872,34.94449],[126.14071,34.94714],[126.14027,34.94431],[126.14467,34.94139],[126.15797,34.93789],[126.17227,34.94402],[126.16961,34.94439],[126.16943,34.94747],[126.17459,34.94597],[126.17628,34.94919],[126.18787,34.977],[126.18766,34.98651],[126.18321,34.99364],[126.17684,34.99368],[126.17897,34.99664],[126.18233,34.99504],[126.18193,34.99732],[126.16661,35.02118]]],[[[126.09874,34.99693],[126.09934,34.9988],[126.09638,34.9988],[126.09714,34.99696],[126.09874,34.99693]]],[[[126.0999,35.01134],[126.10342,35.01031],[126.10403,35.01356],[126.10054,35.01501],[126.0999,35.01134]]],[[[126.10134,35.01794],[126.10288,35.01722],[126.10551,35.01706],[126.10419,35.01911],[126.10134,35.01794]]],[[[126.10694,35.01884],[126.10954,35.0161],[126.11277,35.02032],[126.1101,35.02127],[126.10694,35.01884]]],[[[126.11137,35.02442],[126.11331,35.02783],[126.1101,35.02848],[126.10505,35.02574],[126.10794,35.02367],[126.11137,35.02442]]],[[[126.12533,35.03823],[126.13282,35.03934],[126.13303,35.0412],[126.12845,35.04103],[126.12533,35.03823]]],[[[126.1114,35.05517],[126.11171,35.05287],[126.11483,35.05286],[126.11428,35.0546],[126.1114,35.05517]]],[[[126.12362,35.06479],[126.1217,35.06628],[126.12071,35.06454],[126.12283,35.06258],[126.12362,35.06479]]],[[[126.13645,35.06789],[126.13291,35.06864],[126.13205,35.06686],[126.13407,35.06623],[126.13645,35.06789]]],[[[126.12876,35.07181],[126.1322,35.07008],[126.13582,35.07062],[126.13083,35.07469],[126.12876,35.07181]]],[[[126.14574,35.07571],[126.14995,35.07299],[126.14773,35.07858],[126.14472,35.07827],[126.14574,35.07571]]],[[[126.14712,35.08396],[126.14659,35.09129],[126.14357,35.09373],[126.1342,35.09328],[126.12914,35.08429],[126.13498,35.08257],[126.13713,35.08458],[126.14189,35.08193],[126.14712,35.08396]]],[[[126.13448,35.12564],[126.14528,35.13738],[126.15754,35.14051],[126.16488,35.14591],[126.15316,35.14801],[126.14563,35.1465],[126.14137,35.14319],[126.13572,35.14521],[126.1279,35.14334],[126.11323,35.14384],[126.11388,35.13862],[126.10906,35.13275],[126.10642,35.13115],[126.10034,35.13196],[126.10097,35.12795],[126.09791,35.12392],[126.08483,35.11162],[126.07115,35.10468],[126.05117,35.10465],[126.04838,35.10256],[126.05115,35.09386],[126.04585,35.09138],[126.0453,35.08737],[126.04148,35.08527],[126.04287,35.08079],[126.04068,35.0784],[126.04572,35.07735],[126.04576,35.07346],[126.04269,35.07016],[126.03706,35.07108],[126.03669,35.06513],[126.04084,35.06455],[126.04317,35.06675],[126.04802,35.06109],[126.05334,35.06101],[126.05613,35.06309],[126.05866,35.0619],[126.0565,35.05654],[126.06347,35.05513],[126.06568,35.05624],[126.06314,35.05865],[126.0641,35.06486],[126.07427,35.06724],[126.07259,35.05982],[126.07572,35.05717],[126.07576,35.05353],[126.09072,35.05206],[126.09683,35.04712],[126.10157,35.04667],[126.10257,35.04984],[126.10864,35.04903],[126.10518,35.05508],[126.1059,35.05679],[126.11623,35.05825],[126.11857,35.0613],[126.1157,35.06639],[126.12344,35.0758],[126.12266,35.0798],[126.12427,35.08091],[126.12215,35.08563],[126.12362,35.08661],[126.12324,35.09409],[126.12052,35.09954],[126.12804,35.11624],[126.13448,35.12564]]],[[[126.06566,35.10905],[126.05943,35.11355],[126.0566,35.1129],[126.05693,35.11047],[126.06373,35.10612],[126.06566,35.10905]]],[[[126.14669,34.5692],[126.14707,34.56301],[126.15573,34.56445],[126.15452,34.56794],[126.15143,34.56985],[126.14669,34.5692]]],[[[126.19974,34.56788],[126.19895,34.56866],[126.19679,34.56829],[126.19868,34.56591],[126.19974,34.56788]]],[[[126.19812,34.57233],[126.19338,34.57091],[126.19676,34.57009],[126.19891,34.57085],[126.19812,34.57233]]],[[[126.19172,34.57852],[126.18749,34.57545],[126.19111,34.57304],[126.19629,34.57385],[126.20023,34.57982],[126.19996,34.58224],[126.1948,34.58246],[126.19172,34.57852]]],[[[126.18446,34.58321],[126.18836,34.58472],[126.18825,34.58598],[126.18354,34.58551],[126.18446,34.58321]]],[[[126.18446,34.61836],[126.18106,34.61836],[126.18026,34.61401],[126.18245,34.61089],[126.1864,34.61232],[126.18706,34.61525],[126.18446,34.61836]]],[[[126.17393,34.61941],[126.17349,34.61591],[126.17749,34.61209],[126.1804,34.61781],[126.17393,34.61941]]],[[[126.20382,34.63566],[126.20563,34.63511],[126.20485,34.63826],[126.20417,34.63786],[126.20382,34.63566]]],[[[126.16312,34.67032],[126.15621,34.67307],[126.14271,34.67433],[126.11744,34.66438],[126.10816,34.64662],[126.11905,34.62934],[126.12861,34.62094],[126.12157,34.6153],[126.13106,34.61286],[126.13194,34.61473],[126.13779,34.61579],[126.13833,34.61831],[126.14565,34.61873],[126.16191,34.61605],[126.16952,34.62085],[126.17776,34.62016],[126.17784,34.62352],[126.18786,34.63077],[126.20259,34.63487],[126.20127,34.64287],[126.18508,34.63885],[126.1881,34.64054],[126.18501,34.64536],[126.18835,34.64995],[126.18731,34.65301],[126.18368,34.65476],[126.18439,34.66241],[126.17107,34.66437],[126.16312,34.67032]]],[[[126.18598,34.66115],[126.18874,34.66102],[126.1901,34.66327],[126.18744,34.66348],[126.18598,34.66115]]],[[[126.15064,34.67688],[126.15419,34.67466],[126.15522,34.67477],[126.15153,34.67846],[126.15064,34.67688]]],[[[126.18489,34.67401],[126.19663,34.68339],[126.2013,34.69031],[126.19998,34.69651],[126.20385,34.7001],[126.20271,34.7025],[126.19558,34.7059],[126.19359,34.70979],[126.1915,34.70978],[126.18836,34.70344],[126.18074,34.70006],[126.17703,34.69463],[126.16907,34.69734],[126.15951,34.69348],[126.15413,34.68827],[126.15599,34.68358],[126.16153,34.6858],[126.16089,34.68005],[126.16702,34.67986],[126.17391,34.67313],[126.18489,34.67401]]],[[[126.17335,34.82241],[126.17465,34.82254],[126.17388,34.82423],[126.17168,34.82421],[126.17169,34.8234],[126.17335,34.82241]]],[[[126.155,34.85799],[126.15593,34.85576],[126.15768,34.85565],[126.15639,34.85861],[126.155,34.85799]]],[[[126.18063,34.88091],[126.18022,34.87838],[126.18071,34.87756],[126.18162,34.87828],[126.18063,34.88091]]],[[[126.16502,34.88125],[126.16736,34.87498],[126.16885,34.87511],[126.16899,34.88429],[126.16489,34.88474],[126.16502,34.88125]]],[[[126.16635,34.89012],[126.16772,34.88892],[126.17008,34.89092],[126.16796,34.89225],[126.16635,34.89012]]],[[[126.16242,34.8903],[126.16442,34.89034],[126.16257,34.89248],[126.16242,34.8924],[126.16242,34.8903]]],[[[126.18133,34.90145],[126.17842,34.9033],[126.17499,34.90085],[126.18026,34.89222],[126.1779,34.88908],[126.1726,34.88784],[126.17529,34.88558],[126.17582,34.88043],[126.18901,34.88977],[126.18969,34.89554],[126.18074,34.89879],[126.18133,34.90145]]],[[[126.17313,34.89661],[126.1691,34.90031],[126.16763,34.89898],[126.17182,34.8959],[126.17313,34.89661]]],[[[126.20194,34.90047],[126.19846,34.9008],[126.19714,34.89949],[126.2008,34.8981],[126.20194,34.90047]]],[[[126.17102,34.91676],[126.17252,34.91954],[126.16562,34.92362],[126.16605,34.91892],[126.17102,34.91676]]],[[[126.17677,34.92657],[126.17707,34.92803],[126.17194,34.9269],[126.17064,34.92313],[126.17482,34.924],[126.17677,34.92657]]],[[[126.1546,34.92784],[126.15133,34.92885],[126.15006,34.92679],[126.15239,34.92618],[126.1546,34.92784]]],[[[126.17176,34.93213],[126.17503,34.92859],[126.17662,34.92881],[126.17658,34.93247],[126.17176,34.93213]]],[[[126.18096,34.94046],[126.17839,34.93873],[126.17887,34.93624],[126.18216,34.94015],[126.18096,34.94046]]],[[[126.19022,34.99379],[126.19294,34.99361],[126.19599,34.99625],[126.19076,35.00301],[126.18844,35.0034],[126.18777,35.00217],[126.19022,34.99379]]],[[[126.19531,35.00654],[126.20139,35.00612],[126.19956,35.01132],[126.19852,35.01162],[126.19531,35.00654]]],[[[126.16046,35.05564],[126.15725,35.05497],[126.14568,35.05914],[126.14047,35.05518],[126.13733,35.05775],[126.13353,35.05173],[126.12989,35.05212],[126.12654,35.04775],[126.13671,35.04725],[126.13781,35.04527],[126.13358,35.04194],[126.14004,35.04195],[126.14613,35.03815],[126.14862,35.03361],[126.16052,35.03236],[126.16286,35.03313],[126.16327,35.03543],[126.16705,35.0338],[126.16559,35.02913],[126.16956,35.0246],[126.17054,35.02704],[126.1825,35.02724],[126.18521,35.02354],[126.18384,35.0214],[126.19224,35.01912],[126.19334,35.01694],[126.19358,35.01446],[126.19009,35.01412],[126.19011,35.00739],[126.19571,35.01018],[126.19711,35.01934],[126.19518,35.02801],[126.19648,35.03057],[126.19982,35.03129],[126.20039,35.03975],[126.19242,35.04486],[126.18866,35.04179],[126.18574,35.04244],[126.18063,35.04761],[126.18032,35.05206],[126.17559,35.05205],[126.16973,35.05579],[126.16046,35.05564]]],[[[126.14863,35.06464],[126.15313,35.0602],[126.15484,35.061],[126.15074,35.06538],[126.14863,35.06464]]],[[[126.15443,35.06972],[126.15657,35.07091],[126.15688,35.0749],[126.15552,35.07497],[126.15443,35.06972]]],[[[126.1534,35.0773],[126.15513,35.07518],[126.15777,35.07743],[126.15681,35.08046],[126.1547,35.08048],[126.1534,35.0773]]],[[[126.15376,35.08373],[126.15538,35.08266],[126.15615,35.0846],[126.15446,35.08481],[126.15376,35.08373]]],[[[126.19997,35.11702],[126.19962,35.11481],[126.203,35.11101],[126.20763,35.11116],[126.21011,35.11353],[126.20541,35.12173],[126.19997,35.11702]]],[[[126.19059,35.1205],[126.18992,35.11893],[126.19444,35.11774],[126.19319,35.11965],[126.19059,35.1205]]],[[[126.20033,35.12725],[126.20658,35.12219],[126.20967,35.1263],[126.20349,35.12932],[126.20004,35.12851],[126.20033,35.12725]]],[[[126.15155,35.13003],[126.14862,35.13043],[126.14876,35.12808],[126.15003,35.12799],[126.15155,35.13003]]],[[[126.1658,35.12889],[126.17033,35.1281],[126.17311,35.12969],[126.16957,35.13163],[126.1658,35.12889]]],[[[126.19993,35.1368],[126.20264,35.13895],[126.20395,35.14491],[126.20111,35.14798],[126.19615,35.14748],[126.18294,35.1425],[126.18536,35.13559],[126.18201,35.13426],[126.18148,35.13019],[126.19202,35.132],[126.19237,35.13581],[126.19601,35.13857],[126.19993,35.1368]]],[[[126.20121,34.62634],[126.19279,34.62696],[126.19833,34.62062],[126.20744,34.62009],[126.21289,34.61726],[126.21599,34.61779],[126.21383,34.62033],[126.2151,34.62305],[126.21921,34.62467],[126.21522,34.62612],[126.20121,34.62634]]],[[[126.20894,34.67063],[126.21057,34.66867],[126.21216,34.67097],[126.20963,34.67169],[126.20894,34.67063]]],[[[126.34676,34.80691],[126.35039,34.80636],[126.35071,34.80832],[126.34724,34.81043],[126.34676,34.80691]]],[[[126.33362,34.8137],[126.33839,34.80982],[126.34178,34.81102],[126.33712,34.81491],[126.33362,34.8137]]],[[[126.30312,34.84102],[126.30607,34.83781],[126.30959,34.84261],[126.30651,34.84326],[126.30312,34.84102]]],[[[126.31008,34.84202],[126.31167,34.84136],[126.31251,34.84378],[126.31007,34.84303],[126.31008,34.84202]]],[[[126.29158,34.84692],[126.29273,34.84505],[126.2948,34.84928],[126.29349,34.84884],[126.29158,34.84692]]],[[[126.21715,34.84804],[126.22095,34.84759],[126.22352,34.85035],[126.2197,34.85246],[126.21509,34.85139],[126.21715,34.84804]]],[[[126.36915,34.8647],[126.37052,34.86252],[126.37255,34.86715],[126.36947,34.86806],[126.36915,34.8647]]],[[[126.30627,34.91719],[126.30452,34.91988],[126.29641,34.922],[126.28385,34.91446],[126.28051,34.91044],[126.29106,34.90133],[126.29517,34.9015],[126.30368,34.88722],[126.2926,34.88129],[126.28937,34.88238],[126.28891,34.8854],[126.28646,34.88707],[126.28043,34.88655],[126.28105,34.8823],[126.27821,34.87324],[126.28099,34.8711],[126.2816,34.8676],[126.27933,34.8634],[126.2752,34.86543],[126.27395,34.8641],[126.2694,34.87295],[126.26417,34.85931],[126.24339,34.85874],[126.2329,34.86476],[126.22659,34.84747],[126.24086,34.84774],[126.25507,34.84015],[126.26222,34.84014],[126.27242,34.84784],[126.27657,34.85575],[126.29153,34.85496],[126.29556,34.85142],[126.30223,34.85398],[126.31255,34.85328],[126.31641,34.84615],[126.32058,34.85047],[126.32864,34.85112],[126.3343,34.84837],[126.33695,34.84441],[126.33645,34.83963],[126.33933,34.8386],[126.34178,34.84236],[126.34385,34.84207],[126.34579,34.8354],[126.34358,34.83298],[126.33685,34.83371],[126.33465,34.83012],[126.33599,34.82679],[126.33359,34.82497],[126.32704,34.8249],[126.32748,34.82158],[126.33816,34.8162],[126.34309,34.81845],[126.34998,34.81353],[126.35757,34.81461],[126.35694,34.8169],[126.36035,34.81942],[126.36124,34.82266],[126.36762,34.82404],[126.36737,34.82728],[126.36527,34.82812],[126.36578,34.83145],[126.37338,34.83305],[126.37139,34.83896],[126.36555,34.83623],[126.36563,34.83997],[126.37163,34.84326],[126.37148,34.84739],[126.36749,34.85176],[126.3691,34.85541],[126.36786,34.85752],[126.36273,34.85652],[126.3583,34.86265],[126.35432,34.86473],[126.35037,34.86314],[126.33854,34.86446],[126.33052,34.86178],[126.32104,34.86219],[126.31562,34.86663],[126.32113,34.86804],[126.3208,34.87136],[126.32566,34.87308],[126.31304,34.87899],[126.31952,34.88367],[126.32661,34.87882],[126.32992,34.87931],[126.32646,34.88233],[126.32638,34.89167],[126.33129,34.89057],[126.33328,34.88925],[126.33283,34.8868],[126.33494,34.88663],[126.33711,34.89341],[126.34527,34.89437],[126.34827,34.89246],[126.34954,34.88716],[126.3516,34.89115],[126.35166,34.89842],[126.3406,34.90165],[126.33847,34.90788],[126.33561,34.9092],[126.3192,34.91316],[126.32114,34.90767],[126.31782,34.90645],[126.3115,34.90891],[126.30575,34.91341],[126.30442,34.91563],[126.30627,34.91719]]],[[[126.37427,34.87334],[126.37809,34.8755],[126.3788,34.87872],[126.36224,34.87514],[126.35929,34.87241],[126.35729,34.86563],[126.36664,34.8658],[126.37427,34.87334]]],[[[126.3472,34.87882],[126.34831,34.8758],[126.34837,34.8839],[126.34679,34.88152],[126.3472,34.87882]]],[[[126.21847,34.89274],[126.21959,34.89132],[126.2225,34.89265],[126.21904,34.89323],[126.21847,34.89274]]],[[[126.26398,34.90307],[126.26247,34.90355],[126.25828,34.90322],[126.26224,34.90239],[126.26398,34.90307]]],[[[126.35392,34.90781],[126.35175,34.91267],[126.3508,34.9105],[126.34506,34.90967],[126.34368,34.90691],[126.35148,34.90052],[126.3558,34.90551],[126.35392,34.90781]]],[[[126.27466,34.91418],[126.27594,34.91213],[126.27635,34.91207],[126.27719,34.91398],[126.27466,34.91418]]],[[[126.28736,34.92066],[126.28967,34.92065],[126.29159,34.92298],[126.28879,34.92239],[126.28736,34.92066]]],[[[126.25207,34.93498],[126.24321,34.93511],[126.23872,34.93296],[126.23414,34.93652],[126.2275,34.93756],[126.21947,34.92408],[126.22008,34.91865],[126.23414,34.90937],[126.23804,34.91021],[126.23965,34.91488],[126.24579,34.9171],[126.24853,34.91757],[126.24989,34.91478],[126.25511,34.91342],[126.25227,34.91592],[126.25142,34.92038],[126.25425,34.9315],[126.25207,34.93498]]],[[[126.27431,34.92853],[126.27634,34.92661],[126.27817,34.93026],[126.27565,34.93067],[126.27431,34.92853]]],[[[126.27699,34.93387],[126.27434,34.93381],[126.27364,34.93256],[126.27691,34.93144],[126.27699,34.93387]]],[[[126.27262,34.93855],[126.26873,34.94078],[126.26998,34.93902],[126.27177,34.93833],[126.27262,34.93855]]],[[[126.27569,34.94631],[126.27354,34.94647],[126.27281,34.94463],[126.27553,34.94409],[126.27702,34.94548],[126.27569,34.94631]]],[[[126.252,34.95149],[126.25075,34.94314],[126.2535,34.94253],[126.25602,34.94519],[126.252,34.95149]]],[[[126.23063,34.97994],[126.22921,34.98469],[126.22691,34.98606],[126.21914,34.98475],[126.20709,34.98605],[126.20406,34.98327],[126.18796,34.94611],[126.19292,34.92219],[126.18775,34.92203],[126.19023,34.91716],[126.19467,34.91481],[126.19938,34.91597],[126.20373,34.92339],[126.21445,34.93337],[126.21275,34.93656],[126.21641,34.95201],[126.22226,34.96195],[126.2268,34.96512],[126.22733,34.97377],[126.23063,34.97994]]],[[[126.24691,34.95464],[126.24171,34.95517],[126.23867,34.95798],[126.23704,34.95426],[126.2327,34.95512],[126.23002,34.95106],[126.23366,34.94994],[126.23289,34.94691],[126.23462,34.94553],[126.24343,34.94441],[126.24779,34.9472],[126.24889,34.9518],[126.24691,34.95464]]],[[[126.28034,34.96601],[126.27359,34.97005],[126.26358,34.96877],[126.26472,34.96383],[126.26372,34.96202],[126.25789,34.96242],[126.25843,34.95724],[126.2628,34.95182],[126.26703,34.95696],[126.27183,34.95682],[126.27654,34.94787],[126.2796,34.94869],[126.287,34.94244],[126.28095,34.93466],[126.28523,34.93385],[126.28793,34.93697],[126.29308,34.93373],[126.29819,34.93343],[126.29763,34.93558],[126.30055,34.93829],[126.29643,34.9434],[126.2888,34.96263],[126.28034,34.96601]]],[[[126.22986,34.95692],[126.22746,34.95606],[126.22726,34.95424],[126.23048,34.95485],[126.22986,34.95692]]],[[[126.23317,34.97381],[126.23434,34.97215],[126.2367,34.97847],[126.23461,34.98239],[126.23348,34.97955],[126.23317,34.97381]]],[[[126.26161,35.00585],[126.24655,35.00634],[126.2518,35.00043],[126.25064,34.98234],[126.24546,34.97868],[126.24432,34.97567],[126.24885,34.97293],[126.27075,34.97617],[126.27104,34.98118],[126.26761,34.98619],[126.27073,34.99071],[126.27023,34.9939],[126.26533,34.99458],[126.26553,35.00083],[126.26161,35.00585]]],[[[126.22615,34.99644],[126.23269,34.99572],[126.23286,35.00105],[126.23059,35.00239],[126.22717,35.00098],[126.22615,34.99644]]],[[[126.21059,35.03118],[126.2144,35.02803],[126.2153,35.02807],[126.21366,35.03206],[126.21059,35.03118]]],[[[126.21232,35.0348],[126.21459,35.03411],[126.21533,35.0352],[126.21419,35.03638],[126.21232,35.0348]]],[[[126.21976,35.03385],[126.22144,35.03349],[126.2212,35.03776],[126.21762,35.03793],[126.21732,35.03688],[126.21976,35.03385]]],[[[126.26215,35.05369],[126.26004,35.06638],[126.24423,35.07824],[126.24503,35.08487],[126.24896,35.09197],[126.24768,35.09711],[126.23629,35.10152],[126.23262,35.09854],[126.22484,35.10451],[126.21795,35.10671],[126.20982,35.1032],[126.19031,35.11279],[126.18176,35.1093],[126.17804,35.10416],[126.17295,35.10632],[126.15994,35.09887],[126.15709,35.0895],[126.16557,35.08347],[126.16314,35.07373],[126.15986,35.07221],[126.16109,35.06695],[126.16511,35.06726],[126.1683,35.07221],[126.16876,35.06795],[126.17274,35.06353],[126.17564,35.06658],[126.18014,35.06639],[126.18244,35.0578],[126.1988,35.06294],[126.20082,35.06184],[126.20424,35.05705],[126.20081,35.0585],[126.1942,35.05501],[126.19922,35.05158],[126.20542,35.03945],[126.20982,35.04046],[126.21003,35.04542],[126.20447,35.05688],[126.2072,35.05466],[126.21103,35.05683],[126.22261,35.05781],[126.23268,35.05306],[126.23518,35.04424],[126.23254,35.04368],[126.22762,35.03813],[126.23059,35.0354],[126.22825,35.02773],[126.23158,35.02596],[126.22663,35.02343],[126.22711,35.01971],[126.22884,35.01752],[126.23293,35.01718],[126.24145,35.01913],[126.23972,35.0218],[126.24286,35.0275],[126.24825,35.01453],[126.24722,35.01367],[126.25021,35.01173],[126.25592,35.01268],[126.25992,35.01898],[126.26594,35.02227],[126.26655,35.02895],[126.27408,35.03394],[126.2742,35.03766],[126.26423,35.04242],[126.2606,35.05005],[126.26011,35.05323],[126.26215,35.05369]]],[[[126.21825,35.12724],[126.22033,35.12773],[126.22014,35.13428],[126.21895,35.13322],[126.21825,35.12724]]]]}},{"id":"feature_177","type":"Feature","properties":{"시도":"전남광주","시군구":"여수시"},"geometry":{"type":"MultiPolygon","coordinates":[[[[127.37277,34.00886],[127.37301,34.0063],[127.37439,34.00616],[127.37458,34.00872],[127.37277,34.00886]]],[[[127.37367,34.01493],[127.37101,34.01521],[127.37287,34.01141],[127.3741,34.01185],[127.37367,34.01493]]],[[[127.32623,34.02254],[127.3234,34.02239],[127.32262,34.0205],[127.32465,34.02104],[127.32623,34.02254]]],[[[127.37268,34.02362],[127.3708,34.0219],[127.3707,34.02009],[127.37472,34.0213],[127.37268,34.02362]]],[[[127.31638,34.02931],[127.30731,34.02842],[127.30932,34.02384],[127.31294,34.02527],[127.32481,34.02484],[127.32186,34.02795],[127.31638,34.02931]]],[[[127.29615,34.06225],[127.29109,34.06277],[127.29401,34.05992],[127.29442,34.05561],[127.29117,34.05499],[127.28617,34.05888],[127.28472,34.05753],[127.28611,34.05579],[127.28309,34.05468],[127.28195,34.05975],[127.28017,34.06043],[127.27803,34.05824],[127.27823,34.05486],[127.27419,34.05238],[127.27975,34.05295],[127.28177,34.05125],[127.2792,34.04323],[127.28121,34.03446],[127.28529,34.03581],[127.28839,34.03318],[127.29105,34.02266],[127.29521,34.01776],[127.29446,34.01418],[127.31161,34.01126],[127.31644,34.01289],[127.32076,34.00667],[127.32457,34.00485],[127.32336,34.0073],[127.32549,34.0125],[127.32465,34.01531],[127.32032,34.01633],[127.31584,34.01435],[127.31093,34.01848],[127.30496,34.01899],[127.30444,34.0205],[127.30866,34.02353],[127.30752,34.026],[127.30557,34.02508],[127.30405,34.02928],[127.29687,34.03223],[127.29742,34.03853],[127.29419,34.03999],[127.29503,34.04474],[127.29238,34.04804],[127.29733,34.055],[127.29615,34.06225]]],[[[127.30729,34.06045],[127.30777,34.06249],[127.30534,34.06282],[127.30305,34.05833],[127.30942,34.05293],[127.314,34.04311],[127.30923,34.03228],[127.31338,34.04016],[127.32755,34.03673],[127.3312,34.03311],[127.33476,34.0341],[127.33272,34.04154],[127.32472,34.04549],[127.32403,34.04753],[127.32686,34.05185],[127.32352,34.05902],[127.32193,34.05962],[127.31776,34.05631],[127.31395,34.0589],[127.3092,34.05829],[127.30729,34.06045]]],[[[127.26186,34.21157],[127.26366,34.21209],[127.2606,34.213],[127.26056,34.21244],[127.26186,34.21157]]],[[[127.19245,34.21907],[127.19361,34.21643],[127.19713,34.21547],[127.20117,34.22061],[127.19795,34.2244],[127.19245,34.21907]]],[[[127.22386,34.2244],[127.21953,34.22479],[127.21754,34.22297],[127.22243,34.22096],[127.22525,34.22314],[127.22386,34.2244]]],[[[127.45768,34.22798],[127.46593,34.22758],[127.45874,34.2332],[127.45695,34.23192],[127.45768,34.22798]]],[[[127.26308,34.24514],[127.25636,34.25126],[127.2533,34.25114],[127.24721,34.24664],[127.24305,34.248],[127.2432,34.23799],[127.23788,34.23524],[127.23558,34.23796],[127.23311,34.2367],[127.23124,34.22626],[127.22485,34.21626],[127.22526,34.21294],[127.22142,34.21018],[127.22529,34.21031],[127.2289,34.21568],[127.2362,34.21503],[127.23864,34.21622],[127.23757,34.21816],[127.24121,34.21901],[127.24467,34.21407],[127.24814,34.21486],[127.25658,34.21088],[127.25897,34.21149],[127.25828,34.21924],[127.24991,34.22181],[127.2519,34.22409],[127.25671,34.22252],[127.26168,34.22446],[127.26231,34.2284],[127.25803,34.22948],[127.26024,34.23041],[127.25797,34.23711],[127.26205,34.23833],[127.25934,34.2435],[127.26308,34.24514]]],[[[127.26387,34.23221],[127.26431,34.23169],[127.26745,34.23088],[127.26493,34.23388],[127.26387,34.23221]]],[[[127.46243,34.23424],[127.46129,34.23528],[127.46038,34.23453],[127.46102,34.23388],[127.46243,34.23424]]],[[[127.26333,34.24104],[127.2696,34.23661],[127.27158,34.23794],[127.26603,34.24206],[127.26335,34.24265],[127.26333,34.24104]]],[[[127.44436,34.24407],[127.44722,34.24117],[127.45639,34.24288],[127.45475,34.24772],[127.44961,34.25046],[127.44674,34.24902],[127.44436,34.24407]]],[[[127.53376,34.2556],[127.53365,34.25407],[127.53536,34.25321],[127.53597,34.25521],[127.53376,34.2556]]],[[[127.44727,34.25511],[127.45014,34.2526],[127.45151,34.2569],[127.44691,34.25618],[127.44727,34.25511]]],[[[127.54047,34.25948],[127.54057,34.25811],[127.54266,34.25824],[127.54213,34.25977],[127.54047,34.25948]]],[[[127.5413,34.26687],[127.52983,34.26947],[127.52697,34.26738],[127.52994,34.26096],[127.53403,34.26165],[127.53757,34.25901],[127.53936,34.25956],[127.5413,34.26687]]],[[[127.3613,34.29268],[127.36118,34.28869],[127.35705,34.28852],[127.35251,34.29016],[127.35336,34.2961],[127.35056,34.29511],[127.34765,34.28468],[127.34897,34.27877],[127.34765,34.27471],[127.35184,34.27355],[127.36957,34.28713],[127.37003,34.29072],[127.36781,34.29479],[127.36426,34.29505],[127.3613,34.29268]]],[[[127.39655,34.27896],[127.39878,34.27959],[127.3986,34.28401],[127.40167,34.28679],[127.4013,34.29222],[127.40055,34.29419],[127.39455,34.29638],[127.39076,34.29595],[127.38552,34.29019],[127.38818,34.28025],[127.38988,34.27935],[127.39192,34.28255],[127.3949,34.28315],[127.39655,34.27896]]],[[[127.37975,34.29334],[127.37961,34.29541],[127.37101,34.29534],[127.373,34.29313],[127.37975,34.29334]]],[[[127.55075,34.61533],[127.5513,34.61766],[127.54495,34.61918],[127.54107,34.61564],[127.54442,34.61368],[127.54382,34.61225],[127.54062,34.61177],[127.53796,34.61396],[127.5341,34.61163],[127.53255,34.61642],[127.52899,34.61764],[127.52206,34.61447],[127.5253,34.60396],[127.5276,34.60574],[127.53021,34.60334],[127.53503,34.60471],[127.53673,34.60958],[127.54048,34.60793],[127.53902,34.60616],[127.53977,34.59906],[127.53388,34.59897],[127.53418,34.59737],[127.54877,34.59573],[127.55082,34.5974],[127.55143,34.60207],[127.56169,34.60282],[127.56691,34.60546],[127.56483,34.60805],[127.56482,34.61329],[127.56177,34.61565],[127.55764,34.61673],[127.55075,34.61533]]],[[[127.55089,34.62963],[127.54651,34.62967],[127.54294,34.63267],[127.5406,34.6296],[127.53735,34.62943],[127.53589,34.63241],[127.53246,34.62543],[127.53764,34.62381],[127.5355,34.62657],[127.53733,34.6266],[127.54255,34.62301],[127.54762,34.62662],[127.55116,34.62663],[127.55089,34.62963]]],[[[127.51736,34.63775],[127.51692,34.63948],[127.5133,34.63869],[127.50937,34.63317],[127.51477,34.62271],[127.5218,34.61939],[127.52463,34.62121],[127.51595,34.62554],[127.51736,34.63775]]],[[[127.51262,34.76051],[127.51046,34.7615],[127.50878,34.7586],[127.51621,34.75457],[127.51542,34.75738],[127.51262,34.76051]]],[[[127.49451,34.76606],[127.48985,34.76624],[127.49719,34.759],[127.50031,34.75281],[127.50363,34.75506],[127.50338,34.75753],[127.49575,34.7611],[127.49451,34.76606]]],[[[127.56391,34.58631],[127.56727,34.58565],[127.56809,34.58616],[127.56243,34.58858],[127.56391,34.58631]]],[[[127.60529,34.58969],[127.60141,34.59061],[127.59934,34.58941],[127.60371,34.58836],[127.60529,34.58969]]],[[[127.55936,34.58591],[127.56159,34.58686],[127.55652,34.59084],[127.55776,34.59378],[127.55364,34.59271],[127.55454,34.58963],[127.55944,34.58844],[127.55936,34.58591]]],[[[127.62557,34.58854],[127.6258,34.59595],[127.62259,34.59686],[127.60595,34.5895],[127.60833,34.58831],[127.62303,34.59071],[127.62557,34.58854]]],[[[127.56776,34.59414],[127.5657,34.5921],[127.5699,34.59146],[127.56884,34.59427],[127.56776,34.59414]]],[[[127.66103,34.6036],[127.64967,34.60401],[127.65076,34.59454],[127.64545,34.59087],[127.65215,34.5872],[127.65802,34.59343],[127.65417,34.59757],[127.66064,34.60066],[127.66103,34.6036]]],[[[127.57682,34.59786],[127.57801,34.59607],[127.58016,34.5975],[127.57774,34.60016],[127.57682,34.59786]]],[[[127.59783,34.5951],[127.60214,34.59504],[127.60721,34.60187],[127.60707,34.60413],[127.60453,34.60502],[127.59686,34.60085],[127.59464,34.59834],[127.59783,34.5951]]],[[[127.58358,34.61352],[127.58291,34.61097],[127.58752,34.61429],[127.5855,34.61539],[127.58358,34.61352]]],[[[127.63962,34.62285],[127.63565,34.62465],[127.6292,34.62328],[127.62605,34.61962],[127.62606,34.6136],[127.63327,34.60729],[127.63759,34.60797],[127.64054,34.60563],[127.64143,34.60741],[127.63976,34.60931],[127.64192,34.61187],[127.64455,34.61189],[127.64697,34.60835],[127.65521,34.60878],[127.64693,34.61898],[127.64304,34.61822],[127.63962,34.62285]]],[[[127.64551,34.63226],[127.64743,34.6336],[127.64787,34.63597],[127.64679,34.63544],[127.64551,34.63226]]],[[[127.55903,34.63821],[127.54981,34.64263],[127.54754,34.64111],[127.54708,34.63755],[127.55283,34.63634],[127.56941,34.62688],[127.56806,34.63509],[127.55903,34.63821]]],[[[127.63683,34.65577],[127.64007,34.65497],[127.63584,34.65981],[127.63488,34.65739],[127.63683,34.65577]]],[[[127.54876,34.65762],[127.55097,34.65756],[127.55154,34.65915],[127.55036,34.65957],[127.54876,34.65762]]],[[[127.5422,34.84329],[127.54277,34.83797],[127.53939,34.83572],[127.53836,34.83179],[127.52568,34.8225],[127.52286,34.80982],[127.52614,34.80919],[127.52698,34.81096],[127.53177,34.80618],[127.53824,34.80532],[127.54358,34.80594],[127.54625,34.81019],[127.55723,34.80682],[127.56065,34.80246],[127.55857,34.79626],[127.56656,34.79115],[127.56951,34.78258],[127.57274,34.7829],[127.57054,34.77882],[127.56345,34.78061],[127.55944,34.77733],[127.56779,34.77695],[127.57166,34.77442],[127.57514,34.76963],[127.57182,34.76164],[127.57267,34.76007],[127.57918,34.76086],[127.58164,34.76898],[127.58314,34.76878],[127.59019,34.75652],[127.5841,34.75031],[127.59221,34.7504],[127.60386,34.74336],[127.58261,34.74563],[127.58277,34.73979],[127.57776,34.73889],[127.5775,34.73699],[127.57971,34.73574],[127.57859,34.73301],[127.56711,34.7281],[127.56112,34.73199],[127.55942,34.72795],[127.56339,34.72784],[127.56376,34.7242],[127.55085,34.71765],[127.54838,34.71112],[127.55568,34.71229],[127.55312,34.70058],[127.55787,34.70177],[127.55916,34.70744],[127.56172,34.70809],[127.56411,34.70127],[127.56596,34.70052],[127.56801,34.70312],[127.57213,34.70372],[127.57705,34.7006],[127.58119,34.69374],[127.57298,34.69919],[127.55817,34.69956],[127.55621,34.69603],[127.55831,34.69381],[127.55296,34.69379],[127.55147,34.69172],[127.55024,34.68209],[127.55549,34.67725],[127.55781,34.67887],[127.56346,34.67517],[127.56034,34.67094],[127.55745,34.6717],[127.55247,34.66941],[127.55136,34.66281],[127.55525,34.65705],[127.56012,34.65763],[127.56773,34.65008],[127.57013,34.64359],[127.57428,34.63995],[127.57463,34.63557],[127.58017,34.63071],[127.58281,34.63085],[127.57626,34.64041],[127.57485,34.64781],[127.58174,34.65175],[127.58942,34.65184],[127.60437,34.64529],[127.61515,34.64317],[127.62519,34.63445],[127.62484,34.62989],[127.634,34.63264],[127.63631,34.63002],[127.63425,34.62805],[127.63584,34.62612],[127.64465,34.62741],[127.64619,34.62895],[127.64319,34.63384],[127.63823,34.63664],[127.63331,34.63622],[127.635,34.64026],[127.64038,34.64386],[127.6344,34.64594],[127.64019,34.64585],[127.64265,34.65039],[127.64068,34.65235],[127.6374,34.64881],[127.62981,34.65052],[127.6354,34.66145],[127.63169,34.66533],[127.63316,34.67019],[127.62939,34.67501],[127.61744,34.68299],[127.6189,34.68453],[127.62497,34.68048],[127.63147,34.67998],[127.63945,34.68354],[127.63448,34.68566],[127.63171,34.68326],[127.62341,34.68731],[127.6224,34.69076],[127.62787,34.69639],[127.62529,34.70008],[127.61847,34.70151],[127.61377,34.70663],[127.61675,34.70952],[127.62215,34.70812],[127.62252,34.71233],[127.62102,34.71285],[127.6252,34.71822],[127.62846,34.71713],[127.62625,34.71187],[127.63547,34.71014],[127.63866,34.70614],[127.64294,34.70664],[127.63926,34.71512],[127.64126,34.72682],[127.65111,34.73721],[127.6504,34.73994],[127.65281,34.74449],[127.65851,34.74615],[127.65623,34.75102],[127.65732,34.75499],[127.66257,34.75668],[127.66198,34.75173],[127.66589,34.74818],[127.66293,34.74389],[127.66308,34.74061],[127.66574,34.7423],[127.66643,34.74846],[127.67782,34.74147],[127.68047,34.7416],[127.68176,34.73878],[127.67813,34.73569],[127.69581,34.72741],[127.70007,34.72373],[127.69827,34.721],[127.70291,34.72039],[127.70946,34.72388],[127.72475,34.72633],[127.73558,34.72245],[127.73438,34.72433],[127.73678,34.73227],[127.74309,34.7353],[127.74234,34.737],[127.74565,34.73824],[127.75005,34.73594],[127.76264,34.74423],[127.76549,34.74292],[127.76867,34.744],[127.7689,34.74578],[127.76658,34.74666],[127.7559,34.7414],[127.74821,34.74718],[127.75189,34.74662],[127.74949,34.75061],[127.75276,34.75358],[127.75696,34.75224],[127.75178,34.75466],[127.75436,34.76358],[127.74519,34.77719],[127.74739,34.78066],[127.7569,34.78691],[127.75619,34.79185],[127.75828,34.79547],[127.75675,34.79696],[127.75928,34.80022],[127.76835,34.80025],[127.76964,34.80447],[127.76608,34.80872],[127.7684,34.81215],[127.76725,34.81823],[127.76907,34.82049],[127.77452,34.82133],[127.77366,34.82269],[127.76928,34.8219],[127.76735,34.82496],[127.76875,34.82757],[127.76778,34.83133],[127.77489,34.83747],[127.77535,34.84743],[127.77178,34.85206],[127.77627,34.85469],[127.77985,34.85308],[127.77788,34.85684],[127.77517,34.85689],[127.77415,34.8608],[127.76232,34.86373],[127.7651,34.86441],[127.76197,34.86483],[127.74864,34.86058],[127.74858,34.86212],[127.73938,34.86212],[127.74251,34.8573],[127.74325,34.85093],[127.73391,34.85476],[127.73352,34.85771],[127.72874,34.85977],[127.729,34.86309],[127.73591,34.86405],[127.72869,34.86339],[127.7204,34.85888],[127.69865,34.85938],[127.69505,34.86489],[127.67969,34.84462],[127.67403,34.83995],[127.67546,34.84451],[127.67335,34.84043],[127.67375,34.83976],[127.67011,34.83703],[127.6616,34.8445],[127.64294,34.83046],[127.63875,34.83112],[127.63899,34.8199],[127.63187,34.82868],[127.62672,34.8298],[127.62687,34.8405],[127.63512,34.8386],[127.63637,34.84662],[127.62383,34.84425],[127.61416,34.85306],[127.61207,34.85282],[127.61075,34.84948],[127.60755,34.85078],[127.60245,34.85785],[127.60439,34.86082],[127.60028,34.86205],[127.58968,34.87491],[127.59173,34.88071],[127.59459,34.87957],[127.61424,34.89235],[127.60557,34.90342],[127.59295,34.89524],[127.58986,34.89334],[127.59389,34.88904],[127.58971,34.88637],[127.57255,34.88456],[127.56132,34.88797],[127.55569,34.88684],[127.55025,34.88954],[127.53781,34.88199],[127.53576,34.87815],[127.54208,34.86745],[127.55077,34.86282],[127.54962,34.8591],[127.5509,34.85575],[127.54377,34.8507],[127.5422,34.84329]]],[[[127.56476,34.7368],[127.56237,34.73789],[127.56139,34.73577],[127.56458,34.73283],[127.56575,34.7344],[127.56476,34.7368]]],[[[127.5579,34.74069],[127.56539,34.73927],[127.5677,34.74282],[127.56171,34.74965],[127.55815,34.74782],[127.5579,34.74069]]],[[[127.56262,34.77014],[127.55889,34.77049],[127.55964,34.76324],[127.56626,34.76148],[127.56995,34.76292],[127.56716,34.76758],[127.56197,34.76804],[127.56262,34.77014]]],[[[127.55578,34.78239],[127.55729,34.7805],[127.55841,34.78236],[127.55784,34.78285],[127.55578,34.78239]]],[[[127.56009,34.78818],[127.56065,34.78805],[127.56431,34.79036],[127.56003,34.79184],[127.56009,34.78818]]],[[[127.64365,34.84324],[127.64474,34.84117],[127.64764,34.84122],[127.64567,34.84442],[127.64365,34.84324]]],[[[127.64473,34.84788],[127.64634,34.84756],[127.64691,34.84792],[127.64474,34.84999],[127.64473,34.84788]]],[[[127.62953,34.84831],[127.63351,34.84729],[127.63351,34.84882],[127.64704,34.85743],[127.63368,34.87093],[127.61386,34.85811],[127.62158,34.84846],[127.62953,34.84831]]],[[[127.61873,34.86599],[127.62296,34.86722],[127.62261,34.87028],[127.61916,34.86812],[127.61873,34.86599]]],[[[127.60887,34.86767],[127.61077,34.86749],[127.61182,34.87162],[127.60958,34.87127],[127.60887,34.86767]]],[[[127.63073,34.8803],[127.6202,34.88302],[127.61141,34.8822],[127.61116,34.87882],[127.62344,34.87961],[127.62957,34.8739],[127.6321,34.87548],[127.62942,34.87693],[127.63073,34.8803]]],[[[127.66239,34.58404],[127.65719,34.58566],[127.65354,34.57989],[127.64796,34.58148],[127.63813,34.57381],[127.63936,34.57136],[127.63692,34.56655],[127.63709,34.56015],[127.6389,34.55592],[127.64053,34.55643],[127.64085,34.56156],[127.63837,34.56589],[127.64166,34.56988],[127.64768,34.56727],[127.64689,34.56293],[127.64947,34.55634],[127.65854,34.55263],[127.66331,34.55473],[127.66412,34.55781],[127.66908,34.56089],[127.66997,34.55532],[127.67421,34.55564],[127.67849,34.56693],[127.68538,34.56857],[127.68785,34.57123],[127.69051,34.56848],[127.68663,34.56418],[127.68698,34.55871],[127.69045,34.56483],[127.69717,34.56275],[127.70062,34.56512],[127.70345,34.56347],[127.70493,34.56495],[127.70349,34.56831],[127.69747,34.56931],[127.69612,34.575],[127.69111,34.57657],[127.68318,34.57502],[127.68539,34.5721],[127.68083,34.57006],[127.67537,34.5746],[127.67075,34.57235],[127.66936,34.58038],[127.66684,34.5831],[127.66239,34.58404]]],[[[127.72407,34.57265],[127.72761,34.57707],[127.72532,34.57992],[127.71658,34.57906],[127.70963,34.57546],[127.71244,34.57184],[127.71045,34.56882],[127.71293,34.56508],[127.72315,34.56879],[127.72407,34.57265]]],[[[127.67876,34.57849],[127.6823,34.57747],[127.68208,34.58042],[127.67895,34.57921],[127.67876,34.57849]]],[[[127.6952,34.59142],[127.68463,34.59565],[127.68035,34.5942],[127.68502,34.5884],[127.68895,34.59028],[127.69814,34.59039],[127.6952,34.59142]]],[[[127.72458,34.60944],[127.709,34.61094],[127.70545,34.60955],[127.70397,34.60487],[127.70788,34.60322],[127.71041,34.60471],[127.70957,34.60641],[127.7128,34.60723],[127.7225,34.60607],[127.72574,34.60815],[127.72458,34.60944]]],[[[127.71001,34.63607],[127.71223,34.63575],[127.71436,34.63675],[127.712,34.63746],[127.71001,34.63607]]],[[[127.71522,34.64355],[127.71261,34.64364],[127.7118,34.64248],[127.7135,34.64135],[127.71522,34.64355]]],[[[127.71253,34.67103],[127.71069,34.67069],[127.70811,34.67115],[127.7105,34.66926],[127.71253,34.67103]]],[[[127.68436,34.67566],[127.68149,34.67663],[127.68053,34.67568],[127.68183,34.67513],[127.68436,34.67566]]],[[[127.70004,34.67679],[127.70512,34.67678],[127.70127,34.67972],[127.69926,34.67908],[127.70004,34.67679]]],[[[127.70646,34.68709],[127.70395,34.68771],[127.70358,34.68749],[127.70533,34.68542],[127.70646,34.68709]]],[[[127.71017,34.70755],[127.70711,34.70994],[127.70003,34.71072],[127.70098,34.70845],[127.71191,34.70207],[127.71017,34.70755]]],[[[127.70948,34.71445],[127.71138,34.71202],[127.71234,34.71215],[127.7101,34.71697],[127.70948,34.71445]]],[[[127.71339,34.72099],[127.71161,34.72146],[127.70872,34.71999],[127.71469,34.71985],[127.71339,34.72099]]],[[[127.71678,34.86399],[127.71924,34.86345],[127.7203,34.8638],[127.71885,34.86516],[127.71678,34.86399]]],[[[127.73331,34.89521],[127.73208,34.89272],[127.72966,34.89252],[127.72071,34.89837],[127.71562,34.89942],[127.69984,34.8933],[127.69153,34.88375],[127.69281,34.88084],[127.7004,34.87665],[127.70108,34.87514],[127.69752,34.87272],[127.70184,34.87228],[127.7039,34.87003],[127.70929,34.8719],[127.7153,34.87051],[127.71788,34.86763],[127.7227,34.86769],[127.72325,34.87099],[127.72795,34.87377],[127.7464,34.8727],[127.75123,34.87775],[127.74563,34.89097],[127.73331,34.89521]]],[[[127.80732,34.45998],[127.80024,34.46047],[127.79504,34.45734],[127.79382,34.45369],[127.79719,34.45231],[127.79808,34.44416],[127.79122,34.43564],[127.78618,34.43508],[127.78509,34.43024],[127.80124,34.43192],[127.80146,34.4291],[127.79496,34.42896],[127.7933,34.42603],[127.78864,34.42561],[127.78629,34.41462],[127.78875,34.4126],[127.79609,34.4165],[127.79878,34.40966],[127.80559,34.40825],[127.8033,34.41429],[127.80435,34.41636],[127.80773,34.41628],[127.80957,34.42482],[127.80512,34.42946],[127.81002,34.43443],[127.80992,34.44362],[127.81725,34.45167],[127.8148,34.45331],[127.80936,34.44987],[127.80247,34.45095],[127.80176,34.45408],[127.80587,34.45645],[127.80732,34.45998]]],[[[127.78603,34.45297],[127.78197,34.45337],[127.78139,34.45296],[127.78492,34.45154],[127.78603,34.45297]]],[[[127.78923,34.47718],[127.79203,34.47535],[127.7935,34.48054],[127.79029,34.48118],[127.78923,34.47718]]],[[[127.82665,34.49579],[127.82599,34.49865],[127.82315,34.49998],[127.81825,34.49743],[127.81167,34.49785],[127.80784,34.49446],[127.80698,34.49041],[127.79741,34.48989],[127.79616,34.48251],[127.79805,34.48006],[127.7964,34.47392],[127.80404,34.47133],[127.801,34.4765],[127.80513,34.48294],[127.81044,34.48057],[127.80888,34.47656],[127.81033,34.47517],[127.81287,34.47531],[127.81321,34.47764],[127.81649,34.47914],[127.81946,34.47546],[127.82145,34.47597],[127.82545,34.48499],[127.81866,34.48882],[127.81465,34.48895],[127.81302,34.49173],[127.82665,34.49579]]],[[[127.80428,34.50231],[127.80606,34.50088],[127.80776,34.50246],[127.80688,34.50348],[127.80428,34.50231]]],[[[127.7484,34.55241],[127.74019,34.55306],[127.72557,34.54827],[127.71188,34.53796],[127.70488,34.53961],[127.69694,34.5393],[127.69667,34.53789],[127.70084,34.53232],[127.71281,34.52971],[127.71335,34.527],[127.72003,34.52307],[127.73256,34.52728],[127.73322,34.52586],[127.72543,34.51595],[127.72663,34.51369],[127.74063,34.51047],[127.74003,34.50772],[127.73389,34.50598],[127.73478,34.503],[127.74726,34.50152],[127.75116,34.50489],[127.75432,34.50453],[127.75381,34.49923],[127.76243,34.49909],[127.76753,34.49667],[127.77203,34.49846],[127.77265,34.49685],[127.76937,34.49274],[127.7626,34.49119],[127.76385,34.48981],[127.76677,34.48901],[127.76954,34.49139],[127.77124,34.48737],[127.79014,34.48699],[127.79854,34.49654],[127.79538,34.49473],[127.79174,34.49707],[127.7929,34.50062],[127.78778,34.50622],[127.78096,34.50768],[127.77759,34.50543],[127.76727,34.50954],[127.7675,34.51106],[127.78223,34.51154],[127.7802,34.51996],[127.76287,34.53422],[127.764,34.54013],[127.75775,34.55234],[127.75229,34.55021],[127.7484,34.55241]]],[[[127.77245,34.53786],[127.77163,34.53728],[127.77006,34.53495],[127.77447,34.53553],[127.77245,34.53786]]],[[[127.76457,34.56267],[127.76777,34.56378],[127.77033,34.56688],[127.76575,34.56521],[127.76457,34.56267]]],[[[127.73938,34.56413],[127.73585,34.56521],[127.73602,34.56919],[127.73423,34.57069],[127.73002,34.57106],[127.72439,34.56071],[127.73126,34.56173],[127.7369,34.55943],[127.74143,34.5632],[127.73938,34.56413]]],[[[127.75245,34.56721],[127.74715,34.56802],[127.74439,34.5657],[127.74881,34.56345],[127.75245,34.56721]]],[[[127.73768,34.57158],[127.74157,34.57034],[127.74116,34.57483],[127.73955,34.57511],[127.73768,34.57158]]],[[[127.75757,34.57566],[127.76178,34.57423],[127.76448,34.57579],[127.76211,34.57959],[127.76274,34.58226],[127.75586,34.57873],[127.75757,34.57566]]],[[[127.73704,34.58665],[127.73748,34.58821],[127.73263,34.59075],[127.73395,34.59353],[127.73177,34.59501],[127.72242,34.58933],[127.71793,34.59372],[127.71211,34.59268],[127.72488,34.58582],[127.7343,34.57458],[127.7365,34.57737],[127.74375,34.5798],[127.74399,34.58261],[127.73704,34.58665]]],[[[127.79689,34.60914],[127.7978,34.6078],[127.79983,34.60848],[127.79724,34.61011],[127.79689,34.60914]]],[[[127.79922,34.64673],[127.80085,34.6463],[127.80066,34.64855],[127.79962,34.6486],[127.79922,34.64673]]],[[[127.76038,34.72934],[127.74863,34.73379],[127.73957,34.73366],[127.73648,34.73071],[127.74164,34.72716],[127.74159,34.72197],[127.74689,34.71439],[127.75782,34.71251],[127.75734,34.71],[127.75441,34.70861],[127.75461,34.69874],[127.7579,34.69292],[127.7561,34.69131],[127.76286,34.68765],[127.76133,34.68468],[127.75215,34.68039],[127.74976,34.67551],[127.74699,34.67442],[127.74773,34.66922],[127.74341,34.66536],[127.72964,34.65637],[127.72207,34.65417],[127.71799,34.64302],[127.72454,34.63739],[127.72384,34.63352],[127.71972,34.62893],[127.71535,34.62791],[127.71216,34.62147],[127.71906,34.61347],[127.73752,34.61049],[127.73842,34.60315],[127.74455,34.59939],[127.74496,34.59624],[127.74944,34.59271],[127.76409,34.59335],[127.77067,34.58785],[127.78029,34.58833],[127.78956,34.58471],[127.8005,34.58634],[127.80591,34.59017],[127.80794,34.5966],[127.8023,34.596],[127.80111,34.59852],[127.8042,34.59975],[127.80268,34.60153],[127.79586,34.60513],[127.79371,34.60356],[127.78811,34.60731],[127.79105,34.60818],[127.79222,34.61088],[127.79188,34.62233],[127.79408,34.62374],[127.79215,34.62603],[127.7924,34.63023],[127.79646,34.62799],[127.80039,34.63028],[127.7985,34.63284],[127.79641,34.64855],[127.79798,34.65487],[127.80647,34.65792],[127.80656,34.66089],[127.79503,34.66074],[127.79385,34.66479],[127.80096,34.66616],[127.80079,34.66755],[127.79526,34.6676],[127.795,34.67133],[127.79248,34.67253],[127.78502,34.67009],[127.78297,34.67196],[127.78337,34.67433],[127.77647,34.68111],[127.77755,34.68617],[127.78249,34.68941],[127.77936,34.69335],[127.77978,34.69659],[127.78902,34.69935],[127.79123,34.70174],[127.78706,34.70963],[127.78733,34.71601],[127.77952,34.7214],[127.77131,34.72533],[127.76459,34.72591],[127.76038,34.72934]]],[[[127.73179,34.6623],[127.7341,34.66143],[127.73315,34.66492],[127.73121,34.66398],[127.73179,34.6623]]],[[[127.74263,34.6767],[127.74425,34.67748],[127.74144,34.68251],[127.73993,34.68067],[127.74263,34.6767]]],[[[127.79219,34.69264],[127.79307,34.69167],[127.79571,34.69156],[127.7931,34.69423],[127.79219,34.69264]]],[[[127.72801,34.71806],[127.72353,34.71813],[127.72639,34.71993],[127.72471,34.72242],[127.71863,34.71929],[127.72132,34.71504],[127.7168,34.7131],[127.72067,34.70795],[127.72022,34.70498],[127.73479,34.69899],[127.73671,34.69924],[127.73796,34.703],[127.74192,34.70265],[127.74263,34.70488],[127.73987,34.70728],[127.73394,34.70715],[127.72578,34.71129],[127.72809,34.71573],[127.73225,34.71515],[127.73154,34.71871],[127.72801,34.71806]]],[[[127.72665,34.86719],[127.7305,34.86754],[127.7314,34.86844],[127.72924,34.86889],[127.72665,34.86719]]]]}},{"id":"feature_178","type":"Feature","properties":{"시도":"전남광주","시군구":"영광군"},"geometry":{"type":"MultiPolygon","coordinates":[[[[126.20599,35.18298],[126.21386,35.18376],[126.21427,35.18637],[126.20843,35.18779],[126.20515,35.18505],[126.20599,35.18298]]],[[[126.21938,35.19142],[126.22341,35.19108],[126.22256,35.1955],[126.22053,35.1947],[126.21938,35.19142]]],[[[126.14802,35.20289],[126.15072,35.20623],[126.15648,35.20819],[126.15622,35.21177],[126.151,35.21122],[126.14729,35.20597],[126.13646,35.2049],[126.1296,35.20036],[126.12871,35.20335],[126.12416,35.20222],[126.12197,35.19913],[126.124,35.19563],[126.12164,35.19342],[126.12192,35.1895],[126.13093,35.19173],[126.12753,35.19616],[126.12953,35.19998],[126.13993,35.20215],[126.1438,35.20075],[126.14802,35.20289]]],[[[126.1015,35.25617],[126.10011,35.25623],[126.09957,35.25213],[126.0922,35.25014],[126.08944,35.246],[126.09112,35.24357],[126.09673,35.24279],[126.10197,35.24754],[126.10403,35.25469],[126.1015,35.25617]]],[[[126.11337,35.25583],[126.12092,35.25957],[126.11401,35.25891],[126.11197,35.25754],[126.11337,35.25583]]],[[[126.08276,35.25657],[126.08949,35.25795],[126.09009,35.25954],[126.08359,35.25845],[126.08276,35.25657]]],[[[126.21127,35.28211],[126.21267,35.28359],[126.20952,35.28591],[126.20899,35.28523],[126.21127,35.28211]]],[[[126.15188,35.28795],[126.15141,35.29186],[126.146,35.2947],[126.14247,35.29994],[126.14008,35.29975],[126.14,35.29377],[126.13592,35.28978],[126.13189,35.28963],[126.13091,35.2854],[126.1324,35.28173],[126.1429,35.27673],[126.13777,35.27068],[126.1484,35.2711],[126.15276,35.27474],[126.15444,35.27862],[126.15188,35.28795]]],[[[126.19886,35.29468],[126.20338,35.29244],[126.20388,35.29287],[126.20254,35.29576],[126.19886,35.29468]]],[[[126.00346,35.3327],[126.00093,35.3315],[125.99857,35.33332],[125.99647,35.32321],[125.99211,35.31868],[125.99575,35.31994],[126.00237,35.32974],[126.01033,35.32806],[126.01043,35.33047],[126.00774,35.33273],[126.00346,35.3327]]],[[[125.99225,35.33783],[125.98936,35.33916],[125.98495,35.33675],[125.99734,35.33512],[125.99743,35.33767],[125.99225,35.33783]]],[[[126.02825,35.35663],[126.02955,35.35877],[126.02588,35.35965],[126.02071,35.36441],[126.02067,35.35641],[126.00718,35.3591],[126.00611,35.35586],[126.00109,35.35479],[125.9958,35.35651],[126.00046,35.35221],[126.00841,35.3556],[126.01276,35.35217],[126.01839,35.35207],[126.01884,35.34857],[126.02331,35.34713],[126.02242,35.34457],[126.0112,35.34457],[126.00839,35.34755],[126.00892,35.34374],[126.01228,35.33968],[126.01692,35.34164],[126.01964,35.3395],[126.01989,35.33687],[126.01483,35.33491],[126.01413,35.33162],[126.02637,35.33639],[126.03134,35.33493],[126.04144,35.34634],[126.03661,35.34842],[126.03719,35.3515],[126.02825,35.35663]]],[[[126.05452,35.36738],[126.05965,35.36491],[126.06057,35.36571],[126.05873,35.36963],[126.05452,35.36738]]],[[[126.12989,35.37026],[126.13326,35.37177],[126.1331,35.37287],[126.12949,35.37108],[126.12989,35.37026]]],[[[126.05771,35.37249],[126.0563,35.37535],[126.04516,35.37486],[126.0421,35.3736],[126.04089,35.37065],[126.04555,35.36758],[126.04796,35.37093],[126.05771,35.37249]]],[[[126.35596,35.16929],[126.35743,35.16979],[126.3537,35.17106],[126.35384,35.17044],[126.35596,35.16929]]],[[[126.24419,35.20089],[126.24704,35.20076],[126.24974,35.2031],[126.24573,35.20318],[126.24419,35.20089]]],[[[126.36865,35.16503],[126.38521,35.17436],[126.39067,35.17936],[126.39576,35.17941],[126.39701,35.17674],[126.39983,35.17614],[126.40792,35.18196],[126.40785,35.18609],[126.42034,35.1852],[126.43531,35.17291],[126.45015,35.18584],[126.45638,35.18526],[126.46153,35.18835],[126.46522,35.1861],[126.47006,35.18821],[126.47291,35.19266],[126.4771,35.19388],[126.48198,35.19085],[126.48771,35.19211],[126.48977,35.18733],[126.49259,35.18778],[126.49379,35.18517],[126.50051,35.18346],[126.50857,35.18398],[126.51441,35.18751],[126.51904,35.18569],[126.52819,35.18595],[126.53003,35.18298],[126.53348,35.18229],[126.54366,35.18818],[126.54918,35.18525],[126.56088,35.18798],[126.56496,35.19072],[126.5623,35.19669],[126.56519,35.19868],[126.5801,35.19594],[126.58329,35.1993],[126.59055,35.21342],[126.5896,35.22034],[126.59313,35.22441],[126.58948,35.22948],[126.59188,35.23194],[126.58331,35.23944],[126.58431,35.24348],[126.58748,35.24637],[126.58401,35.25385],[126.58473,35.25816],[126.5926,35.26141],[126.59784,35.268],[126.60983,35.27126],[126.61578,35.27878],[126.61419,35.28167],[126.61473,35.28825],[126.61822,35.29354],[126.61158,35.29741],[126.61094,35.30024],[126.61879,35.30474],[126.62944,35.30247],[126.63392,35.30372],[126.64014,35.30904],[126.64007,35.31282],[126.64473,35.31987],[126.62507,35.32134],[126.604,35.33558],[126.59868,35.33029],[126.59449,35.32909],[126.58686,35.33071],[126.58336,35.32868],[126.58134,35.32289],[126.58247,35.31982],[126.58965,35.31198],[126.58505,35.30077],[126.57734,35.30396],[126.57262,35.31006],[126.56828,35.31122],[126.5636,35.30973],[126.55095,35.3136],[126.54308,35.30972],[126.53119,35.30747],[126.52327,35.31539],[126.52075,35.32504],[126.51392,35.32723],[126.51351,35.32945],[126.5176,35.33383],[126.51704,35.338],[126.52042,35.34836],[126.51383,35.3567],[126.51282,35.36202],[126.50776,35.3614],[126.49679,35.35003],[126.49369,35.35054],[126.49225,35.35417],[126.49599,35.35834],[126.49731,35.37341],[126.48604,35.37769],[126.48315,35.38073],[126.48241,35.38508],[126.47739,35.38619],[126.49047,35.39505],[126.49281,35.40914],[126.49173,35.41115],[126.48755,35.41304],[126.47713,35.42495],[126.45347,35.42661],[126.44757,35.42981],[126.44427,35.4309],[126.44166,35.42887],[126.43745,35.4306],[126.42745,35.42609],[126.42414,35.43024],[126.42216,35.43003],[126.41481,35.42193],[126.41437,35.41739],[126.40994,35.41452],[126.40262,35.40443],[126.41215,35.40509],[126.40483,35.40277],[126.40801,35.40072],[126.40187,35.39606],[126.40347,35.3941],[126.40206,35.3899],[126.40768,35.38873],[126.40652,35.38468],[126.40788,35.38146],[126.41323,35.38133],[126.41646,35.38337],[126.41993,35.38148],[126.415,35.37786],[126.41054,35.37934],[126.4106,35.37554],[126.41909,35.36943],[126.42926,35.36759],[126.42854,35.36416],[126.43113,35.35983],[126.43979,35.36127],[126.43923,35.35898],[126.44627,35.35711],[126.44871,35.35196],[126.44799,35.34859],[126.44412,35.35558],[126.42759,35.35827],[126.4189,35.36525],[126.41359,35.36336],[126.40664,35.36568],[126.4045,35.36326],[126.40357,35.36899],[126.39696,35.36887],[126.39175,35.35613],[126.38725,35.35315],[126.38722,35.34297],[126.37833,35.32898],[126.37896,35.31973],[126.37547,35.31193],[126.37778,35.30576],[126.37321,35.30034],[126.36407,35.2952],[126.36145,35.29026],[126.3584,35.28935],[126.34387,35.29299],[126.32336,35.28806],[126.32485,35.27072],[126.3321,35.26748],[126.32511,35.2624],[126.32835,35.25917],[126.32403,35.25259],[126.32608,35.24747],[126.33079,35.24655],[126.33171,35.2487],[126.33343,35.24727],[126.32534,35.24309],[126.31114,35.25458],[126.30601,35.24812],[126.2975,35.22737],[126.29916,35.21054],[126.30395,35.20907],[126.30679,35.21124],[126.31363,35.20983],[126.29966,35.19684],[126.30132,35.19527],[126.29812,35.18812],[126.30005,35.18612],[126.30194,35.18739],[126.30399,35.18611],[126.3037,35.18229],[126.30701,35.17823],[126.32184,35.18206],[126.33546,35.19123],[126.36053,35.19619],[126.37664,35.21177],[126.37877,35.20885],[126.37216,35.19889],[126.36861,35.19819],[126.36232,35.19236],[126.35416,35.19007],[126.3439,35.19015],[126.33964,35.18669],[126.35235,35.18153],[126.35897,35.16921],[126.3625,35.16712],[126.36614,35.16756],[126.36865,35.16503]]],[[[126.22201,35.30923],[126.22405,35.308],[126.22705,35.30971],[126.22645,35.31011],[126.22201,35.30923]]],[[[126.39318,35.37244],[126.39732,35.37213],[126.39875,35.37611],[126.39355,35.37474],[126.39318,35.37244]]],[[[126.40906,35.41643],[126.40723,35.41678],[126.40769,35.41502],[126.40931,35.41496],[126.40906,35.41643]]]]}},{"id":"feature_179","type":"Feature","properties":{"시도":"전남광주","시군구":"영암군"},"geometry":{"type":"Polygon","coordinates":[[[126.56142,34.6827],[126.56514,34.68076],[126.55809,34.6713],[126.55776,34.66496],[126.56274,34.66695],[126.56427,34.67229],[126.57113,34.6781],[126.57855,34.68036],[126.58682,34.67891],[126.60137,34.68301],[126.60907,34.67972],[126.6169,34.68198],[126.62656,34.68018],[126.63724,34.67388],[126.63902,34.67429],[126.64312,34.68272],[126.64759,34.68515],[126.64818,34.68902],[126.66569,34.69204],[126.67006,34.69101],[126.67533,34.70165],[126.67246,34.70728],[126.68139,34.71304],[126.67936,34.72067],[126.67421,34.7231],[126.66498,34.72243],[126.66263,34.72784],[126.65597,34.73152],[126.67027,34.74101],[126.68053,34.7534],[126.68453,34.75243],[126.69217,34.75528],[126.70486,34.76689],[126.70983,34.76568],[126.71028,34.76346],[126.71516,34.76008],[126.71804,34.76108],[126.72409,34.75908],[126.72914,34.76111],[126.73794,34.75623],[126.74652,34.75744],[126.74976,34.76431],[126.75389,34.76555],[126.75884,34.77032],[126.7621,34.77057],[126.7649,34.7817],[126.76999,34.78398],[126.77009,34.78581],[126.77548,34.78544],[126.78054,34.78771],[126.78272,34.78647],[126.78422,34.78074],[126.79587,34.7805],[126.79322,34.79422],[126.80074,34.80298],[126.80105,34.81376],[126.80518,34.81865],[126.80725,34.82873],[126.81882,34.83123],[126.82293,34.83627],[126.83008,34.83619],[126.84309,34.83962],[126.84922,34.84416],[126.85432,34.85036],[126.85449,34.8531],[126.85703,34.85351],[126.85873,34.86923],[126.85404,34.86982],[126.84993,34.86786],[126.84336,34.86993],[126.83523,34.86733],[126.82389,34.87112],[126.81165,34.87451],[126.80993,34.86926],[126.80317,34.86841],[126.80089,34.87329],[126.79408,34.87809],[126.78548,34.87935],[126.78337,34.88185],[126.78419,34.88488],[126.76347,34.9001],[126.75285,34.89649],[126.74484,34.89801],[126.73342,34.89044],[126.72515,34.88961],[126.71997,34.89318],[126.7162,34.90507],[126.71177,34.90667],[126.71594,34.91762],[126.70301,34.93003],[126.70256,34.93475],[126.69896,34.94047],[126.67644,34.9463],[126.6685,34.94508],[126.66822,34.9418],[126.6625,34.9351],[126.66178,34.92949],[126.66303,34.92701],[126.66926,34.92679],[126.67618,34.91648],[126.67658,34.90329],[126.68213,34.89378],[126.67492,34.89089],[126.67376,34.88756],[126.67665,34.88301],[126.6753,34.88191],[126.67248,34.88179],[126.66913,34.88671],[126.66494,34.88733],[126.66393,34.89231],[126.66127,34.89337],[126.65136,34.89346],[126.65001,34.88871],[126.644,34.89134],[126.64012,34.88864],[126.63102,34.88854],[126.62808,34.89881],[126.6346,34.89768],[126.63553,34.90087],[126.6348,34.907],[126.632,34.90905],[126.62864,34.92079],[126.61837,34.926],[126.61177,34.92272],[126.60998,34.92371],[126.61168,34.92636],[126.60752,34.92587],[126.60499,34.93024],[126.59933,34.92792],[126.60207,34.92617],[126.60208,34.92316],[126.59537,34.92589],[126.59274,34.92327],[126.59668,34.91575],[126.59283,34.915],[126.58938,34.91907],[126.58484,34.91541],[126.58288,34.91678],[126.58411,34.91885],[126.58274,34.92035],[126.5745,34.91525],[126.57316,34.90806],[126.58036,34.90532],[126.5801,34.89538],[126.57234,34.89233],[126.57251,34.8824],[126.56805,34.87293],[126.5532,34.86324],[126.54814,34.82811],[126.54367,34.81413],[126.53464,34.80309],[126.52714,34.80125],[126.51938,34.79596],[126.51998,34.7859],[126.51791,34.78093],[126.51085,34.77412],[126.50085,34.76987],[126.4924,34.77013],[126.47435,34.78784],[126.45883,34.79335],[126.44797,34.79448],[126.44466,34.79244],[126.44918,34.78321],[126.44361,34.78283],[126.44191,34.77989],[126.43352,34.77762],[126.4256,34.779],[126.40726,34.77313],[126.402,34.77417],[126.38193,34.76918],[126.3792,34.76698],[126.37907,34.76431],[126.38177,34.76375],[126.38022,34.76018],[126.37467,34.75598],[126.37612,34.75458],[126.3795,34.75684],[126.38041,34.75282],[126.36907,34.74775],[126.36528,34.74913],[126.36264,34.74353],[126.3666,34.73809],[126.38846,34.73099],[126.39082,34.73018],[126.39772,34.73373],[126.39857,34.73753],[126.40117,34.73884],[126.41886,34.73762],[126.42794,34.74395],[126.43009,34.74269],[126.42942,34.73912],[126.43903,34.73734],[126.44762,34.7433],[126.44997,34.74175],[126.4417,34.73771],[126.4402,34.7333],[126.43654,34.73301],[126.43618,34.73081],[126.43123,34.73393],[126.42715,34.73359],[126.42344,34.72817],[126.42638,34.72528],[126.44063,34.72802],[126.44324,34.73053],[126.44199,34.73232],[126.44958,34.73714],[126.45277,34.73643],[126.44845,34.73416],[126.45043,34.73091],[126.45726,34.72789],[126.46391,34.73595],[126.47178,34.73767],[126.47577,34.73472],[126.47688,34.72724],[126.47032,34.71878],[126.47708,34.71996],[126.49,34.71504],[126.49326,34.71129],[126.50138,34.71136],[126.50677,34.7135],[126.5078,34.71197],[126.49532,34.70865],[126.5101,34.69284],[126.52503,34.69097],[126.52732,34.68875],[126.50986,34.68811],[126.51293,34.68291],[126.52435,34.6723],[126.536,34.66767],[126.54167,34.67169],[126.55293,34.67439],[126.55382,34.67552],[126.55138,34.67886],[126.55587,34.68405],[126.56142,34.6827]]]}},{"id":"feature_180","type":"Feature","properties":{"시도":"전남광주","시군구":"완도군"},"geometry":{"type":"MultiPolygon","coordinates":[[[[126.51787,34.11868],[126.51758,34.11681],[126.51948,34.11672],[126.51947,34.11874],[126.51787,34.11868]]],[[[126.56653,34.13384],[126.56632,34.12809],[126.57269,34.12943],[126.57008,34.1363],[126.56781,34.13629],[126.56653,34.13384]]],[[[126.58518,34.14492],[126.5881,34.14305],[126.58946,34.14378],[126.58619,34.1455],[126.58518,34.14492]]],[[[126.55621,34.17079],[126.55526,34.17473],[126.54925,34.17951],[126.53928,34.18242],[126.53637,34.1794],[126.53094,34.1795],[126.53192,34.1758],[126.5158,34.17048],[126.51597,34.16639],[126.5043,34.1606],[126.5047,34.15757],[126.50874,34.15528],[126.50914,34.1511],[126.50324,34.14826],[126.50351,34.14606],[126.50652,34.14691],[126.50868,34.14414],[126.5038,34.13868],[126.5114,34.13046],[126.5103,34.12502],[126.51246,34.12116],[126.51873,34.12453],[126.52466,34.12089],[126.52957,34.12143],[126.53785,34.12565],[126.54778,34.12662],[126.54928,34.12945],[126.55506,34.13094],[126.55894,34.1343],[126.56435,34.13494],[126.56456,34.14174],[126.56619,34.14342],[126.57739,34.1444],[126.57409,34.14888],[126.58075,34.15131],[126.57959,34.15688],[126.58882,34.15757],[126.5911,34.16174],[126.59676,34.15731],[126.59684,34.15378],[126.60314,34.14571],[126.60585,34.14798],[126.60354,34.1508],[126.60315,34.15895],[126.60796,34.15769],[126.61698,34.1483],[126.6205,34.15432],[126.62474,34.15711],[126.62166,34.15988],[126.62073,34.16502],[126.60961,34.16215],[126.60401,34.16783],[126.58444,34.17031],[126.57641,34.16878],[126.57407,34.16253],[126.57205,34.16362],[126.57041,34.17038],[126.5606,34.16994],[126.55755,34.16808],[126.55518,34.16882],[126.55621,34.17079]]],[[[126.58566,34.15629],[126.58509,34.15354],[126.58726,34.15277],[126.58754,34.15608],[126.58566,34.15629]]],[[[126.47997,34.1716],[126.47569,34.17113],[126.47513,34.16609],[126.47743,34.16374],[126.48083,34.16463],[126.48169,34.16932],[126.47997,34.1716]]],[[[126.56682,34.17111],[126.56702,34.17344],[126.56424,34.1733],[126.562,34.17562],[126.55737,34.17442],[126.55855,34.17134],[126.56682,34.17111]]],[[[126.483,34.18108],[126.48678,34.1872],[126.4866,34.19062],[126.48234,34.19293],[126.47129,34.19071],[126.47234,34.1868],[126.4762,34.18547],[126.47848,34.17729],[126.48026,34.1771],[126.483,34.18108]]],[[[126.51845,34.1983],[126.51634,34.20074],[126.51072,34.19972],[126.50904,34.20301],[126.50488,34.20511],[126.4956,34.19377],[126.49367,34.18476],[126.48681,34.1829],[126.48474,34.17921],[126.48917,34.17904],[126.49049,34.17645],[126.50012,34.18686],[126.50589,34.18473],[126.5099,34.18679],[126.5104,34.19231],[126.51845,34.1983]]],[[[126.48731,34.19681],[126.49452,34.19715],[126.49554,34.19945],[126.48875,34.19887],[126.48731,34.19681]]],[[[126.54014,34.20465],[126.53784,34.20011],[126.53955,34.19791],[126.54717,34.19938],[126.54352,34.20545],[126.54014,34.20465]]],[[[126.57142,34.23042],[126.56657,34.22984],[126.56819,34.23443],[126.56431,34.23541],[126.55283,34.23363],[126.56131,34.22463],[126.56458,34.22576],[126.56595,34.21985],[126.55642,34.21858],[126.5568,34.21592],[126.55399,34.21176],[126.55773,34.20979],[126.55912,34.21382],[126.56353,34.2118],[126.5604,34.21166],[126.55789,34.20769],[126.55298,34.20656],[126.55311,34.196],[126.55601,34.19583],[126.55371,34.19378],[126.54686,34.1932],[126.54778,34.18897],[126.56179,34.18896],[126.56292,34.18606],[126.56032,34.18549],[126.56028,34.17891],[126.58687,34.17226],[126.60415,34.17356],[126.61486,34.17829],[126.61699,34.18558],[126.61152,34.19249],[126.6051,34.19501],[126.60343,34.19955],[126.60641,34.19999],[126.60986,34.1961],[126.61538,34.19563],[126.61619,34.19817],[126.62415,34.20122],[126.62533,34.20457],[126.6239,34.20667],[126.61815,34.20875],[126.61543,34.21608],[126.60849,34.2186],[126.60794,34.22423],[126.5947,34.22734],[126.58912,34.22349],[126.57732,34.22858],[126.57287,34.22281],[126.57142,34.23042]]],[[[126.50761,34.2097],[126.50921,34.20795],[126.5162,34.20793],[126.51435,34.21216],[126.51681,34.21726],[126.51436,34.21838],[126.51185,34.21214],[126.50761,34.2097]]],[[[126.40373,34.22558],[126.40515,34.22414],[126.41042,34.22814],[126.40657,34.22879],[126.40373,34.22558]]],[[[126.42072,34.22773],[126.41772,34.22243],[126.42296,34.22533],[126.41911,34.2385],[126.41745,34.237],[126.41799,34.23275],[126.42072,34.22773]]],[[[126.58128,34.23834],[126.58325,34.23827],[126.58286,34.24157],[126.58133,34.24099],[126.58128,34.23834]]],[[[126.56438,34.24256],[126.56616,34.24127],[126.56989,34.24548],[126.56137,34.24867],[126.56108,34.2472],[126.56438,34.24256]]],[[[126.44776,34.26077],[126.45273,34.25997],[126.45666,34.2626],[126.45295,34.26457],[126.44763,34.26333],[126.44776,34.26077]]],[[[126.42636,34.26732],[126.42365,34.26383],[126.42816,34.26499],[126.42835,34.26728],[126.42636,34.26732]]],[[[126.42234,34.27165],[126.42803,34.26964],[126.43009,34.2704],[126.4291,34.27163],[126.42234,34.27165]]],[[[126.44995,34.27044],[126.45217,34.26995],[126.4549,34.27248],[126.45044,34.27457],[126.44889,34.2721],[126.44995,34.27044]]],[[[126.56854,34.28267],[126.56244,34.28412],[126.558,34.28156],[126.55028,34.28079],[126.54151,34.28288],[126.53887,34.27846],[126.54076,34.27479],[126.56869,34.27508],[126.57144,34.27641],[126.57228,34.28104],[126.56854,34.28267]]],[[[126.47694,34.28177],[126.4793,34.28705],[126.4773,34.28822],[126.48047,34.28962],[126.48014,34.291],[126.47023,34.28839],[126.46759,34.2785],[126.4649,34.27638],[126.46919,34.27758],[126.47256,34.28392],[126.47558,34.28387],[126.47694,34.28177]]],[[[126.59418,34.29223],[126.58979,34.29677],[126.59125,34.30148],[126.59518,34.30416],[126.59438,34.30524],[126.58072,34.29824],[126.57477,34.28978],[126.57671,34.28883],[126.58602,34.29436],[126.58994,34.29261],[126.58961,34.28909],[126.59418,34.29223]]],[[[126.56918,34.29728],[126.57052,34.29733],[126.57317,34.30375],[126.56827,34.29949],[126.56918,34.29728]]],[[[126.56505,34.30833],[126.56759,34.309],[126.5681,34.31336],[126.56418,34.31076],[126.56505,34.30833]]],[[[126.597,34.09893],[126.60175,34.09685],[126.60554,34.09978],[126.60191,34.1046],[126.59496,34.10796],[126.59382,34.1093],[126.59577,34.11159],[126.59205,34.11431],[126.5862,34.11292],[126.59119,34.10992],[126.59033,34.10532],[126.58456,34.10202],[126.5836,34.09959],[126.597,34.09893]]],[[[126.67914,34.1869],[126.67091,34.19038],[126.66667,34.19579],[126.6612,34.1949],[126.65507,34.19943],[126.65022,34.20046],[126.64506,34.19707],[126.6463,34.19217],[126.64465,34.19033],[126.64003,34.18775],[126.63263,34.18818],[126.63718,34.18279],[126.63355,34.17966],[126.63885,34.17766],[126.64207,34.17373],[126.64615,34.17503],[126.65147,34.16991],[126.65049,34.16734],[126.6475,34.16806],[126.64014,34.16194],[126.63884,34.15589],[126.63068,34.15281],[126.62718,34.14739],[126.6273,34.14556],[126.63227,34.14292],[126.63294,34.14072],[126.62888,34.13713],[126.63552,34.13202],[126.63444,34.12688],[126.63756,34.11974],[126.64007,34.12452],[126.64503,34.12664],[126.64513,34.12912],[126.64777,34.1305],[126.65031,34.12931],[126.65014,34.11762],[126.64706,34.11614],[126.64751,34.1144],[126.65677,34.11425],[126.65921,34.1105],[126.66296,34.11124],[126.668,34.11919],[126.67109,34.11975],[126.66753,34.12634],[126.6726,34.12922],[126.6738,34.13325],[126.67233,34.14058],[126.66923,34.14342],[126.67121,34.14498],[126.67541,34.14242],[126.67543,34.13931],[126.68149,34.13978],[126.68345,34.14694],[126.68189,34.15051],[126.67924,34.15169],[126.6702,34.14938],[126.66973,34.15658],[126.6673,34.15859],[126.66871,34.16281],[126.66341,34.16472],[126.65878,34.1637],[126.65678,34.16626],[126.6583,34.17249],[126.68234,34.17572],[126.68526,34.18202],[126.67914,34.1869]]],[[[126.61123,34.17384],[126.6108,34.17177],[126.61348,34.17233],[126.61276,34.17342],[126.61123,34.17384]]],[[[126.62172,34.18158],[126.6182,34.17847],[126.6227,34.17878],[126.6236,34.18058],[126.62172,34.18158]]],[[[126.61877,34.18644],[126.61757,34.18501],[126.61945,34.18179],[126.6255,34.18525],[126.62226,34.18633],[126.61877,34.18644]]],[[[126.62255,34.19047],[126.62154,34.18967],[126.62356,34.18934],[126.62326,34.19001],[126.62255,34.19047]]],[[[126.76847,34.18882],[126.77102,34.19787],[126.76579,34.20963],[126.76348,34.21168],[126.75474,34.20782],[126.75153,34.20178],[126.75305,34.19719],[126.74973,34.18696],[126.76151,34.17695],[126.76415,34.18883],[126.76659,34.19006],[126.76847,34.18882]]],[[[126.61698,34.19554],[126.62005,34.19365],[126.62315,34.19594],[126.62211,34.19683],[126.61698,34.19554]]],[[[126.62741,34.19867],[126.62578,34.19815],[126.63009,34.19615],[126.62896,34.1981],[126.62741,34.19867]]],[[[126.63229,34.20858],[126.63058,34.2065],[126.63268,34.20386],[126.63909,34.20561],[126.63647,34.20894],[126.63229,34.20858]]],[[[126.62745,34.21105],[126.62545,34.211],[126.62369,34.20795],[126.62636,34.20903],[126.62745,34.21105]]],[[[126.61785,34.22269],[126.62037,34.22208],[126.62119,34.22291],[126.6185,34.22385],[126.61785,34.22269]]],[[[126.77039,34.22371],[126.77383,34.2217],[126.77633,34.22242],[126.77862,34.22679],[126.76911,34.22981],[126.77039,34.22371]]],[[[126.61853,34.23837],[126.62458,34.23729],[126.62689,34.23878],[126.61949,34.24878],[126.61282,34.25107],[126.60423,34.24963],[126.59613,34.24472],[126.59382,34.24221],[126.59261,34.23584],[126.59432,34.23341],[126.59975,34.2324],[126.60894,34.23737],[126.61322,34.23302],[126.61853,34.23837]]],[[[126.61104,34.28469],[126.61351,34.29318],[126.60859,34.29199],[126.60558,34.28265],[126.60943,34.28145],[126.61104,34.28469]]],[[[126.64078,34.31972],[126.64333,34.32041],[126.64266,34.32211],[126.64135,34.32205],[126.64078,34.31972]]],[[[126.84342,34.34957],[126.84411,34.35287],[126.8395,34.35315],[126.83828,34.35606],[126.83363,34.35854],[126.82016,34.35069],[126.81724,34.34245],[126.81973,34.33949],[126.8165,34.33701],[126.80263,34.33364],[126.79447,34.34405],[126.78597,34.34755],[126.78487,34.34465],[126.78155,34.34326],[126.78377,34.34174],[126.77603,34.33515],[126.76052,34.33909],[126.75148,34.33602],[126.75109,34.33371],[126.75668,34.33083],[126.76202,34.33296],[126.7683,34.32797],[126.77354,34.32682],[126.77993,34.32751],[126.78354,34.32327],[126.78889,34.32078],[126.79135,34.31539],[126.79507,34.31511],[126.79645,34.31829],[126.79878,34.31829],[126.79946,34.32253],[126.80346,34.32273],[126.80868,34.32611],[126.82949,34.32441],[126.8317,34.32354],[126.83508,34.3142],[126.83846,34.31305],[126.83603,34.30644],[126.84162,34.29836],[126.84534,34.29827],[126.85045,34.30116],[126.85079,34.30473],[126.85651,34.30566],[126.85767,34.31019],[126.86696,34.31241],[126.86719,34.3154],[126.86346,34.3205],[126.86462,34.32137],[126.8688,34.32137],[126.87148,34.31762],[126.87347,34.31271],[126.87091,34.31011],[126.87196,34.30885],[126.88393,34.30925],[126.88265,34.31175],[126.88729,34.3224],[126.88648,34.32402],[126.8836,34.3232],[126.881,34.32683],[126.88135,34.32958],[126.889,34.33398],[126.89241,34.32993],[126.89753,34.33189],[126.89764,34.33891],[126.89965,34.34115],[126.89792,34.34454],[126.89037,34.3432],[126.88876,34.34067],[126.88114,34.33717],[126.87913,34.33846],[126.87912,34.34307],[126.87497,34.34464],[126.87704,34.34684],[126.87237,34.34961],[126.86699,34.35036],[126.85853,34.34429],[126.85771,34.3515],[126.85287,34.35068],[126.84856,34.34495],[126.84342,34.34957]]],[[[126.7334,34.36739],[126.73123,34.37681],[126.7269,34.38317],[126.71972,34.38444],[126.72137,34.38615],[126.71985,34.3874],[126.71483,34.38734],[126.70957,34.39443],[126.70382,34.39597],[126.70217,34.39854],[126.69292,34.39732],[126.68534,34.40324],[126.67646,34.39963],[126.67058,34.40157],[126.67119,34.3963],[126.66693,34.39567],[126.66519,34.39924],[126.66337,34.39644],[126.65422,34.39332],[126.64469,34.39489],[126.63332,34.40077],[126.62394,34.40059],[126.6275,34.39478],[126.63907,34.39367],[126.64002,34.39133],[126.63687,34.38941],[126.63702,34.3874],[126.64243,34.39167],[126.64303,34.39416],[126.64793,34.39286],[126.64595,34.38773],[126.63868,34.38211],[126.64562,34.36743],[126.64136,34.36392],[126.64518,34.34634],[126.64098,34.34113],[126.64675,34.33912],[126.64898,34.33341],[126.64282,34.32749],[126.65072,34.32722],[126.65218,34.3287],[126.65101,34.33041],[126.6533,34.3312],[126.66501,34.32388],[126.66877,34.32367],[126.67003,34.31591],[126.67732,34.31459],[126.68157,34.30783],[126.67867,34.30459],[126.68542,34.30207],[126.68813,34.29695],[126.69381,34.29352],[126.70334,34.29719],[126.71754,34.29685],[126.7315,34.28706],[126.73794,34.28645],[126.73452,34.29938],[126.732,34.30167],[126.73455,34.30466],[126.73593,34.30132],[126.74303,34.29827],[126.74237,34.2951],[126.74793,34.29129],[126.7587,34.29097],[126.76011,34.2923],[126.76836,34.29005],[126.76863,34.28736],[126.77776,34.28741],[126.77299,34.29145],[126.77204,34.2947],[126.76339,34.29787],[126.76159,34.30088],[126.76263,34.30373],[126.76758,34.30464],[126.77221,34.31234],[126.76603,34.31813],[126.75765,34.31511],[126.75125,34.3183],[126.74851,34.32151],[126.75039,34.32667],[126.74398,34.3332],[126.74347,34.33647],[126.74082,34.33624],[126.73581,34.34293],[126.73869,34.34755],[126.73147,34.35189],[126.73197,34.35965],[126.72913,34.36224],[126.7334,34.36739]]],[[[126.79081,34.35217],[126.79284,34.35041],[126.79631,34.35317],[126.79333,34.35388],[126.79081,34.35217]]],[[[126.76907,34.35429],[126.77085,34.35548],[126.77049,34.35712],[126.76933,34.35647],[126.76907,34.35429]]],[[[126.7345,34.3584],[126.73867,34.35802],[126.7383,34.36112],[126.73581,34.36102],[126.7345,34.3584]]],[[[126.7397,34.39915],[126.73546,34.40338],[126.73277,34.40303],[126.73667,34.39267],[126.74252,34.38986],[126.74394,34.39159],[126.74023,34.39715],[126.74406,34.3965],[126.74538,34.39982],[126.7434,34.40204],[126.7397,34.39915]]],[[[126.8382,34.43416],[126.83604,34.43152],[126.83341,34.43322],[126.83466,34.44411],[126.80124,34.43172],[126.78838,34.43331],[126.77479,34.42176],[126.77179,34.41415],[126.7643,34.40961],[126.76409,34.4051],[126.76858,34.40074],[126.76801,34.39911],[126.75841,34.39431],[126.75527,34.38649],[126.75098,34.38457],[126.74915,34.37948],[126.75774,34.38333],[126.76797,34.38137],[126.77927,34.38178],[126.77559,34.37579],[126.77212,34.37522],[126.76541,34.35992],[126.77954,34.35204],[126.78098,34.35323],[126.7765,34.3573],[126.78192,34.36228],[126.78098,34.36957],[126.78477,34.37024],[126.79354,34.38224],[126.80426,34.38545],[126.80897,34.3829],[126.81899,34.38195],[126.82341,34.38679],[126.83103,34.37762],[126.8328,34.38349],[126.84725,34.39007],[126.85018,34.38827],[126.85523,34.39259],[126.86323,34.38972],[126.86772,34.39043],[126.86524,34.3927],[126.86468,34.39657],[126.85901,34.39652],[126.86152,34.39954],[126.85748,34.40717],[126.84895,34.40682],[126.84803,34.40827],[126.85294,34.41273],[126.8503,34.41864],[126.84635,34.41768],[126.84569,34.41401],[126.84046,34.41095],[126.82555,34.41912],[126.8249,34.4209],[126.82793,34.42236],[126.83506,34.41982],[126.84387,34.4205],[126.84349,34.42534],[126.84584,34.43012],[126.8382,34.43416]]],[[[126.72543,34.41272],[126.71093,34.41831],[126.70022,34.41351],[126.70491,34.4112],[126.71515,34.41325],[126.72227,34.40656],[126.72619,34.40589],[126.72729,34.40931],[126.72543,34.41272]]],[[[126.68858,34.42264],[126.6861,34.42416],[126.68437,34.41985],[126.69465,34.42058],[126.69411,34.42139],[126.68858,34.42264]]],[[[126.93635,33.97164],[126.93546,33.97675],[126.93696,33.9794],[126.93077,33.98718],[126.92376,33.98896],[126.92107,33.98691],[126.91769,33.98882],[126.90961,33.98229],[126.91377,33.97231],[126.91723,33.96869],[126.92718,33.97067],[126.93346,33.96888],[126.93635,33.97164]]],[[[126.90241,34.2125],[126.89205,34.21361],[126.89144,34.2173],[126.8846,34.21688],[126.8839,34.21294],[126.87602,34.21306],[126.87202,34.21014],[126.87342,34.207],[126.87034,34.20351],[126.85723,34.19937],[126.86107,34.19835],[126.86135,34.19448],[126.85678,34.19113],[126.85656,34.1874],[126.85282,34.18566],[126.85328,34.18251],[126.85745,34.18003],[126.85731,34.1773],[126.85399,34.17617],[126.85507,34.17809],[126.85025,34.17989],[126.85094,34.18186],[126.84693,34.17422],[126.85057,34.16908],[126.85555,34.17305],[126.85941,34.17077],[126.85561,34.16658],[126.85057,34.16574],[126.84821,34.16295],[126.85498,34.16095],[126.85306,34.15713],[126.85618,34.15056],[126.86058,34.15689],[126.85969,34.16183],[126.86541,34.16586],[126.87052,34.16572],[126.87298,34.1599],[126.88106,34.15529],[126.87837,34.15169],[126.88106,34.14966],[126.89474,34.15436],[126.90298,34.15409],[126.90856,34.15183],[126.91535,34.1541],[126.91806,34.15866],[126.92001,34.16954],[126.9252,34.17462],[126.92452,34.17973],[126.9204,34.18607],[126.93059,34.18845],[126.92339,34.1906],[126.91458,34.18621],[126.912,34.18741],[126.91029,34.1907],[126.91252,34.19172],[126.91178,34.19465],[126.90377,34.2021],[126.91163,34.20584],[126.91193,34.21256],[126.90671,34.21437],[126.90241,34.2125]]],[[[126.84386,34.19138],[126.84661,34.18884],[126.8501,34.18912],[126.84973,34.19191],[126.84386,34.19138]]],[[[126.85863,34.20344],[126.84821,34.2045],[126.84815,34.20629],[126.84505,34.20337],[126.85899,34.20257],[126.85863,34.20344]]],[[[127.01679,34.22279],[127.01868,34.22245],[127.01881,34.22506],[127.00832,34.22613],[127.00067,34.22328],[126.9978,34.21902],[126.99943,34.21732],[127.01163,34.21824],[127.01163,34.22088],[127.01679,34.22279]]],[[[126.89393,34.28649],[126.89791,34.28181],[126.90179,34.28719],[126.8963,34.29],[126.89393,34.28649]]],[[[126.86392,34.2827],[126.86827,34.28173],[126.86463,34.2908],[126.86247,34.28748],[126.86392,34.2827]]],[[[127.00628,34.2866],[127.00706,34.28983],[127.00538,34.29057],[127.00422,34.28665],[127.00628,34.2866]]],[[[127.00778,34.29746],[127.00463,34.29941],[127.00334,34.29822],[127.00546,34.2965],[127.00778,34.29746]]],[[[126.83226,34.29984],[126.83641,34.29754],[126.83802,34.30082],[126.83594,34.30274],[126.83226,34.29984]]],[[[126.85987,34.30395],[126.85964,34.30161],[126.86435,34.29654],[126.86756,34.30136],[126.85987,34.30395]]],[[[126.88832,34.30595],[126.8854,34.30656],[126.89048,34.30349],[126.89073,34.30456],[126.88832,34.30595]]],[[[126.99928,34.30848],[126.99651,34.30629],[126.9969,34.30561],[127.00096,34.30686],[126.99928,34.30848]]],[[[127.00164,34.33931],[126.98879,34.3373],[126.98306,34.34147],[126.96829,34.33848],[126.95668,34.32751],[126.95652,34.31513],[126.95947,34.3078],[126.96225,34.30809],[126.96363,34.31111],[126.96554,34.31068],[126.96745,34.30794],[126.96624,34.30363],[126.97162,34.30104],[126.9763,34.30219],[126.97804,34.30608],[126.98706,34.30694],[126.99261,34.30478],[126.99053,34.30939],[126.99815,34.31357],[127.00305,34.3137],[127.00583,34.32123],[127.01527,34.32266],[127.01684,34.32496],[127.015,34.33212],[127.0098,34.33183],[127.00164,34.33931]]],[[[126.9024,34.32906],[126.90623,34.32515],[126.90856,34.32627],[126.90427,34.33233],[126.90225,34.33165],[126.9024,34.32906]]],[[[126.90469,34.3385],[126.90461,34.33671],[126.90663,34.33663],[126.90653,34.33898],[126.90469,34.3385]]],[[[127.00621,34.37755],[127.00353,34.37288],[127.00609,34.36958],[127.00882,34.36968],[127.00924,34.37642],[127.00621,34.37755]]],[[[126.95029,34.4072],[126.94632,34.41198],[126.94312,34.41271],[126.94414,34.40881],[126.94125,34.40738],[126.94312,34.40287],[126.93957,34.401],[126.93532,34.39473],[126.93532,34.39171],[126.93083,34.3906],[126.92087,34.39477],[126.91386,34.39123],[126.91207,34.3918],[126.91379,34.39433],[126.91232,34.3965],[126.90627,34.39994],[126.90837,34.40256],[126.90415,34.40246],[126.90282,34.39798],[126.90037,34.39777],[126.8977,34.39887],[126.89866,34.4028],[126.89517,34.40349],[126.89398,34.40112],[126.89661,34.39704],[126.89385,34.39588],[126.89039,34.39859],[126.88986,34.40192],[126.88213,34.40697],[126.87918,34.3997],[126.87242,34.40107],[126.87069,34.40319],[126.87122,34.40516],[126.87327,34.40509],[126.873,34.40787],[126.86468,34.41105],[126.86204,34.40651],[126.87147,34.40048],[126.87219,34.39396],[126.86824,34.39061],[126.86519,34.38412],[126.86378,34.37457],[126.86947,34.36833],[126.88858,34.3651],[126.88667,34.36197],[126.88901,34.35845],[126.89275,34.36073],[126.89986,34.35898],[126.90604,34.35442],[126.90801,34.35471],[126.90682,34.3574],[126.90986,34.35951],[126.91416,34.35538],[126.92221,34.35857],[126.92489,34.36195],[126.92209,34.3671],[126.92977,34.36946],[126.93361,34.37055],[126.9387,34.36554],[126.94894,34.36726],[126.95019,34.3723],[126.94775,34.37758],[126.93549,34.38357],[126.94224,34.38668],[126.94352,34.39457],[126.95129,34.40315],[126.95029,34.4072]]],[[[126.85499,34.38651],[126.85679,34.38661],[126.85615,34.38855],[126.85442,34.38804],[126.85499,34.38651]]],[[[126.9112,34.40837],[126.91189,34.40666],[126.91375,34.40794],[126.91241,34.40869],[126.9112,34.40837]]],[[[126.95083,34.41141],[126.95265,34.41001],[126.95498,34.41193],[126.95439,34.41606],[126.94998,34.41346],[126.95083,34.41141]]],[[[126.86116,34.41441],[126.86209,34.41223],[126.86473,34.41477],[126.86243,34.41611],[126.86116,34.41441]]],[[[126.87095,34.41449],[126.87267,34.4134],[126.8734,34.41431],[126.87275,34.41551],[126.87095,34.41449]]],[[[126.87416,34.41765],[126.87755,34.41346],[126.87356,34.42778],[126.86889,34.42181],[126.87416,34.41765]]],[[[126.86232,34.42206],[126.85715,34.42485],[126.85542,34.4237],[126.8574,34.41885],[126.86224,34.42012],[126.86232,34.42206]]],[[[126.85426,34.42567],[126.8576,34.42542],[126.85289,34.4318],[126.85131,34.42966],[126.85426,34.42567]]],[[[127.07709,34.19495],[127.07076,34.19405],[127.06769,34.19233],[127.06777,34.19032],[127.07583,34.18597],[127.08465,34.18755],[127.08548,34.19011],[127.08025,34.19494],[127.07709,34.19495]]],[[[127.15493,34.2077],[127.1513,34.20601],[127.15371,34.20323],[127.15817,34.20261],[127.17516,34.20328],[127.18009,34.20782],[127.17619,34.20967],[127.15493,34.2077]]],[[[127.0135,34.2455],[127.01212,34.24215],[127.01618,34.23926],[127.02038,34.24536],[127.02,34.25194],[127.01665,34.25678],[127.01111,34.25828],[127.00813,34.25274],[127.0135,34.2455]]],[[[127.02194,34.27633],[127.0132,34.28366],[127.01146,34.28395],[127.0086,34.28021],[127.01198,34.26886],[127.02125,34.27044],[127.02194,34.27633]]],[[[127.13425,34.30092],[127.14181,34.30599],[127.13227,34.31446],[127.1255,34.31517],[127.12895,34.31088],[127.12656,34.30832],[127.11966,34.3098],[127.11864,34.30547],[127.12537,34.29942],[127.13157,34.30246],[127.13425,34.30092]]],[[[127.10073,34.31417],[127.09402,34.30729],[127.09403,34.30314],[127.10016,34.3018],[127.10421,34.30363],[127.10445,34.31121],[127.10073,34.31417]]],[[[127.06158,34.3136],[127.06175,34.30828],[127.06465,34.3069],[127.06553,34.31272],[127.06158,34.3136]]],[[[127.01787,34.32114],[127.01687,34.31927],[127.01809,34.31848],[127.01944,34.32038],[127.01787,34.32114]]],[[[127.01088,34.32152],[127.01138,34.31957],[127.0144,34.31946],[127.01265,34.3218],[127.01088,34.32152]]],[[[127.07594,34.32797],[127.08078,34.3221],[127.0853,34.31993],[127.08951,34.31993],[127.09194,34.32267],[127.08767,34.33039],[127.07741,34.32955],[127.07594,34.32797]]],[[[127.04771,34.35781],[127.05079,34.35943],[127.05079,34.36406],[127.04521,34.37008],[127.04101,34.37008],[127.03487,34.3761],[127.03348,34.38004],[127.02969,34.38101],[127.02956,34.3757],[127.02791,34.3742],[127.02011,34.37796],[127.01112,34.37715],[127.01052,34.37065],[127.00703,34.36722],[127.01065,34.36305],[127.00651,34.35821],[127.00109,34.35838],[126.98909,34.36278],[126.98511,34.36006],[126.98994,34.35539],[126.99717,34.35407],[126.99975,34.35091],[127.00867,34.34879],[127.01238,34.35249],[127.01525,34.35266],[127.02597,34.34791],[127.02756,34.34457],[127.03192,34.34193],[127.0265,34.33955],[127.01756,34.33909],[127.02488,34.33645],[127.03177,34.33855],[127.02876,34.33449],[127.03036,34.3321],[127.0359,34.33258],[127.03573,34.33698],[127.04286,34.34114],[127.05177,34.33937],[127.05318,34.33424],[127.0497,34.32886],[127.0461,34.33004],[127.03614,34.32585],[127.03492,34.32339],[127.03775,34.31009],[127.04165,34.30763],[127.04368,34.30797],[127.04395,34.31601],[127.05043,34.32384],[127.05663,34.32249],[127.05595,34.32901],[127.06924,34.3335],[127.07575,34.33069],[127.08323,34.33461],[127.07689,34.33931],[127.06408,34.33999],[127.06813,34.34647],[127.07191,34.34602],[127.07231,34.34356],[127.08674,34.34232],[127.08943,34.3364],[127.09429,34.33494],[127.10292,34.33695],[127.09072,34.34807],[127.09408,34.35362],[127.0938,34.35709],[127.09101,34.35848],[127.08235,34.35964],[127.07565,34.36335],[127.06671,34.36336],[127.05442,34.36082],[127.05302,34.35549],[127.04631,34.35295],[127.04548,34.35758],[127.04771,34.35781]]],[[[127.09394,34.38405],[127.0966,34.38546],[127.09407,34.39272],[127.08864,34.39251],[127.07294,34.38697],[127.07188,34.38435],[127.07481,34.38132],[127.0684,34.37438],[127.0684,34.37061],[127.07204,34.37159],[127.07267,34.37449],[127.07765,34.37356],[127.07919,34.37646],[127.08269,34.37431],[127.08591,34.37652],[127.09208,34.3768],[127.09223,34.38078],[127.08893,34.38167],[127.09169,34.38438],[127.09394,34.38405]]],[[[127.0243,34.3806],[127.02895,34.38118],[127.02766,34.38485],[127.02375,34.3847],[127.0243,34.3806]]],[[[127.05167,34.39308],[127.04603,34.39401],[127.04472,34.39603],[127.03674,34.395],[127.03241,34.39112],[127.03423,34.38698],[127.04842,34.38484],[127.05123,34.38581],[127.05167,34.39308]]],[[[127.04143,34.4051],[127.04075,34.40234],[127.04122,34.40167],[127.04262,34.40325],[127.04143,34.4051]]],[[[127.03807,34.40546],[127.03874,34.40287],[127.04029,34.40341],[127.0402,34.40532],[127.03807,34.40546]]],[[[127.05192,34.40639],[127.04932,34.40496],[127.04807,34.40305],[127.05221,34.40432],[127.05192,34.40639]]],[[[127.03705,34.40294],[127.03345,34.40882],[127.03103,34.40318],[127.03639,34.40106],[127.03705,34.40294]]],[[[127.11525,34.41459],[127.11609,34.40648],[127.11842,34.40778],[127.11978,34.41192],[127.11764,34.41496],[127.11525,34.41459]]],[[[127.08006,34.40721],[127.0854,34.40567],[127.08294,34.40824],[127.08275,34.41245],[127.08686,34.41732],[127.08492,34.42506],[127.07921,34.4277],[127.07708,34.42719],[127.07881,34.42051],[127.07565,34.41624],[127.07461,34.41057],[127.08006,34.40721]]],[[[127.03375,34.42257],[127.03396,34.42079],[127.03627,34.42194],[127.03616,34.42238],[127.03375,34.42257]]],[[[127.01863,34.42449],[127.01986,34.42349],[127.02056,34.42611],[127.01974,34.4261],[127.01863,34.42449]]],[[[127.05381,34.45839],[127.05381,34.45576],[127.05119,34.45348],[127.04766,34.4571],[127.05212,34.45921],[127.04816,34.46061],[127.04209,34.46026],[127.03269,34.456],[127.02252,34.45618],[127.02205,34.45436],[127.02464,34.45094],[127.03348,34.44847],[127.03639,34.4237],[127.03965,34.41888],[127.04695,34.41411],[127.05877,34.41323],[127.06107,34.40646],[127.05962,34.40082],[127.06145,34.39962],[127.06673,34.40415],[127.07231,34.41433],[127.07315,34.41762],[127.06779,34.42037],[127.07513,34.42136],[127.07577,34.42758],[127.06588,34.4516],[127.05664,34.45827],[127.05381,34.45839]]],[[[127.00614,34.43348],[127.00773,34.4332],[127.01244,34.43655],[127.00689,34.44028],[127.00614,34.43348]]],[[[127.01638,34.44635],[127.01534,34.44476],[127.01709,34.44362],[127.01763,34.44435],[127.01638,34.44635]]],[[[127.01857,34.44981],[127.02215,34.44606],[127.02545,34.44774],[127.02285,34.45152],[127.01857,34.44981]]]]}},{"id":"feature_181","type":"Feature","properties":{"시도":"전남광주","시군구":"장성군"},"geometry":{"type":"Polygon","coordinates":[[[126.65312,35.1924],[126.65616,35.19406],[126.66817,35.19265],[126.66966,35.19445],[126.67749,35.19109],[126.67736,35.20136],[126.68726,35.21541],[126.69055,35.21533],[126.69517,35.21058],[126.70263,35.2078],[126.71074,35.21239],[126.71775,35.21189],[126.72089,35.2188],[126.71857,35.22189],[126.71981,35.2269],[126.72937,35.23765],[126.73042,35.24399],[126.73719,35.25206],[126.74156,35.25087],[126.74826,35.25316],[126.74934,35.25598],[126.75783,35.25836],[126.76116,35.25841],[126.76387,35.25431],[126.75962,35.24607],[126.75477,35.24216],[126.75396,35.23652],[126.75759,35.23356],[126.77042,35.23277],[126.77546,35.23068],[126.78138,35.22483],[126.78987,35.22386],[126.79527,35.21987],[126.80437,35.22137],[126.80539,35.21828],[126.81571,35.22468],[126.82392,35.22565],[126.82526,35.23178],[126.83516,35.22875],[126.84032,35.23127],[126.84097,35.23434],[126.84495,35.2347],[126.84431,35.23672],[126.84661,35.2374],[126.84835,35.23567],[126.85883,35.23974],[126.86242,35.24515],[126.87002,35.24626],[126.87955,35.25149],[126.88243,35.25566],[126.87791,35.25715],[126.86915,35.27067],[126.86636,35.27194],[126.85992,35.28981],[126.85467,35.29421],[126.86317,35.30162],[126.86138,35.32123],[126.87104,35.32309],[126.88013,35.32105],[126.88772,35.32587],[126.87924,35.34],[126.87602,35.34182],[126.87665,35.3451],[126.88284,35.35286],[126.88425,35.36149],[126.88644,35.36441],[126.89573,35.36608],[126.89793,35.37185],[126.90731,35.38002],[126.91738,35.38611],[126.92443,35.37917],[126.92406,35.39265],[126.92575,35.39687],[126.92491,35.39922],[126.9196,35.40197],[126.91736,35.4022],[126.91691,35.40499],[126.92067,35.41089],[126.91587,35.41586],[126.91099,35.41556],[126.90853,35.41667],[126.90737,35.42028],[126.90314,35.42083],[126.90196,35.42277],[126.90364,35.43015],[126.8977,35.433],[126.89758,35.43587],[126.90466,35.4409],[126.90003,35.4423],[126.89484,35.44848],[126.884,35.45099],[126.8805,35.45547],[126.87626,35.45624],[126.86869,35.46139],[126.86156,35.46165],[126.85062,35.46598],[126.83964,35.46213],[126.83814,35.46457],[126.84058,35.46639],[126.84314,35.47599],[126.84228,35.48009],[126.83989,35.4831],[126.83124,35.48007],[126.82613,35.4863],[126.81858,35.48576],[126.81396,35.48294],[126.81293,35.47663],[126.81503,35.47364],[126.81357,35.46885],[126.79285,35.46718],[126.78216,35.47034],[126.77252,35.46838],[126.76168,35.46487],[126.7495,35.45115],[126.74126,35.45251],[126.73813,35.44912],[126.74438,35.44075],[126.74843,35.43996],[126.7513,35.43689],[126.75177,35.42316],[126.7543,35.41794],[126.75396,35.41624],[126.74841,35.41516],[126.74443,35.40929],[126.73744,35.40572],[126.73608,35.40325],[126.72214,35.4],[126.72204,35.39835],[126.72957,35.39459],[126.73208,35.38414],[126.73095,35.37632],[126.71943,35.36492],[126.70458,35.36511],[126.69921,35.34965],[126.69147,35.35158],[126.68548,35.34459],[126.66673,35.35155],[126.66023,35.3442],[126.65939,35.33436],[126.65653,35.33323],[126.65261,35.32769],[126.64661,35.32871],[126.64422,35.32727],[126.64708,35.32424],[126.64473,35.31987],[126.64007,35.31282],[126.64014,35.30904],[126.63392,35.30372],[126.62944,35.30247],[126.61879,35.30474],[126.61094,35.30024],[126.61158,35.29741],[126.61822,35.29354],[126.61473,35.28825],[126.61419,35.28167],[126.61578,35.27878],[126.60983,35.27126],[126.59784,35.268],[126.5926,35.26141],[126.58473,35.25816],[126.58401,35.25385],[126.58748,35.24637],[126.58431,35.24348],[126.58331,35.23944],[126.59188,35.23194],[126.60126,35.23566],[126.61249,35.22995],[126.6184,35.22127],[126.62605,35.21943],[126.63381,35.21092],[126.64263,35.20728],[126.6517,35.19651],[126.65099,35.19316],[126.65312,35.1924]]]}},{"id":"feature_182","type":"Feature","properties":{"시도":"전남광주","시군구":"장흥군"},"geometry":{"type":"MultiPolygon","coordinates":[[[[126.9295,34.42956],[126.93174,34.42917],[126.93209,34.43094],[126.92877,34.43171],[126.9295,34.42956]]],[[[126.84512,34.45134],[126.84686,34.44772],[126.861,34.44121],[126.86516,34.4339],[126.86787,34.43923],[126.87494,34.43556],[126.88003,34.43002],[126.88206,34.42314],[126.88499,34.42185],[126.88701,34.43355],[126.88257,34.43914],[126.87951,34.44798],[126.87304,34.45256],[126.87306,34.4561],[126.92555,34.45266],[126.92727,34.44814],[126.93287,34.44681],[126.93791,34.44768],[126.94734,34.45673],[126.94475,34.46113],[126.94146,34.46244],[126.94094,34.46996],[126.9378,34.47586],[126.94133,34.48241],[126.945,34.48323],[126.95695,34.46852],[126.9621,34.46926],[126.96813,34.47831],[126.97515,34.47472],[126.97613,34.47012],[126.97831,34.4706],[126.97622,34.47508],[126.97883,34.48075],[126.97661,34.48731],[126.96682,34.49181],[126.96346,34.49599],[126.96447,34.49837],[126.96224,34.50136],[126.96507,34.50451],[126.96886,34.50482],[126.968,34.50973],[126.97671,34.50942],[126.97826,34.51142],[126.97303,34.51705],[126.97212,34.52124],[126.97377,34.52376],[126.97157,34.52566],[126.96496,34.52313],[126.9637,34.52803],[126.95975,34.53089],[126.9722,34.54296],[126.97744,34.54338],[126.98186,34.53962],[126.98903,34.54031],[126.98618,34.54629],[126.99012,34.55293],[126.98658,34.55577],[126.98898,34.56183],[126.99769,34.56228],[127.00292,34.55472],[127.00435,34.55577],[127.00469,34.56987],[126.99714,34.56653],[126.98547,34.56888],[126.97928,34.57403],[126.9926,34.58229],[126.99426,34.5865],[126.99331,34.59403],[126.99988,34.59771],[126.99988,34.60419],[127.00825,34.60489],[127.00931,34.60769],[127.00847,34.60962],[126.99447,34.61461],[126.99585,34.6182],[126.99373,34.62381],[126.99002,34.62267],[126.97867,34.62486],[126.96669,34.62337],[126.96382,34.62613],[126.96744,34.62515],[126.98463,34.62787],[127.012,34.62462],[127.02843,34.62789],[127.03208,34.63019],[127.03239,34.63275],[127.03967,34.63619],[127.04663,34.63471],[127.04471,34.64175],[127.0464,34.6442],[127.04197,34.65442],[127.03003,34.66247],[127.02679,34.6718],[127.01964,34.68139],[127.00463,34.68048],[126.99089,34.6832],[126.98034,34.68302],[126.9816,34.69065],[126.975,34.69661],[126.97483,34.70272],[126.97207,34.70607],[126.97576,34.71003],[126.98047,34.70937],[126.98418,34.71152],[126.98885,34.72193],[127.00144,34.72768],[127.00914,34.73527],[127.01339,34.7345],[127.01536,34.73632],[127.01456,34.73991],[127.01752,34.7406],[127.01658,34.74376],[127.02044,34.74841],[127.01158,34.77003],[127.02315,34.77271],[127.02468,34.77612],[127.024,34.77881],[127.01787,34.78219],[127.01524,34.79023],[127.01711,34.79106],[127.01892,34.80471],[127.02273,34.81094],[127.02172,34.81951],[127.02844,34.82037],[127.03144,34.8252],[127.03102,34.83406],[127.03744,34.83803],[127.03332,34.8398],[127.02808,34.83888],[127.00787,34.84119],[127.00273,34.83887],[127.00049,34.83978],[126.99688,34.83596],[126.99227,34.83558],[126.98597,34.84268],[126.98108,34.844],[126.97966,34.85037],[126.9696,34.85034],[126.96432,34.84077],[126.95791,34.84166],[126.94898,34.83963],[126.94708,34.83402],[126.94969,34.82878],[126.9411,34.82431],[126.93861,34.82915],[126.93265,34.83121],[126.93074,34.82951],[126.92291,34.83673],[126.92145,34.83573],[126.92361,34.84087],[126.92119,34.84541],[126.90593,34.84658],[126.90578,34.85602],[126.90746,34.85876],[126.90406,34.8669],[126.89856,34.87306],[126.88707,34.8743],[126.88416,34.8772],[126.87839,34.87637],[126.87663,34.87263],[126.87079,34.87444],[126.86646,34.87219],[126.86271,34.87275],[126.85873,34.86923],[126.85703,34.85351],[126.85449,34.8531],[126.85432,34.85036],[126.84922,34.84416],[126.84309,34.83962],[126.83008,34.83619],[126.82293,34.83627],[126.81882,34.83123],[126.80725,34.82873],[126.80518,34.81865],[126.80105,34.81376],[126.80074,34.80298],[126.79322,34.79422],[126.79587,34.7805],[126.80059,34.77711],[126.81009,34.77825],[126.81298,34.78043],[126.81702,34.7767],[126.81719,34.77209],[126.81418,34.76748],[126.81909,34.76307],[126.81997,34.75958],[126.81855,34.75751],[126.82216,34.75324],[126.82537,34.74387],[126.83148,34.73718],[126.84018,34.73374],[126.84188,34.72577],[126.85228,34.72264],[126.85248,34.72077],[126.84856,34.72025],[126.84679,34.71694],[126.84873,34.71401],[126.84833,34.70772],[126.85466,34.69992],[126.85352,34.69168],[126.85689,34.68399],[126.85587,34.67884],[126.86059,34.67785],[126.86369,34.6721],[126.86815,34.66908],[126.86556,34.66042],[126.87399,34.65279],[126.87036,34.64675],[126.87388,34.64716],[126.8706,34.64006],[126.87142,34.63372],[126.87912,34.62629],[126.87463,34.62002],[126.8692,34.61987],[126.85826,34.62398],[126.84973,34.61867],[126.85385,34.61548],[126.85351,34.60477],[126.85605,34.59991],[126.86816,34.59453],[126.86585,34.591],[126.86972,34.58297],[126.87808,34.57578],[126.87605,34.57335],[126.87903,34.56542],[126.87658,34.56072],[126.87621,34.55196],[126.88455,34.54734],[126.88581,34.54445],[126.88185,34.54027],[126.87706,34.53979],[126.86641,34.53249],[126.86456,34.52898],[126.85848,34.52791],[126.8552,34.51876],[126.85179,34.51683],[126.84396,34.50602],[126.85029,34.49526],[126.85195,34.48154],[126.85021,34.47837],[126.85429,34.4742],[126.85147,34.45912],[126.84512,34.45134]]],[[[126.93985,34.43728],[126.94101,34.4371],[126.94148,34.43744],[126.93921,34.43829],[126.93985,34.43728]]],[[[126.9658,34.46493],[126.96213,34.46537],[126.95851,34.46028],[126.96455,34.45241],[126.96244,34.44812],[126.96575,34.44516],[126.96717,34.44616],[126.96592,34.44959],[126.96738,34.46],[126.9695,34.46199],[126.9658,34.46493]]],[[[127.01679,34.61924],[127.01259,34.62119],[127.00904,34.61818],[127.01173,34.61056],[127.01534,34.61156],[127.01679,34.61924]]]]}},{"id":"feature_183","type":"Feature","properties":{"시도":"전남광주","시군구":"진도군"},"geometry":{"type":"MultiPolygon","coordinates":[[[[125.93949,34.14594],[125.94364,34.14071],[125.94825,34.14479],[125.94308,34.15271],[125.94161,34.16286],[125.93957,34.16456],[125.93565,34.15963],[125.93611,34.15485],[125.9388,34.15337],[125.93986,34.14995],[125.93949,34.14594]]],[[[125.85565,34.19732],[125.86076,34.19413],[125.86237,34.19506],[125.86233,34.19805],[125.86036,34.19886],[125.85565,34.19732]]],[[[125.87867,34.2105],[125.88013,34.20878],[125.88139,34.20973],[125.88015,34.21133],[125.87867,34.2105]]],[[[125.86395,34.2075],[125.86595,34.21181],[125.85697,34.21752],[125.85097,34.21683],[125.84716,34.21421],[125.84855,34.21151],[125.86395,34.2075]]],[[[125.84335,34.2205],[125.84256,34.21939],[125.84745,34.21953],[125.84841,34.22528],[125.83953,34.22559],[125.84439,34.22292],[125.84335,34.2205]]],[[[125.98446,34.23088],[125.98786,34.22923],[125.98939,34.23172],[125.98643,34.23222],[125.98446,34.23088]]],[[[125.96063,34.23708],[125.96333,34.23602],[125.96497,34.23795],[125.96187,34.23931],[125.96063,34.23708]]],[[[125.95597,34.2412],[125.95406,34.24596],[125.94257,34.24415],[125.93625,34.24759],[125.93031,34.24635],[125.92839,34.24343],[125.93016,34.24183],[125.92875,34.23934],[125.92526,34.23863],[125.9277,34.2331],[125.9268,34.23105],[125.92877,34.22936],[125.93204,34.23127],[125.93484,34.2289],[125.94407,34.23111],[125.9473,34.23566],[125.95212,34.23681],[125.95597,34.2412]]],[[[125.92696,34.2543],[125.92141,34.25388],[125.92339,34.25228],[125.92292,34.24441],[125.92598,34.24533],[125.92881,34.24928],[125.92696,34.2543]]],[[[125.92156,34.2569],[125.92593,34.25626],[125.92421,34.2623],[125.90524,34.2589],[125.89844,34.25285],[125.8971,34.246],[125.90943,34.24605],[125.90954,34.24289],[125.91331,34.24077],[125.9153,34.24492],[125.91099,34.24646],[125.90951,34.25069],[125.9141,34.24869],[125.91689,34.25381],[125.91723,34.24883],[125.91561,34.24758],[125.91908,34.2484],[125.92156,34.2569]]],[[[126.00189,34.2663],[125.99631,34.26662],[125.9977,34.2753],[125.99402,34.27907],[125.98614,34.27927],[125.97715,34.27609],[125.97714,34.26818],[125.98129,34.26329],[125.98353,34.2636],[125.98926,34.27002],[125.9866,34.26352],[125.99232,34.26054],[125.99354,34.25774],[125.99167,34.25605],[125.9922,34.25277],[125.99889,34.2547],[126.00366,34.25153],[126.00227,34.25729],[125.99884,34.25805],[125.99875,34.25982],[126.00581,34.26531],[126.0098,34.26468],[126.00459,34.27039],[126.00291,34.27009],[126.00189,34.2663]]],[[[125.97907,34.30177],[125.97671,34.3043],[125.97276,34.30466],[125.96995,34.29985],[125.97794,34.29598],[125.98315,34.29692],[125.98241,34.30082],[125.97907,34.30177]]],[[[125.90197,34.30574],[125.90366,34.30506],[125.90493,34.30564],[125.90108,34.30688],[125.90197,34.30574]]],[[[125.94767,34.30538],[125.94926,34.30558],[125.94657,34.31059],[125.94307,34.3119],[125.94414,34.30147],[125.9497,34.30102],[125.94595,34.30376],[125.94767,34.30538]]],[[[125.99187,34.312],[125.98918,34.31201],[125.98804,34.311],[125.9904,34.31105],[125.99187,34.312]]],[[[125.9615,34.3103],[125.96477,34.31066],[125.96316,34.31581],[125.95093,34.31017],[125.95283,34.30759],[125.9615,34.3103]]],[[[125.98036,34.31568],[125.97507,34.32161],[125.9685,34.32114],[125.96723,34.31918],[125.96991,34.31311],[125.96838,34.31074],[125.972,34.3071],[125.97764,34.30905],[125.98036,34.31568]]],[[[125.97561,34.32363],[125.98092,34.32606],[125.98112,34.32907],[125.97777,34.33126],[125.97458,34.32569],[125.97561,34.32363]]],[[[125.97644,34.34434],[125.97291,34.34615],[125.97101,34.3451],[125.97323,34.34306],[125.97644,34.34434]]],[[[125.95842,34.35073],[125.95155,34.35247],[125.94642,34.34348],[125.94856,34.34205],[125.95086,34.34459],[125.95886,34.3452],[125.95842,34.35073]]],[[[125.98779,34.35194],[125.98883,34.35407],[125.98325,34.35358],[125.98232,34.35166],[125.98893,34.34817],[125.98969,34.3499],[125.98779,34.35194]]],[[[125.9291,34.35444],[125.92966,34.35199],[125.93171,34.35064],[125.93054,34.35455],[125.9291,34.35444]]],[[[125.93186,34.36837],[125.93473,34.36446],[125.93737,34.36456],[125.94569,34.37851],[125.93763,34.37817],[125.93918,34.37578],[125.9354,34.37376],[125.93186,34.36837]]],[[[125.97306,34.37318],[125.97066,34.37987],[125.9644,34.38167],[125.96396,34.37968],[125.97054,34.37643],[125.96721,34.37557],[125.96434,34.37711],[125.96205,34.37565],[125.96094,34.36415],[125.96263,34.36306],[125.96852,34.36592],[125.97306,34.37318]]],[[[126.05784,34.22069],[126.05799,34.21799],[126.05841,34.21791],[126.0591,34.22087],[126.05784,34.22069]]],[[[126.06348,34.24363],[126.05918,34.24938],[126.05393,34.25013],[126.05083,34.25467],[126.04883,34.25471],[126.04846,34.25195],[126.05272,34.24824],[126.04925,34.24039],[126.04111,34.23559],[126.03703,34.23923],[126.03025,34.23682],[126.02604,34.23883],[126.02367,34.23098],[126.02559,34.22821],[126.02626,34.23091],[126.0339,34.23126],[126.03571,34.2187],[126.04072,34.22691],[126.04034,34.2301],[126.0431,34.23167],[126.0577,34.22438],[126.05857,34.22761],[126.05667,34.23088],[126.06089,34.23167],[126.06511,34.24143],[126.06348,34.24363]]],[[[126.04752,34.25764],[126.04924,34.25596],[126.05502,34.25657],[126.05586,34.25871],[126.04932,34.26187],[126.04752,34.25764]]],[[[126.0104,34.26348],[126.01161,34.26187],[126.01323,34.26305],[126.01134,34.26422],[126.0104,34.26348]]],[[[126.05499,34.26921],[126.05711,34.27122],[126.05399,34.27287],[126.05279,34.2714],[126.05499,34.26921]]],[[[125.99165,34.28952],[125.99165,34.28709],[126.00028,34.28762],[126.00207,34.28947],[125.99452,34.29287],[125.99165,34.28952]]],[[[126.00524,34.29125],[126.00569,34.28983],[126.00767,34.29077],[126.00646,34.29195],[126.00524,34.29125]]],[[[126.04548,34.31031],[126.044,34.31522],[126.03924,34.31956],[126.0292,34.3164],[126.03418,34.31181],[126.03004,34.30996],[126.02638,34.31365],[126.02398,34.31327],[126.02142,34.30671],[126.03227,34.3067],[126.0324,34.3048],[126.02081,34.30289],[126.01712,34.29986],[126.01514,34.29113],[126.02418,34.29533],[126.02764,34.29009],[126.02286,34.28715],[126.02343,34.28516],[126.02958,34.28348],[126.0323,34.2845],[126.03463,34.28234],[126.03702,34.2839],[126.04964,34.28164],[126.05244,34.27603],[126.05574,34.27406],[126.05771,34.27462],[126.05898,34.27835],[126.05297,34.28702],[126.05657,34.28814],[126.06066,34.28509],[126.06149,34.28918],[126.06302,34.28901],[126.0648,34.28666],[126.06204,34.27856],[126.06725,34.27351],[126.06889,34.27352],[126.06853,34.27643],[126.07298,34.28018],[126.07392,34.28364],[126.07994,34.28441],[126.08104,34.28342],[126.0792,34.28196],[126.08108,34.28034],[126.08624,34.27929],[126.08655,34.28074],[126.09397,34.2729],[126.09602,34.276],[126.09145,34.2835],[126.09314,34.28905],[126.08806,34.29274],[126.08856,34.29719],[126.08657,34.29936],[126.08979,34.30519],[126.08895,34.3122],[126.08034,34.30805],[126.05518,34.3045],[126.04548,34.31031]]],[[[126.01212,34.30621],[126.01139,34.30472],[126.01386,34.3052],[126.01346,34.30702],[126.01212,34.30621]]],[[[126.01807,34.31242],[126.01617,34.31789],[126.00442,34.31543],[125.99808,34.31679],[125.9987,34.31278],[126.00618,34.31238],[126.00468,34.30553],[126.01103,34.31158],[126.01934,34.30963],[126.01807,34.31242]]],[[[126.02681,34.32462],[126.02548,34.3244],[126.02442,34.32101],[126.02719,34.32278],[126.02681,34.32462]]],[[[126.05362,34.33214],[126.03417,34.33794],[126.02639,34.343],[126.02419,34.33994],[126.011,34.33939],[126.01593,34.33259],[126.00558,34.33533],[126.00088,34.33782],[125.9994,34.3413],[125.99235,34.33857],[125.99634,34.33518],[125.9978,34.32507],[126.01095,34.32124],[126.01558,34.32388],[126.02089,34.32266],[126.02364,34.32573],[126.02199,34.32817],[126.02376,34.33034],[126.03424,34.32403],[126.03687,34.33007],[126.046,34.32375],[126.03799,34.32555],[126.03659,34.32256],[126.0445,34.32173],[126.05201,34.32409],[126.05655,34.31922],[126.05951,34.31917],[126.06119,34.32126],[126.05362,34.33214]]],[[[126.02208,34.35765],[126.01459,34.36095],[126.01022,34.36081],[126.0125,34.35808],[126.01236,34.35456],[126.02123,34.35047],[126.013,34.34858],[126.01401,34.34319],[126.02129,34.34184],[126.02673,34.34324],[126.02208,34.35765]]],[[[126.04261,34.37429],[126.0445,34.37531],[126.04153,34.37864],[126.04143,34.37683],[126.04261,34.37429]]],[[[126.00233,34.37768],[126.00327,34.37386],[126.00679,34.37531],[126.00591,34.38387],[126.00434,34.38362],[126.00233,34.37768]]],[[[126.03809,34.38123],[126.04056,34.38003],[126.04121,34.38276],[126.03761,34.38275],[126.03809,34.38123]]],[[[126.01545,34.38388],[126.01701,34.38303],[126.01788,34.38313],[126.01518,34.38604],[126.01545,34.38388]]],[[[126.03477,34.39604],[126.03534,34.39448],[126.04118,34.39358],[126.03928,34.39869],[126.0357,34.4015],[126.03299,34.40101],[126.03477,34.39604]]],[[[126.04284,34.39617],[126.05194,34.3924],[126.05477,34.39287],[126.05117,34.39716],[126.05023,34.40201],[126.04002,34.407],[126.03859,34.40306],[126.04284,34.39617]]],[[[126.01113,34.39605],[126.01439,34.39998],[126.00953,34.40445],[126.00736,34.39892],[126.01113,34.39605]]],[[[126.00371,34.42555],[126.00589,34.42469],[126.00813,34.42737],[126.00609,34.42717],[126.00371,34.42555]]],[[[125.99808,34.45595],[125.99789,34.45368],[126.001,34.45305],[125.9997,34.45515],[125.99808,34.45595]]],[[[126.02636,34.45648],[126.02786,34.45783],[126.02611,34.46008],[126.0259,34.45928],[126.02636,34.45648]]],[[[126.06516,34.48807],[126.06613,34.49193],[126.06469,34.49342],[126.05944,34.49305],[126.05859,34.49672],[126.05493,34.4987],[126.04683,34.49557],[126.05015,34.49275],[126.04409,34.49092],[126.03895,34.48084],[126.03491,34.48081],[126.03365,34.48415],[126.03183,34.48413],[126.03086,34.48128],[126.0378,34.47531],[126.0409,34.46914],[126.03492,34.46207],[126.03636,34.46007],[126.04039,34.46077],[126.04126,34.45543],[126.04288,34.45527],[126.04424,34.46064],[126.05387,34.4669],[126.05321,34.47192],[126.06631,34.47503],[126.06731,34.47621],[126.06568,34.4777],[126.0719,34.48143],[126.06621,34.48457],[126.05978,34.48033],[126.05532,34.48197],[126.05914,34.48334],[126.05969,34.48836],[126.06516,34.48807]]],[[[126.15962,34.22227],[126.16157,34.22037],[126.16476,34.22073],[126.16542,34.22562],[126.15965,34.22414],[126.15962,34.22227]]],[[[126.15349,34.22444],[126.15139,34.2267],[126.14714,34.22636],[126.15039,34.22235],[126.15321,34.22204],[126.15349,34.22444]]],[[[126.16146,34.22756],[126.16234,34.22677],[126.16492,34.22692],[126.16422,34.22875],[126.16146,34.22756]]],[[[126.0721,34.23362],[126.07402,34.23145],[126.07874,34.23244],[126.07425,34.23715],[126.0721,34.23362]]],[[[126.06874,34.23949],[126.06637,34.2406],[126.06614,34.23814],[126.06791,34.23735],[126.06874,34.23949]]],[[[126.08299,34.24203],[126.09081,34.24822],[126.08629,34.25008],[126.08347,34.24838],[126.07807,34.24906],[126.07239,34.24614],[126.07655,34.24593],[126.07904,34.24264],[126.08299,34.24203]]],[[[126.18652,34.25903],[126.18208,34.26288],[126.17616,34.25353],[126.17258,34.23947],[126.17483,34.23634],[126.18097,34.2372],[126.17872,34.24205],[126.18016,34.24762],[126.18696,34.2539],[126.18652,34.25903]]],[[[126.17589,34.26379],[126.17327,34.26478],[126.17262,34.26399],[126.17786,34.26118],[126.17589,34.26379]]],[[[126.15133,34.26458],[126.15128,34.26916],[126.1392,34.26979],[126.14546,34.263],[126.15599,34.25711],[126.15653,34.25902],[126.15186,34.2614],[126.15133,34.26458]]],[[[126.10598,34.26804],[126.10214,34.26745],[126.0988,34.27078],[126.09567,34.27095],[126.10015,34.26273],[126.11171,34.2609],[126.10926,34.26887],[126.10598,34.26804]]],[[[126.11959,34.27001],[126.11919,34.26855],[126.12284,34.26602],[126.12141,34.26962],[126.11959,34.27001]]],[[[126.12307,34.35645],[126.123,34.35454],[126.12562,34.35656],[126.12489,34.35715],[126.12307,34.35645]]],[[[126.12506,34.36654],[126.12342,34.36627],[126.12286,34.3646],[126.125,34.36463],[126.12506,34.36654]]],[[[126.08216,34.42564],[126.08477,34.42579],[126.08461,34.4286],[126.08132,34.42795],[126.08216,34.42564]]],[[[126.08089,34.4407],[126.08057,34.43712],[126.08459,34.43728],[126.08395,34.43974],[126.08089,34.4407]]],[[[126.13082,34.38531],[126.14245,34.38489],[126.14559,34.37908],[126.14158,34.37577],[126.13416,34.3741],[126.13732,34.36906],[126.12988,34.3656],[126.13449,34.36709],[126.1365,34.36644],[126.13608,34.36434],[126.13186,34.36386],[126.12978,34.3593],[126.1349,34.3597],[126.13852,34.35708],[126.1417,34.35735],[126.14559,34.35963],[126.14471,34.36476],[126.15285,34.3664],[126.1593,34.36231],[126.15668,34.36059],[126.15634,34.35668],[126.16288,34.35294],[126.17382,34.35282],[126.18168,34.3591],[126.18219,34.35464],[126.18009,34.35065],[126.18577,34.35287],[126.18819,34.35613],[126.20309,34.35764],[126.20632,34.36142],[126.21061,34.36208],[126.21418,34.36031],[126.21294,34.36425],[126.20758,34.36872],[126.20136,34.36933],[126.20241,34.37066],[126.20871,34.37147],[126.21986,34.36723],[126.22923,34.37028],[126.22846,34.37341],[126.23111,34.37458],[126.23278,34.37405],[126.23424,34.36846],[126.2393,34.37048],[126.24348,34.37847],[126.24635,34.37989],[126.25414,34.37856],[126.25903,34.38051],[126.2674,34.37808],[126.26515,34.38094],[126.26739,34.38442],[126.25962,34.38681],[126.26065,34.39282],[126.26538,34.39743],[126.2764,34.39603],[126.27816,34.39373],[126.27587,34.39273],[126.27698,34.39043],[126.28008,34.3902],[126.2843,34.3946],[126.28974,34.39356],[126.29193,34.39119],[126.28984,34.38805],[126.28399,34.38805],[126.28425,34.37973],[126.28067,34.37612],[126.28203,34.3732],[126.27977,34.37186],[126.28022,34.36875],[126.28457,34.36804],[126.28576,34.36461],[126.28808,34.36422],[126.2922,34.36646],[126.28896,34.37053],[126.29196,34.3741],[126.29475,34.37384],[126.29426,34.37224],[126.29811,34.36902],[126.3016,34.37011],[126.30468,34.37412],[126.30875,34.37389],[126.30762,34.37921],[126.30539,34.38027],[126.30865,34.38295],[126.30686,34.38543],[126.29939,34.38256],[126.29676,34.3845],[126.29645,34.3863],[126.29895,34.38769],[126.30475,34.3887],[126.30249,34.39546],[126.29826,34.39433],[126.2967,34.39081],[126.2923,34.39131],[126.28962,34.39407],[126.29724,34.39792],[126.29147,34.40305],[126.29268,34.40882],[126.29764,34.40854],[126.29972,34.40345],[126.30666,34.40278],[126.30688,34.40487],[126.30104,34.41294],[126.3029,34.41423],[126.31239,34.40555],[126.31359,34.40017],[126.31524,34.40042],[126.31311,34.41392],[126.31117,34.41597],[126.31649,34.41995],[126.31915,34.419],[126.31861,34.42419],[126.32011,34.42458],[126.32298,34.42093],[126.32262,34.41657],[126.32671,34.4152],[126.32075,34.41289],[126.32753,34.40614],[126.3207,34.40475],[126.32753,34.39671],[126.33089,34.40063],[126.334,34.39924],[126.33674,34.40031],[126.33774,34.4036],[126.33579,34.41459],[126.34245,34.41548],[126.34294,34.41862],[126.35166,34.42641],[126.35173,34.43108],[126.36551,34.44288],[126.35817,34.45614],[126.36457,34.46339],[126.3713,34.46552],[126.37186,34.47208],[126.36047,34.47321],[126.35797,34.47608],[126.35802,34.48061],[126.36399,34.48438],[126.36839,34.48494],[126.37084,34.48305],[126.37469,34.48534],[126.37705,34.48441],[126.3765,34.48155],[126.37904,34.47826],[126.38391,34.48041],[126.38237,34.48477],[126.37893,34.48674],[126.37999,34.49147],[126.37302,34.49685],[126.37285,34.50064],[126.38082,34.50112],[126.38216,34.50465],[126.37708,34.50833],[126.37738,34.51257],[126.36794,34.51551],[126.35985,34.52668],[126.35121,34.5276],[126.35383,34.5325],[126.34819,34.53473],[126.34537,34.53852],[126.34548,34.54244],[126.33697,34.54333],[126.33845,34.54787],[126.34307,34.54829],[126.33917,34.55161],[126.33208,34.54845],[126.33198,34.54642],[126.32652,34.54692],[126.3255,34.54124],[126.31767,34.54768],[126.31426,34.54741],[126.30747,34.55456],[126.30288,34.5566],[126.30258,34.55845],[126.30779,34.55937],[126.31024,34.56313],[126.2978,34.57417],[126.29263,34.57284],[126.29119,34.57767],[126.28175,34.57727],[126.27955,34.57812],[126.28137,34.58027],[126.28035,34.58115],[126.27061,34.58387],[126.26679,34.58222],[126.25772,34.58744],[126.25231,34.58423],[126.25025,34.58554],[126.25021,34.5895],[126.2401,34.58709],[126.23883,34.58217],[126.24312,34.58326],[126.24456,34.5802],[126.23962,34.5759],[126.24168,34.57382],[126.23944,34.56592],[126.24462,34.56788],[126.24631,34.56451],[126.2505,34.56379],[126.25157,34.56092],[126.25507,34.55952],[126.26099,34.54819],[126.25499,34.53679],[126.24586,34.53974],[126.24386,34.53593],[126.24656,34.53186],[126.23722,34.53236],[126.23731,34.53698],[126.23473,34.53689],[126.2336,34.53478],[126.22798,34.53598],[126.22557,34.54139],[126.22486,34.53019],[126.22008,34.5314],[126.21163,34.52671],[126.21198,34.52432],[126.22391,34.51892],[126.22322,34.51643],[126.21063,34.51689],[126.19811,34.5099],[126.20045,34.5045],[126.20351,34.5066],[126.20761,34.50159],[126.20499,34.49586],[126.19263,34.49418],[126.18849,34.49632],[126.19177,34.50987],[126.19478,34.51191],[126.19067,34.51456],[126.1731,34.49489],[126.1757,34.49149],[126.17251,34.48469],[126.16089,34.4829],[126.14832,34.47753],[126.13967,34.46855],[126.12423,34.46469],[126.11969,34.46034],[126.11645,34.45979],[126.11816,34.45348],[126.12698,34.45253],[126.12527,34.44714],[126.12783,34.44371],[126.12542,34.44242],[126.12283,34.44383],[126.11833,34.44947],[126.11231,34.44839],[126.1017,34.44152],[126.09981,34.43654],[126.09687,34.43643],[126.09643,34.43414],[126.10028,34.43101],[126.0937,34.42979],[126.09238,34.42608],[126.09739,34.42231],[126.09122,34.42212],[126.08899,34.41862],[126.09011,34.41456],[126.09606,34.40848],[126.09724,34.40423],[126.10924,34.39501],[126.10886,34.39215],[126.1171,34.37897],[126.12693,34.37894],[126.12632,34.3817],[126.13082,34.38531]]],[[[126.09282,34.45618],[126.10462,34.45465],[126.09617,34.4573],[126.09172,34.46197],[126.09051,34.46098],[126.09282,34.45618]]],[[[126.16709,34.48665],[126.16909,34.48676],[126.16906,34.48965],[126.16799,34.48947],[126.16709,34.48665]]],[[[126.07774,34.4872],[126.08172,34.48436],[126.08623,34.48612],[126.08814,34.49003],[126.08566,34.49367],[126.08264,34.49337],[126.07863,34.49193],[126.07774,34.4872]]],[[[126.11042,34.48961],[126.11074,34.49192],[126.10741,34.49388],[126.10104,34.49394],[126.10223,34.4909],[126.11042,34.48961]]],[[[126.16923,34.50922],[126.16964,34.51143],[126.16392,34.51192],[126.16173,34.50654],[126.16399,34.50609],[126.16923,34.50922]]],[[[126.08663,34.51573],[126.08896,34.51552],[126.08934,34.51644],[126.0871,34.51701],[126.08663,34.51573]]],[[[126.09411,34.52068],[126.09417,34.51984],[126.09699,34.51895],[126.09653,34.52084],[126.09411,34.52068]]],[[[126.1041,34.52849],[126.10681,34.52821],[126.10701,34.5304],[126.10405,34.53107],[126.1041,34.52849]]],[[[126.29803,34.32505],[126.29358,34.32518],[126.29911,34.32058],[126.30218,34.32034],[126.30256,34.32198],[126.29803,34.32505]]],[[[126.30356,34.32806],[126.30103,34.328],[126.29774,34.33482],[126.297,34.32812],[126.30429,34.32613],[126.30356,34.32806]]],[[[126.21285,34.34595],[126.21555,34.34831],[126.21302,34.35021],[126.2125,34.34749],[126.21285,34.34595]]],[[[126.32888,34.38752],[126.32741,34.3852],[126.32728,34.38316],[126.3304,34.38618],[126.32888,34.38752]]],[[[126.34371,34.38587],[126.34527,34.38494],[126.34703,34.38647],[126.34588,34.38714],[126.34371,34.38587]]],[[[126.32463,34.39126],[126.32573,34.38991],[126.32733,34.39155],[126.32599,34.39319],[126.32463,34.39126]]],[[[126.32619,34.39448],[126.32746,34.39396],[126.32931,34.39448],[126.32755,34.39599],[126.32619,34.39448]]],[[[126.31255,34.39622],[126.31344,34.39433],[126.31508,34.39596],[126.3137,34.39678],[126.31255,34.39622]]],[[[126.35048,34.39812],[126.35145,34.39956],[126.34886,34.40026],[126.34889,34.39978],[126.35048,34.39812]]],[[[126.35066,34.40396],[126.35255,34.40289],[126.35627,34.40584],[126.35831,34.4121],[126.3543,34.41063],[126.35066,34.40396]]],[[[126.37337,34.41196],[126.3711,34.41621],[126.36828,34.41735],[126.36513,34.4173],[126.36376,34.41522],[126.36621,34.40923],[126.37211,34.40834],[126.37337,34.41196]]],[[[126.21799,34.53406],[126.21976,34.53368],[126.21969,34.53628],[126.21832,34.53549],[126.21799,34.53406]]],[[[126.35593,34.53905],[126.35221,34.5392],[126.35054,34.53716],[126.35453,34.53598],[126.35593,34.53905]]],[[[126.22618,34.55261],[126.219,34.55305],[126.22394,34.55107],[126.22837,34.55198],[126.22618,34.55261]]],[[[126.30717,34.55526],[126.30942,34.55469],[126.31048,34.5554],[126.30803,34.5562],[126.30717,34.55526]]],[[[126.31356,34.55706],[126.31486,34.55571],[126.31705,34.55595],[126.31543,34.55789],[126.31356,34.55706]]]]}},{"id":"feature_184","type":"Feature","properties":{"시도":"전남광주","시군구":"함평군"},"geometry":{"type":"Polygon","coordinates":[[[126.54075,34.97523],[126.54796,34.98447],[126.55361,34.98753],[126.5602,34.98836],[126.56666,34.98519],[126.57076,34.97379],[126.57399,34.97284],[126.58083,34.97684],[126.58661,34.98827],[126.59909,34.99692],[126.59199,34.99619],[126.59621,34.99895],[126.59357,35.00645],[126.59566,35.00411],[126.59896,35.00735],[126.59868,35.01277],[126.58932,35.01272],[126.58579,35.01479],[126.59454,35.02792],[126.59356,35.03391],[126.5905,35.03651],[126.58672,35.04821],[126.5897,35.04996],[126.58813,35.0584],[126.59776,35.09319],[126.59364,35.0978],[126.5996,35.09984],[126.60484,35.09922],[126.6085,35.09291],[126.61757,35.09075],[126.62332,35.08693],[126.62924,35.09209],[126.63545,35.09452],[126.63883,35.09361],[126.64722,35.09581],[126.64846,35.09895],[126.64678,35.10352],[126.65398,35.10748],[126.65522,35.11503],[126.65498,35.11787],[126.65151,35.1205],[126.65485,35.13672],[126.6528,35.14089],[126.65352,35.14365],[126.64787,35.14388],[126.64467,35.14659],[126.65078,35.14821],[126.65364,35.15304],[126.65155,35.15474],[126.65549,35.15887],[126.65397,35.16457],[126.67105,35.16944],[126.67191,35.17262],[126.67098,35.175],[126.66825,35.17506],[126.66251,35.18053],[126.66371,35.18227],[126.65312,35.1924],[126.65099,35.19316],[126.6517,35.19651],[126.64263,35.20728],[126.63381,35.21092],[126.62605,35.21943],[126.6184,35.22127],[126.61249,35.22995],[126.60126,35.23566],[126.59188,35.23194],[126.58948,35.22948],[126.59313,35.22441],[126.5896,35.22034],[126.59055,35.21342],[126.58329,35.1993],[126.5801,35.19594],[126.56519,35.19868],[126.5623,35.19669],[126.56496,35.19072],[126.56088,35.18798],[126.54918,35.18525],[126.54366,35.18818],[126.53348,35.18229],[126.53003,35.18298],[126.52819,35.18595],[126.51904,35.18569],[126.51441,35.18751],[126.50857,35.18398],[126.50051,35.18346],[126.49379,35.18517],[126.49259,35.18778],[126.48977,35.18733],[126.48771,35.19211],[126.48198,35.19085],[126.4771,35.19388],[126.47291,35.19266],[126.47006,35.18821],[126.46522,35.1861],[126.46153,35.18835],[126.45638,35.18526],[126.45015,35.18584],[126.43531,35.17291],[126.42034,35.1852],[126.40785,35.18609],[126.40792,35.18196],[126.39983,35.17614],[126.39701,35.17674],[126.39576,35.17941],[126.39067,35.17936],[126.38521,35.17436],[126.36865,35.16503],[126.37229,35.15849],[126.38269,35.15259],[126.38313,35.14903],[126.39067,35.13805],[126.39647,35.13405],[126.40301,35.1354],[126.42058,35.10645],[126.44563,35.10592],[126.44723,35.10427],[126.45119,35.10468],[126.4535,35.10192],[126.4618,35.10183],[126.46466,35.09973],[126.45759,35.08989],[126.43577,35.08634],[126.4363,35.08404],[126.44035,35.08424],[126.45704,35.07429],[126.47057,35.06653],[126.47743,35.06488],[126.47324,35.05385],[126.46321,35.04191],[126.46488,35.03784],[126.46404,35.03131],[126.46666,35.02446],[126.46969,35.02094],[126.48047,35.02666],[126.48219,35.01941],[126.48443,35.01801],[126.49185,35.01611],[126.49772,35.01725],[126.50011,35.00411],[126.49012,35.00105],[126.49827,34.99164],[126.49979,34.98607],[126.50625,34.986],[126.50836,34.98922],[126.51197,34.99017],[126.51687,34.98428],[126.52601,34.98262],[126.53123,34.97827],[126.54075,34.97523]]]}},{"id":"feature_185","type":"Feature","properties":{"시도":"전남광주","시군구":"해남군"},"geometry":{"type":"MultiPolygon","coordinates":[[[[126.47453,34.34291],[126.46368,34.34541],[126.47389,34.33107],[126.47558,34.33294],[126.47344,34.33741],[126.47809,34.34329],[126.47667,34.34521],[126.47453,34.34291]]],[[[126.4688,34.38032],[126.47068,34.3806],[126.47109,34.38245],[126.46857,34.38148],[126.4688,34.38032]]],[[[126.46274,34.42991],[126.46008,34.42678],[126.46107,34.42567],[126.46527,34.42773],[126.46274,34.42991]]],[[[126.43798,34.43227],[126.44106,34.43369],[126.43769,34.43453],[126.43306,34.43204],[126.43487,34.42986],[126.43798,34.43227]]],[[[126.43202,34.43576],[126.42824,34.43422],[126.42814,34.43407],[126.43185,34.43433],[126.43202,34.43576]]],[[[126.43012,34.4397],[126.43205,34.43654],[126.43495,34.43756],[126.43406,34.43875],[126.43012,34.4397]]],[[[126.42387,34.44707],[126.42387,34.4452],[126.42889,34.4436],[126.42842,34.44453],[126.42387,34.44707]]],[[[126.41809,34.4577],[126.41363,34.4558],[126.41832,34.45189],[126.42025,34.45452],[126.41809,34.4577]]],[[[126.41174,34.461],[126.41333,34.45935],[126.41723,34.46077],[126.41228,34.46694],[126.41426,34.46346],[126.41174,34.461]]],[[[126.42297,34.53548],[126.42522,34.53653],[126.42531,34.5381],[126.42313,34.53715],[126.42297,34.53548]]],[[[126.31732,34.56235],[126.31869,34.56189],[126.31959,34.56282],[126.31815,34.56343],[126.31732,34.56235]]],[[[126.32892,34.5636],[126.33147,34.56366],[126.33103,34.56835],[126.32306,34.56688],[126.32031,34.5644],[126.31969,34.55958],[126.32193,34.55942],[126.32892,34.5636]]],[[[126.38846,34.73099],[126.38435,34.72013],[126.37546,34.71459],[126.36968,34.70628],[126.37062,34.70429],[126.36824,34.69886],[126.36327,34.69755],[126.36337,34.6954],[126.36076,34.69448],[126.35502,34.69401],[126.35223,34.69685],[126.34731,34.69473],[126.34505,34.69162],[126.34461,34.68572],[126.34926,34.67944],[126.35503,34.67678],[126.36353,34.6792],[126.37599,34.68857],[126.37431,34.69005],[126.37521,34.69407],[126.37918,34.69513],[126.37337,34.70621],[126.37479,34.70856],[126.37825,34.70889],[126.38822,34.69266],[126.36292,34.67356],[126.36114,34.66821],[126.36897,34.65165],[126.37388,34.64369],[126.38884,34.63404],[126.39111,34.62833],[126.39379,34.62655],[126.40104,34.62764],[126.40351,34.63001],[126.40128,34.63709],[126.40184,34.6454],[126.40424,34.64834],[126.41935,34.65598],[126.405,34.64661],[126.40556,34.63345],[126.4148,34.63803],[126.41755,34.63645],[126.40866,34.63086],[126.40535,34.62552],[126.42847,34.61366],[126.42669,34.60396],[126.43608,34.59809],[126.44636,34.59631],[126.45938,34.59765],[126.46513,34.59458],[126.45655,34.59022],[126.45007,34.58959],[126.44917,34.5882],[126.45195,34.58222],[126.44246,34.58955],[126.43487,34.58974],[126.43222,34.5929],[126.42457,34.5943],[126.41002,34.60091],[126.41109,34.60595],[126.40927,34.6074],[126.4032,34.60565],[126.39345,34.60967],[126.38891,34.6085],[126.38788,34.61252],[126.38048,34.61774],[126.3766,34.61815],[126.37366,34.61536],[126.37233,34.60564],[126.37007,34.60469],[126.37351,34.62576],[126.37053,34.63695],[126.36861,34.64002],[126.36066,34.63855],[126.3605,34.64958],[126.35311,34.66279],[126.34172,34.67509],[126.33773,34.68485],[126.33885,34.69316],[126.35066,34.70326],[126.34966,34.70901],[126.33976,34.71904],[126.33118,34.72115],[126.33153,34.72763],[126.33538,34.73083],[126.33524,34.73834],[126.33316,34.74075],[126.32522,34.74319],[126.31791,34.75141],[126.3158,34.74872],[126.29863,34.76261],[126.28548,34.758],[126.28393,34.74811],[126.27433,34.72875],[126.27502,34.7222],[126.27904,34.72135],[126.28017,34.71785],[126.27818,34.71991],[126.27442,34.71809],[126.27414,34.71197],[126.26669,34.70403],[126.26122,34.70788],[126.25791,34.69339],[126.26033,34.69175],[126.25894,34.68948],[126.26252,34.68517],[126.2609,34.68307],[126.25773,34.68357],[126.25489,34.67968],[126.25598,34.67698],[126.26003,34.67602],[126.25959,34.6698],[126.25563,34.66795],[126.25503,34.66412],[126.25729,34.66114],[126.25885,34.66288],[126.26292,34.659],[126.25933,34.65339],[126.2682,34.64735],[126.2671,34.64335],[126.2597,34.64535],[126.25957,34.64125],[126.27729,34.63033],[126.28525,34.62985],[126.28758,34.63264],[126.2865,34.63413],[126.28884,34.6356],[126.29327,34.6295],[126.28986,34.62837],[126.28716,34.62379],[126.28045,34.62212],[126.28316,34.61706],[126.27947,34.61227],[126.26946,34.6153],[126.26471,34.61138],[126.25891,34.61209],[126.26261,34.60875],[126.28047,34.61089],[126.28761,34.60523],[126.28259,34.60406],[126.28315,34.6007],[126.28015,34.5996],[126.28,34.59535],[126.29209,34.59182],[126.29543,34.60058],[126.29882,34.59837],[126.29697,34.59274],[126.29924,34.59005],[126.31258,34.58772],[126.31207,34.58433],[126.30362,34.57747],[126.3048,34.57509],[126.30667,34.57697],[126.30915,34.57649],[126.30734,34.57233],[126.31384,34.56663],[126.32154,34.56966],[126.3278,34.569],[126.33408,34.57308],[126.34597,34.56817],[126.35487,34.56697],[126.36249,34.56078],[126.37215,34.56083],[126.37508,34.55853],[126.37704,34.56198],[126.38326,34.5617],[126.38539,34.55909],[126.3843,34.5531],[126.38923,34.55102],[126.38765,34.54716],[126.3782,34.53898],[126.38623,34.53227],[126.39022,34.53228],[126.40252,34.5378],[126.40422,34.54023],[126.4016,34.54405],[126.40488,34.54677],[126.40958,34.54813],[126.41693,34.54676],[126.41987,34.55419],[126.43015,34.55527],[126.43603,34.54986],[126.43374,34.53934],[126.43813,34.54011],[126.43793,34.53792],[126.43353,34.53461],[126.443,34.53907],[126.45686,34.53475],[126.46012,34.53208],[126.45105,34.52793],[126.44465,34.52861],[126.43994,34.52393],[126.44175,34.5216],[126.44529,34.52129],[126.45679,34.52333],[126.45787,34.52224],[126.4557,34.51962],[126.46234,34.51994],[126.47139,34.50697],[126.45584,34.50132],[126.4586,34.49668],[126.46223,34.49587],[126.46146,34.49232],[126.45595,34.48889],[126.46078,34.48927],[126.465,34.48427],[126.4638,34.48202],[126.45563,34.48206],[126.45512,34.47751],[126.46252,34.46782],[126.4678,34.47083],[126.47104,34.46925],[126.46736,34.46207],[126.46738,34.45675],[126.47678,34.45018],[126.47067,34.44797],[126.46447,34.45437],[126.45902,34.44983],[126.45412,34.45028],[126.45421,34.44866],[126.46627,34.44098],[126.47648,34.42663],[126.48243,34.42539],[126.48354,34.42668],[126.48167,34.43039],[126.48443,34.43365],[126.49085,34.4344],[126.49724,34.43123],[126.50014,34.43644],[126.50641,34.4402],[126.50838,34.43946],[126.51379,34.43354],[126.51031,34.43146],[126.50804,34.42675],[126.51673,34.41435],[126.5051,34.40543],[126.48689,34.4084],[126.48932,34.40471],[126.48796,34.40246],[126.49017,34.39875],[126.48886,34.39603],[126.49704,34.38898],[126.49679,34.38592],[126.48847,34.38637],[126.48335,34.38947],[126.48388,34.38654],[126.48179,34.38533],[126.47724,34.38612],[126.47346,34.3833],[126.47105,34.3844],[126.47099,34.38288],[126.47472,34.38176],[126.48098,34.38284],[126.47336,34.3782],[126.48077,34.37649],[126.48095,34.37384],[126.4754,34.37277],[126.48683,34.36451],[126.48387,34.36447],[126.48178,34.36205],[126.47604,34.36495],[126.4811,34.35856],[126.47637,34.35565],[126.46802,34.36368],[126.46473,34.3623],[126.46561,34.35777],[126.47025,34.35462],[126.47141,34.34865],[126.47455,34.35063],[126.47719,34.35007],[126.47631,34.34808],[126.47941,34.35214],[126.48874,34.35645],[126.4904,34.35922],[126.49888,34.3577],[126.50123,34.35925],[126.50267,34.36483],[126.51062,34.36505],[126.51985,34.36076],[126.52151,34.35619],[126.51973,34.35139],[126.52206,34.34777],[126.52016,34.34481],[126.52689,34.33408],[126.5209,34.32417],[126.51212,34.31908],[126.5191,34.31364],[126.51956,34.31045],[126.516,34.30898],[126.51501,34.3065],[126.51884,34.29578],[126.52179,34.29527],[126.52147,34.29282],[126.52835,34.29346],[126.52916,34.30059],[126.53132,34.30172],[126.53728,34.30358],[126.54467,34.30304],[126.54969,34.30907],[126.55228,34.3164],[126.55911,34.32184],[126.58624,34.31971],[126.59676,34.31241],[126.60597,34.31473],[126.60654,34.31637],[126.60164,34.31992],[126.60555,34.33608],[126.60416,34.33834],[126.61106,34.34187],[126.60962,34.34526],[126.60339,34.34667],[126.60257,34.34868],[126.61516,34.35381],[126.61575,34.35614],[126.62143,34.35931],[126.61883,34.36525],[126.62086,34.37004],[126.6194,34.37374],[126.62312,34.37765],[126.61463,34.38001],[126.61271,34.38626],[126.62145,34.3932],[126.62219,34.39725],[126.6179,34.40198],[126.61909,34.40345],[126.62434,34.40765],[126.62619,34.40235],[126.62841,34.4018],[126.63177,34.40664],[126.63486,34.40675],[126.63297,34.40911],[126.63488,34.41154],[126.64611,34.40828],[126.64679,34.41012],[126.64486,34.4121],[126.64847,34.41205],[126.64708,34.41757],[126.65171,34.41755],[126.65208,34.42147],[126.66338,34.42089],[126.66005,34.42213],[126.66092,34.4255],[126.66308,34.42605],[126.66563,34.42613],[126.66677,34.42329],[126.67336,34.41865],[126.67375,34.41562],[126.6776,34.41608],[126.67838,34.42218],[126.67464,34.42752],[126.68124,34.42619],[126.68398,34.42953],[126.69046,34.43214],[126.68896,34.43406],[126.69784,34.43985],[126.71379,34.43912],[126.71248,34.44055],[126.71358,34.44297],[126.71895,34.44475],[126.72511,34.44224],[126.73485,34.45462],[126.72363,34.46152],[126.71693,34.47048],[126.69795,34.47115],[126.69183,34.47033],[126.6897,34.46808],[126.68414,34.46962],[126.68237,34.47384],[126.6839,34.48262],[126.68284,34.48995],[126.68577,34.49302],[126.68637,34.50917],[126.68145,34.51114],[126.68032,34.51593],[126.68627,34.52433],[126.68325,34.53006],[126.67442,34.53134],[126.6685,34.53501],[126.66757,34.53876],[126.67427,34.53976],[126.68263,34.54443],[126.69274,34.55631],[126.69509,34.56387],[126.68299,34.576],[126.67992,34.58623],[126.67569,34.58784],[126.67177,34.59227],[126.67571,34.59853],[126.6884,34.60712],[126.69248,34.6227],[126.69876,34.62789],[126.69805,34.63015],[126.69332,34.62849],[126.68233,34.6327],[126.68443,34.63685],[126.6883,34.63886],[126.69018,34.64502],[126.69724,34.64996],[126.6963,34.65398],[126.69211,34.65803],[126.69544,34.66143],[126.70194,34.66237],[126.69849,34.67248],[126.70236,34.67479],[126.70566,34.6817],[126.70142,34.68415],[126.69606,34.6832],[126.69209,34.68587],[126.68151,34.68703],[126.67782,34.68536],[126.67432,34.6864],[126.67006,34.69101],[126.66569,34.69204],[126.64818,34.68902],[126.64759,34.68515],[126.64312,34.68272],[126.63902,34.67429],[126.63724,34.67388],[126.62656,34.68018],[126.6169,34.68198],[126.60907,34.67972],[126.60137,34.68301],[126.58682,34.67891],[126.57855,34.68036],[126.57113,34.6781],[126.56427,34.67229],[126.56274,34.66695],[126.55776,34.66496],[126.55809,34.6713],[126.56514,34.68076],[126.56142,34.6827],[126.55324,34.67227],[126.54312,34.67112],[126.53809,34.66548],[126.56182,34.64835],[126.57192,34.64598],[126.58055,34.63855],[126.62261,34.63248],[126.6208,34.62935],[126.57876,34.63557],[126.5695,34.64395],[126.562,34.64509],[126.54271,34.65494],[126.50612,34.65998],[126.49424,34.66562],[126.47923,34.67985],[126.47618,34.66812],[126.47951,34.66131],[126.48865,34.65609],[126.49751,34.65783],[126.50388,34.6568],[126.52532,34.63714],[126.52561,34.63451],[126.51068,34.64847],[126.50234,34.65351],[126.49815,34.65437],[126.49175,34.65112],[126.47143,34.65915],[126.45121,34.68637],[126.45755,34.69734],[126.45712,34.7016],[126.45269,34.70632],[126.43979,34.71012],[126.42556,34.70265],[126.41917,34.70488],[126.42101,34.70802],[126.4188,34.7093],[126.42188,34.71339],[126.3883,34.71987],[126.39082,34.73018],[126.38846,34.73099]]],[[[126.3051,34.58862],[126.29944,34.58717],[126.29712,34.5818],[126.29932,34.58096],[126.3056,34.58437],[126.30708,34.58633],[126.3051,34.58862]]],[[[126.2442,34.69956],[126.24104,34.7006],[126.24086,34.69802],[126.24393,34.6979],[126.2442,34.69956]]],[[[126.51035,34.30323],[126.50774,34.30024],[126.50781,34.29799],[126.51191,34.30381],[126.51035,34.30323]]],[[[126.50097,34.31553],[126.50347,34.31497],[126.50458,34.3191],[126.50082,34.317],[126.50097,34.31553]]],[[[126.61743,34.34047],[126.61599,34.34047],[126.61625,34.33809],[126.61887,34.33706],[126.61934,34.33862],[126.61743,34.34047]]],[[[126.47254,34.37079],[126.47515,34.37133],[126.47317,34.37281],[126.47158,34.37197],[126.47254,34.37079]]],[[[126.64475,34.40413],[126.6464,34.40351],[126.64804,34.40357],[126.64655,34.40509],[126.64475,34.40413]]],[[[126.7057,34.43323],[126.71161,34.43371],[126.71472,34.43513],[126.70248,34.43511],[126.7057,34.43323]]],[[[126.50625,34.66406],[126.52543,34.66183],[126.50434,34.67518],[126.49536,34.67543],[126.49794,34.66893],[126.50625,34.66406]]]]}},{"id":"feature_186","type":"Feature","properties":{"시도":"전남광주","시군구":"화순군"},"geometry":{"type":"Polygon","coordinates":[[[126.85873,34.86923],[126.86271,34.87275],[126.86646,34.87219],[126.87079,34.87444],[126.87663,34.87263],[126.87839,34.87637],[126.88416,34.8772],[126.88707,34.8743],[126.89856,34.87306],[126.90406,34.8669],[126.90746,34.85876],[126.90578,34.85602],[126.90593,34.84658],[126.92119,34.84541],[126.92361,34.84087],[126.92145,34.83573],[126.92291,34.83673],[126.93074,34.82951],[126.93265,34.83121],[126.93861,34.82915],[126.9411,34.82431],[126.94969,34.82878],[126.94708,34.83402],[126.94898,34.83963],[126.95791,34.84166],[126.96432,34.84077],[126.9696,34.85034],[126.97966,34.85037],[126.98108,34.844],[126.98597,34.84268],[126.99227,34.83558],[126.99688,34.83596],[127.00049,34.83978],[127.00273,34.83887],[127.00787,34.84119],[127.02808,34.83888],[127.03332,34.8398],[127.03744,34.83803],[127.04503,34.839],[127.05422,34.84365],[127.05491,34.84647],[127.06097,34.84718],[127.0636,34.8615],[127.07183,34.86708],[127.08449,34.86929],[127.08908,34.87408],[127.08577,34.88289],[127.08843,34.8853],[127.08235,34.88991],[127.08193,34.89235],[127.08546,34.89583],[127.08022,34.90412],[127.08097,34.9106],[127.07921,34.91485],[127.08121,34.92665],[127.08637,34.92867],[127.08897,34.93603],[127.10021,34.93843],[127.10624,34.94544],[127.1085,34.94535],[127.11594,34.9528],[127.11485,34.95735],[127.12207,34.96071],[127.12749,34.96863],[127.14362,34.9641],[127.15164,34.96507],[127.17256,34.97336],[127.17493,34.9779],[127.17916,34.98442],[127.17494,34.98833],[127.17763,34.99338],[127.17575,34.9973],[127.17804,35.00626],[127.18253,35.01068],[127.18773,35.01214],[127.18569,35.02023],[127.18689,35.02824],[127.1835,35.03465],[127.1836,35.0481],[127.18497,35.05606],[127.18837,35.05838],[127.19188,35.06502],[127.18528,35.06979],[127.18562,35.09093],[127.18223,35.09553],[127.1831,35.09877],[127.18676,35.10167],[127.19054,35.11193],[127.18735,35.11667],[127.18919,35.11902],[127.18753,35.12344],[127.19301,35.13014],[127.19768,35.13244],[127.19588,35.13997],[127.19765,35.14657],[127.19578,35.1505],[127.19722,35.15666],[127.18905,35.16453],[127.19386,35.17157],[127.19542,35.1798],[127.20168,35.18602],[127.19766,35.19411],[127.19731,35.20334],[127.19171,35.20599],[127.18879,35.21152],[127.18446,35.21419],[127.17929,35.21301],[127.16098,35.20009],[127.14614,35.19445],[127.13167,35.19391],[127.12264,35.19762],[127.11688,35.19466],[127.11742,35.19019],[127.11555,35.18856],[127.10628,35.19185],[127.09652,35.18861],[127.09301,35.18247],[127.09051,35.18156],[127.08098,35.18024],[127.07226,35.18252],[127.06914,35.18517],[127.06548,35.18438],[127.06348,35.18116],[127.06757,35.17493],[127.06915,35.16245],[127.07253,35.15776],[127.07306,35.15347],[127.08401,35.1445],[127.08538,35.13471],[127.08928,35.1295],[127.08928,35.12568],[127.08537,35.12643],[127.07924,35.12332],[127.07929,35.11917],[127.0715,35.11582],[127.06477,35.12094],[127.05869,35.1215],[127.05568,35.1259],[127.04996,35.12952],[127.03492,35.13061],[127.02045,35.13839],[127.01046,35.13377],[127.00908,35.12441],[127.00396,35.12209],[127.00301,35.11884],[126.99757,35.11457],[126.99787,35.11202],[126.98935,35.11074],[126.98635,35.10595],[126.98875,35.10128],[126.98826,35.09493],[126.96318,35.08748],[126.95853,35.08266],[126.9586,35.07894],[126.95182,35.07303],[126.9324,35.07444],[126.93157,35.07818],[126.92757,35.08043],[126.92392,35.08836],[126.91922,35.09153],[126.91078,35.08846],[126.90576,35.08217],[126.89541,35.0808],[126.89206,35.07816],[126.89115,35.0759],[126.89569,35.07242],[126.89489,35.06134],[126.89976,35.0553],[126.89021,35.04725],[126.8926,35.04171],[126.88972,35.03684],[126.88141,35.02975],[126.8824,35.02162],[126.87425,35.01899],[126.86859,35.00986],[126.87878,35.00623],[126.88508,35.00172],[126.89472,34.98941],[126.89155,34.98235],[126.88557,34.97956],[126.88416,34.97312],[126.87644,34.96636],[126.8817,34.96029],[126.87817,34.9499],[126.872,34.94713],[126.86641,34.93937],[126.87312,34.9269],[126.86822,34.91991],[126.87238,34.91784],[126.87198,34.90778],[126.87588,34.90329],[126.87471,34.89792],[126.87097,34.89474],[126.87022,34.89063],[126.85969,34.88682],[126.84424,34.88446],[126.83516,34.88013],[126.82389,34.87112],[126.83523,34.86733],[126.84336,34.86993],[126.84993,34.86786],[126.85404,34.86982],[126.85873,34.86923]]]}},{"id":"feature_187","type":"Feature","properties":{"시도":"전북특별자치도","시군구":"고창군"},"geometry":{"type":"MultiPolygon","coordinates":[[[[126.64473,35.31987],[126.64708,35.32424],[126.64422,35.32727],[126.64661,35.32871],[126.65261,35.32769],[126.65653,35.33323],[126.65939,35.33436],[126.66023,35.3442],[126.66673,35.35155],[126.68548,35.34459],[126.69147,35.35158],[126.69921,35.34965],[126.70458,35.36511],[126.71943,35.36492],[126.73095,35.37632],[126.73208,35.38414],[126.72957,35.39459],[126.72204,35.39835],[126.72214,35.4],[126.73608,35.40325],[126.73744,35.40572],[126.74443,35.40929],[126.74841,35.41516],[126.75396,35.41624],[126.7543,35.41794],[126.75177,35.42316],[126.7513,35.43689],[126.74843,35.43996],[126.74438,35.44075],[126.73813,35.44912],[126.74126,35.45251],[126.7495,35.45115],[126.76168,35.46487],[126.77252,35.46838],[126.76993,35.48292],[126.76681,35.48573],[126.76421,35.49306],[126.76856,35.49579],[126.76847,35.50283],[126.77066,35.50739],[126.76093,35.51046],[126.75963,35.51424],[126.76143,35.51715],[126.77374,35.52355],[126.7612,35.53286],[126.7622,35.54471],[126.76611,35.54929],[126.76459,35.55324],[126.76093,35.55573],[126.76679,35.56277],[126.76405,35.57051],[126.75562,35.57368],[126.73926,35.56745],[126.7217,35.57303],[126.70446,35.57479],[126.69174,35.56941],[126.68485,35.56991],[126.68046,35.57248],[126.67225,35.5714],[126.67421,35.56817],[126.66853,35.56595],[126.66857,35.56091],[126.66583,35.55984],[126.66872,35.55528],[126.66689,35.55414],[126.6479,35.56967],[126.63611,35.57193],[126.63411,35.57492],[126.62408,35.56849],[126.61725,35.56987],[126.61658,35.55713],[126.61046,35.55496],[126.60228,35.54613],[126.6026,35.54252],[126.59399,35.53512],[126.59398,35.54034],[126.59113,35.54183],[126.56697,35.54306],[126.55546,35.53646],[126.55232,35.53675],[126.54793,35.53145],[126.5459,35.53255],[126.5435,35.52937],[126.54461,35.52734],[126.53443,35.53198],[126.51932,35.53354],[126.51002,35.53034],[126.5006,35.52435],[126.49656,35.51005],[126.4912,35.51191],[126.48608,35.52211],[126.48418,35.52277],[126.4819,35.52119],[126.48341,35.51928],[126.47814,35.50919],[126.47368,35.5063],[126.46173,35.48055],[126.45795,35.47856],[126.44053,35.45049],[126.43515,35.45083],[126.43559,35.44845],[126.42904,35.43806],[126.42891,35.43289],[126.44632,35.43523],[126.44794,35.4347],[126.44578,35.43243],[126.44984,35.43175],[126.44757,35.42981],[126.45347,35.42661],[126.47713,35.42495],[126.48755,35.41304],[126.49173,35.41115],[126.49281,35.40914],[126.49047,35.39505],[126.47739,35.38619],[126.48241,35.38508],[126.48315,35.38073],[126.48604,35.37769],[126.49731,35.37341],[126.49599,35.35834],[126.49225,35.35417],[126.49369,35.35054],[126.49679,35.35003],[126.50776,35.3614],[126.51282,35.36202],[126.51383,35.3567],[126.52042,35.34836],[126.51704,35.338],[126.5176,35.33383],[126.51351,35.32945],[126.51392,35.32723],[126.52075,35.32504],[126.52327,35.31539],[126.53119,35.30747],[126.54308,35.30972],[126.55095,35.3136],[126.5636,35.30973],[126.56828,35.31122],[126.57262,35.31006],[126.57734,35.30396],[126.58505,35.30077],[126.58965,35.31198],[126.58247,35.31982],[126.58134,35.32289],[126.58336,35.32868],[126.58686,35.33071],[126.59449,35.32909],[126.59868,35.33029],[126.604,35.33558],[126.62507,35.32134],[126.64473,35.31987]]],[[[126.48293,35.54015],[126.47874,35.5386],[126.48097,35.53707],[126.48484,35.538],[126.48293,35.54015]]],[[[126.48201,35.54557],[126.4807,35.54679],[126.47672,35.54381],[126.48289,35.54041],[126.48514,35.54429],[126.48201,35.54557]]],[[[126.58978,35.57189],[126.58822,35.57245],[126.58738,35.57368],[126.5877,35.57037],[126.58978,35.57189]]]]}},{"id":"feature_188","type":"Feature","properties":{"시도":"전북특별자치도","시군구":"군산시"},"geometry":{"type":"MultiPolygon","coordinates":[[[[126.45937,35.72618],[126.46097,35.72613],[126.46251,35.72896],[126.45998,35.72871],[126.45937,35.72618]]],[[[126.45227,35.74719],[126.44792,35.74863],[126.43987,35.74291],[126.44055,35.74122],[126.45094,35.73808],[126.44845,35.73137],[126.4534,35.72811],[126.45859,35.73685],[126.45227,35.74719]]],[[[126.46265,35.73908],[126.46544,35.73887],[126.46692,35.74072],[126.46461,35.74118],[126.46265,35.73908]]],[[[126.46571,35.74726],[126.47003,35.74751],[126.46726,35.75245],[126.46291,35.7495],[126.46571,35.74726]]],[[[126.41111,35.79806],[126.41208,35.79838],[126.41294,35.80233],[126.41039,35.80017],[126.41111,35.79806]]],[[[126.44004,35.8056],[126.44058,35.80816],[126.4366,35.81069],[126.43585,35.80802],[126.43756,35.80606],[126.4335,35.80602],[126.43436,35.80921],[126.43271,35.80884],[126.43178,35.80226],[126.42122,35.80681],[126.42036,35.80865],[126.42184,35.80978],[126.42042,35.81029],[126.41341,35.7985],[126.41908,35.79368],[126.42512,35.79312],[126.43661,35.80092],[126.43761,35.80507],[126.44004,35.8056]]],[[[126.42987,35.80802],[126.43175,35.80963],[126.43146,35.81205],[126.42975,35.80962],[126.42987,35.80802]]],[[[126.37308,35.82107],[126.36802,35.82137],[126.36712,35.81013],[126.37197,35.80593],[126.37409,35.79988],[126.37583,35.79987],[126.37658,35.80433],[126.38314,35.80319],[126.37957,35.80539],[126.37636,35.81425],[126.37122,35.81589],[126.37176,35.81919],[126.37525,35.81779],[126.37308,35.82107]]],[[[126.44377,35.81271],[126.44618,35.81253],[126.44658,35.81309],[126.4442,35.81437],[126.44377,35.81271]]],[[[126.39746,35.8128],[126.39736,35.81897],[126.38916,35.82189],[126.3873,35.81824],[126.39657,35.81449],[126.39643,35.81035],[126.39408,35.81096],[126.3941,35.80899],[126.39774,35.80737],[126.40036,35.81302],[126.39746,35.8128]]],[[[126.41403,35.83057],[126.40389,35.83277],[126.39926,35.82815],[126.39894,35.8265],[126.40215,35.82544],[126.40416,35.82768],[126.41189,35.82451],[126.41268,35.82249],[126.40969,35.81468],[126.40285,35.81202],[126.40036,35.80567],[126.40149,35.80444],[126.40612,35.80913],[126.40943,35.80649],[126.4089,35.80459],[126.41505,35.80594],[126.41688,35.81196],[126.41592,35.82044],[126.42592,35.81814],[126.41726,35.82369],[126.41403,35.83057]]],[[[126.38843,35.85285],[126.38612,35.85654],[126.37816,35.85353],[126.36726,35.85327],[126.36748,35.85042],[126.36484,35.84801],[126.35861,35.8488],[126.36137,35.84631],[126.37201,35.84602],[126.37988,35.84748],[126.38843,35.85285]]],[[[126.35088,35.85321],[126.33934,35.8546],[126.33753,35.85244],[126.34209,35.84999],[126.35364,35.84936],[126.35238,35.85343],[126.35088,35.85321]]],[[[126.32999,35.85253],[126.33389,35.85326],[126.33343,35.85528],[126.3321,35.85604],[126.32999,35.85253]]],[[[126.32092,35.85791],[126.31512,35.85907],[126.3136,35.85585],[126.31655,35.85368],[126.31558,35.85717],[126.31931,35.85684],[126.31702,35.85416],[126.32745,35.85283],[126.32562,35.85755],[126.32092,35.85791]]],[[[126.42772,35.85658],[126.40701,35.8595],[126.39861,35.85837],[126.39471,35.85461],[126.40689,35.8584],[126.4228,35.85498],[126.43286,35.85592],[126.42772,35.85658]]],[[[126.44473,36.07869],[126.44603,36.08202],[126.43772,36.08778],[126.43528,36.0854],[126.42796,36.08597],[126.43023,36.07992],[126.43508,36.07612],[126.4413,36.07718],[126.44571,36.07376],[126.44473,36.07869]]],[[[125.99568,36.11779],[125.9949,36.12245],[125.98651,36.12235],[125.96924,36.12757],[125.96651,36.12641],[125.97247,36.11272],[125.97711,36.11272],[125.97821,36.11055],[125.98431,36.11297],[125.98293,36.11966],[125.98632,36.11894],[125.992,36.11017],[125.99568,36.11779]]],[[[126.53106,35.73147],[126.52636,35.72986],[126.53199,35.72588],[126.53328,35.72727],[126.53106,35.73147]]],[[[126.51947,35.73806],[126.51793,35.73778],[126.52029,35.73166],[126.52355,35.73136],[126.52279,35.73626],[126.51947,35.73806]]],[[[126.47246,35.73938],[126.46971,35.74058],[126.46845,35.73879],[126.46933,35.73829],[126.47246,35.73938]]],[[[126.49925,35.8374],[126.50045,35.84422],[126.48992,35.84718],[126.48533,35.84504],[126.49096,35.8382],[126.47577,35.82247],[126.45956,35.82612],[126.45561,35.83087],[126.45049,35.83214],[126.44423,35.83168],[126.44157,35.82769],[126.44542,35.82629],[126.44471,35.82336],[126.45332,35.81838],[126.45105,35.81704],[126.44774,35.81962],[126.44567,35.81882],[126.44951,35.81618],[126.44927,35.80749],[126.45366,35.80599],[126.45716,35.8102],[126.45328,35.8134],[126.4539,35.81568],[126.45731,35.8145],[126.46181,35.81905],[126.46497,35.81823],[126.46218,35.81326],[126.47034,35.81074],[126.48069,35.81208],[126.48751,35.81573],[126.48772,35.81786],[126.48236,35.8172],[126.48074,35.81888],[126.49925,35.8374]]],[[[126.4839,35.84457],[126.4823,35.84644],[126.47331,35.84213],[126.484,35.84227],[126.4839,35.84457]]],[[[126.7348,36.00085],[126.73225,35.99755],[126.72412,35.99502],[126.70412,35.99969],[126.68011,35.99929],[126.68626,35.99324],[126.67569,35.99063],[126.67771,35.9834],[126.66644,35.98406],[126.64279,35.97889],[126.63689,35.98014],[126.62821,35.97802],[126.61011,35.97859],[126.56852,35.97591],[126.56869,35.97376],[126.55109,35.97504],[126.52114,35.97102],[126.52301,35.94977],[126.5216,35.94779],[126.52507,35.94353],[126.52931,35.94256],[126.52531,35.93827],[126.52507,35.93521],[126.53382,35.93248],[126.53837,35.94208],[126.54204,35.94244],[126.54297,35.93964],[126.5493,35.93967],[126.54943,35.94314],[126.59508,35.9475],[126.61495,35.94267],[126.61692,35.93852],[126.61152,35.9296],[126.61038,35.9166],[126.61475,35.89105],[126.61155,35.88757],[126.61405,35.88583],[126.61836,35.88613],[126.61822,35.88784],[126.62055,35.88837],[126.64108,35.88435],[126.66767,35.88343],[126.67489,35.88914],[126.67639,35.89466],[126.69913,35.89374],[126.725,35.88577],[126.73634,35.89157],[126.74175,35.89003],[126.76305,35.89147],[126.76999,35.88901],[126.78415,35.90237],[126.79118,35.90483],[126.80914,35.90843],[126.82812,35.90678],[126.83728,35.91156],[126.84749,35.92021],[126.85124,35.9196],[126.8536,35.91679],[126.86105,35.91904],[126.87859,35.93495],[126.88153,35.93938],[126.88183,35.94725],[126.89374,35.95506],[126.89098,35.95854],[126.88517,35.96081],[126.90293,35.97208],[126.90226,35.97863],[126.90947,35.98191],[126.90777,35.98338],[126.90821,35.98693],[126.91294,35.99037],[126.91532,35.9979],[126.91368,36.00557],[126.90101,36.00786],[126.88423,36.02594],[126.8703,36.03283],[126.87369,36.04253],[126.86872,36.0458],[126.86358,36.06057],[126.8297,36.0469],[126.81009,36.03397],[126.79559,36.0305],[126.7723,36.03128],[126.74868,36.02354],[126.7348,36.00085]]],[[[126.5223,36.03514],[126.52235,36.03333],[126.52464,36.03388],[126.52418,36.03532],[126.5223,36.03514]]],[[[126.55864,36.03762],[126.55621,36.04252],[126.55711,36.04469],[126.55326,36.04737],[126.54321,36.04397],[126.54366,36.0416],[126.54071,36.03726],[126.55106,36.03338],[126.55578,36.02936],[126.55864,36.03762]]],[[[126.52838,36.04219],[126.52317,36.03716],[126.5302,36.03503],[126.53251,36.03601],[126.52947,36.03828],[126.53029,36.04104],[126.52838,36.04219]]],[[[126.54332,36.04706],[126.54403,36.0453],[126.54563,36.04577],[126.54515,36.04678],[126.54332,36.04706]]]]}},{"id":"feature_189","type":"Feature","properties":{"시도":"전북특별자치도","시군구":"김제시"},"geometry":{"type":"Polygon","coordinates":[[[126.82527,35.71431],[126.82728,35.7185],[126.84286,35.72658],[126.84765,35.72805],[126.852,35.72608],[126.86123,35.72671],[126.86708,35.72784],[126.87326,35.73194],[126.88113,35.74009],[126.88199,35.74836],[126.87846,35.7484],[126.8785,35.75208],[126.87501,35.75212],[126.87305,35.75831],[126.88459,35.75472],[126.88327,35.75206],[126.88726,35.75215],[126.8872,35.75421],[126.89511,35.75335],[126.91694,35.74381],[126.92803,35.73186],[126.93387,35.72032],[126.94509,35.72112],[126.95089,35.72479],[126.96281,35.72278],[126.97755,35.71664],[126.98156,35.71419],[126.98126,35.7123],[126.99196,35.70142],[126.99301,35.69726],[126.99115,35.68947],[126.99578,35.68638],[127.0024,35.68571],[127.0049,35.68062],[127.01628,35.67599],[127.02122,35.6692],[127.03074,35.66602],[127.04182,35.66598],[127.0481,35.66982],[127.06072,35.67044],[127.06412,35.67772],[127.06439,35.6825],[127.06887,35.68942],[127.06879,35.69368],[127.06059,35.70155],[127.06106,35.70426],[127.07006,35.71236],[127.07181,35.71786],[127.08642,35.72528],[127.08518,35.72843],[127.08172,35.72964],[127.07839,35.73663],[127.07094,35.74065],[127.07019,35.74756],[127.0648,35.7504],[127.06036,35.7577],[127.05147,35.75966],[127.05438,35.76343],[127.06427,35.76675],[127.06672,35.77039],[127.07435,35.7749],[127.07117,35.78214],[127.06486,35.78616],[127.06591,35.79076],[127.06159,35.79246],[127.05543,35.79135],[127.04944,35.79471],[127.04392,35.79518],[127.04245,35.79829],[127.03985,35.79888],[127.03429,35.79786],[127.02873,35.80278],[127.02047,35.79973],[126.99969,35.81317],[126.99465,35.82932],[126.99911,35.83155],[127.0021,35.83968],[127.00967,35.84663],[127.00845,35.85736],[127.00553,35.86204],[127.00655,35.87671],[126.99787,35.8837],[126.99472,35.88348],[126.99308,35.88707],[126.99581,35.8917],[126.99007,35.89277],[126.98682,35.89665],[126.97214,35.89788],[126.96013,35.90329],[126.95348,35.90903],[126.93838,35.91273],[126.91893,35.90597],[126.90841,35.9046],[126.90473,35.90612],[126.90136,35.91144],[126.88942,35.91544],[126.88096,35.91047],[126.87113,35.91075],[126.86064,35.9052],[126.85483,35.90913],[126.8536,35.91679],[126.85124,35.9196],[126.84749,35.92021],[126.83728,35.91156],[126.83814,35.91049],[126.82529,35.89847],[126.8009,35.89375],[126.80028,35.88922],[126.7962,35.88274],[126.79949,35.87795],[126.79871,35.87375],[126.78915,35.86536],[126.76476,35.8661],[126.76621,35.86199],[126.74529,35.86714],[126.73084,35.86663],[126.71978,35.85996],[126.71608,35.86061],[126.71086,35.85747],[126.69946,35.85619],[126.68537,35.84418],[126.68648,35.84184],[126.69866,35.8402],[126.72258,35.82773],[126.73388,35.81816],[126.75732,35.80875],[126.76564,35.80741],[126.76584,35.80449],[126.77684,35.80149],[126.76782,35.78534],[126.76989,35.77752],[126.77639,35.76759],[126.77723,35.75765],[126.77748,35.75318],[126.79274,35.75354],[126.79583,35.75111],[126.79915,35.74733],[126.80049,35.74131],[126.80491,35.73537],[126.80821,35.73393],[126.81273,35.72082],[126.81247,35.71611],[126.81749,35.71503],[126.82182,35.71826],[126.82527,35.71431]]]}},{"id":"feature_190","type":"Feature","properties":{"시도":"전북특별자치도","시군구":"남원시"},"geometry":{"type":"Polygon","coordinates":[[[127.38445,35.30328],[127.39404,35.31049],[127.39849,35.31174],[127.40155,35.3251],[127.40737,35.32837],[127.40987,35.33323],[127.4155,35.33728],[127.41603,35.34095],[127.42276,35.35084],[127.43132,35.35953],[127.44134,35.36443],[127.44289,35.36128],[127.45421,35.36073],[127.45861,35.36362],[127.47284,35.36618],[127.47759,35.36501],[127.4861,35.35837],[127.49562,35.36081],[127.50141,35.35883],[127.50823,35.35334],[127.51422,35.35134],[127.51735,35.34708],[127.52474,35.3449],[127.53054,35.33728],[127.54066,35.33441],[127.54298,35.32818],[127.55207,35.32515],[127.55538,35.32198],[127.56749,35.31879],[127.57745,35.30896],[127.58567,35.30914],[127.5932,35.31193],[127.60551,35.31896],[127.60813,35.32532],[127.61485,35.33056],[127.62042,35.33233],[127.62286,35.34395],[127.61212,35.35595],[127.61034,35.3663],[127.6224,35.3732],[127.62462,35.37656],[127.62556,35.38549],[127.63542,35.39982],[127.64645,35.40266],[127.65004,35.40773],[127.66198,35.41666],[127.66351,35.4255],[127.66582,35.4286],[127.66554,35.43634],[127.67283,35.44376],[127.6679,35.44793],[127.65201,35.45082],[127.64507,35.44951],[127.63693,35.45932],[127.63568,35.46255],[127.63786,35.47083],[127.63677,35.47846],[127.65272,35.48567],[127.6502,35.49013],[127.65084,35.49763],[127.64495,35.49904],[127.64187,35.50506],[127.63408,35.51298],[127.63416,35.52105],[127.63087,35.52082],[127.6245,35.52733],[127.62872,35.53575],[127.62286,35.53376],[127.6188,35.53705],[127.61193,35.53569],[127.60643,35.54284],[127.59434,35.54813],[127.59108,35.55417],[127.58541,35.55459],[127.57863,35.54713],[127.57307,35.54565],[127.57114,35.53468],[127.56858,35.53257],[127.56787,35.52867],[127.57119,35.51877],[127.57999,35.51408],[127.58019,35.50208],[127.57553,35.49818],[127.57431,35.49469],[127.56345,35.48833],[127.55939,35.48067],[127.56174,35.47345],[127.54499,35.4679],[127.54273,35.46839],[127.5417,35.47153],[127.53587,35.47035],[127.52506,35.47312],[127.51925,35.47843],[127.51401,35.4792],[127.52693,35.48625],[127.52837,35.49113],[127.52719,35.49529],[127.51594,35.4988],[127.513,35.50733],[127.50138,35.5176],[127.50182,35.52135],[127.49566,35.52296],[127.49123,35.52695],[127.49222,35.53421],[127.48214,35.5386],[127.47329,35.53975],[127.46926,35.54203],[127.46705,35.54626],[127.45687,35.54629],[127.4523,35.54075],[127.44014,35.54772],[127.43941,35.55282],[127.42614,35.55019],[127.42033,35.55274],[127.41306,35.56019],[127.40802,35.55974],[127.40772,35.55605],[127.40245,35.54844],[127.39203,35.54641],[127.37766,35.54828],[127.36347,35.55823],[127.36153,35.55694],[127.35841,35.55889],[127.35005,35.55133],[127.34369,35.55099],[127.33838,35.5545],[127.33391,35.55221],[127.33459,35.54875],[127.33889,35.54515],[127.34672,35.54294],[127.34899,35.54041],[127.34935,35.53529],[127.34551,35.52811],[127.34231,35.52574],[127.33783,35.5278],[127.33771,35.52593],[127.3547,35.51231],[127.35534,35.50463],[127.35286,35.50381],[127.35625,35.50026],[127.35225,35.49729],[127.34138,35.4964],[127.33482,35.49261],[127.326,35.49583],[127.32003,35.4934],[127.31781,35.49536],[127.31041,35.49389],[127.30722,35.4864],[127.30866,35.47766],[127.3115,35.46891],[127.31447,35.46627],[127.31368,35.46359],[127.30958,35.45994],[127.30622,35.45257],[127.29779,35.44476],[127.29677,35.43524],[127.29376,35.42983],[127.28861,35.42451],[127.27864,35.42487],[127.27569,35.42115],[127.27265,35.42069],[127.25985,35.42693],[127.25172,35.41708],[127.25055,35.40862],[127.24587,35.39884],[127.22589,35.39888],[127.2134,35.37615],[127.21458,35.36916],[127.21035,35.36706],[127.20505,35.36062],[127.19733,35.36437],[127.18935,35.35085],[127.18732,35.34359],[127.1939,35.34128],[127.19556,35.33875],[127.1861,35.33619],[127.1834,35.33237],[127.18445,35.32581],[127.18701,35.32241],[127.20088,35.3158],[127.21574,35.31658],[127.21742,35.32076],[127.21611,35.32958],[127.21968,35.33549],[127.22451,35.33663],[127.23239,35.33494],[127.23571,35.32915],[127.25037,35.31856],[127.25221,35.31517],[127.25954,35.31175],[127.26518,35.31372],[127.28842,35.31417],[127.30168,35.30835],[127.30524,35.30324],[127.30851,35.30312],[127.32411,35.30646],[127.32365,35.309],[127.32942,35.31105],[127.33091,35.31508],[127.35636,35.32126],[127.36709,35.31452],[127.37458,35.31251],[127.38029,35.30453],[127.38445,35.30328]]]}},{"id":"feature_191","type":"Feature","properties":{"시도":"전북특별자치도","시군구":"무주군"},"geometry":{"type":"Polygon","coordinates":[[[127.69965,35.78822],[127.70652,35.79186],[127.71035,35.79162],[127.71928,35.79706],[127.72042,35.80128],[127.72385,35.80459],[127.72338,35.81061],[127.72539,35.81311],[127.73041,35.81365],[127.7326,35.82084],[127.73865,35.82697],[127.73808,35.83513],[127.74441,35.84433],[127.75839,35.83669],[127.77215,35.83893],[127.78049,35.84826],[127.7993,35.85382],[127.80387,35.85718],[127.81273,35.85283],[127.81401,35.85672],[127.82533,35.86843],[127.83088,35.86974],[127.84094,35.86687],[127.84358,35.86907],[127.84513,35.87633],[127.8528,35.88073],[127.85075,35.89005],[127.85827,35.89702],[127.85954,35.90649],[127.87093,35.90464],[127.87723,35.9075],[127.8824,35.91308],[127.88761,35.91458],[127.88262,35.91879],[127.88379,35.92377],[127.88251,35.92882],[127.90646,35.94057],[127.91147,35.94945],[127.90402,35.95452],[127.90039,35.96689],[127.89651,35.97204],[127.89624,35.97791],[127.8896,35.97953],[127.89374,35.98447],[127.89303,35.98708],[127.8867,35.99211],[127.87581,35.99672],[127.876,35.99938],[127.87882,36.00131],[127.87538,36.01489],[127.87693,36.02244],[127.86532,36.02507],[127.86065,36.03128],[127.85622,36.03296],[127.85342,36.03905],[127.84937,36.03966],[127.82581,36.03274],[127.81874,36.02802],[127.80022,36.02625],[127.78785,36.01425],[127.78139,36.01616],[127.76471,36.01208],[127.75876,36.01499],[127.76305,36.0213],[127.7611,36.02546],[127.75262,36.02469],[127.7479,36.02935],[127.74348,36.02826],[127.74294,36.02503],[127.74049,36.02487],[127.7367,36.03086],[127.73244,36.03223],[127.72815,36.03043],[127.72781,36.0261],[127.72328,36.03109],[127.71984,36.03044],[127.71696,36.0344],[127.71187,36.03541],[127.70499,36.03365],[127.70211,36.03521],[127.69647,36.0412],[127.69505,36.04638],[127.69672,36.05622],[127.69523,36.05867],[127.69127,36.05868],[127.68858,36.06282],[127.67081,36.05192],[127.67269,36.04176],[127.6692,36.0383],[127.66543,36.03677],[127.6604,36.03807],[127.65404,36.05641],[127.64913,36.05801],[127.64861,36.06268],[127.64471,36.06657],[127.63776,36.06836],[127.63727,36.06701],[127.62434,36.06671],[127.62033,36.06256],[127.61908,36.04124],[127.63019,36.04127],[127.63212,36.03559],[127.63806,36.0329],[127.63507,36.03107],[127.62819,36.03218],[127.62765,36.02709],[127.62442,36.02465],[127.61598,36.0266],[127.61031,36.02514],[127.61744,36.01681],[127.61816,36.00782],[127.61378,36.00105],[127.61111,36.00171],[127.60646,36.01098],[127.59996,36.01308],[127.591,36.02502],[127.58256,36.02671],[127.57557,36.02266],[127.56652,36.03084],[127.55261,36.03274],[127.54728,36.03803],[127.53116,36.04089],[127.53177,36.03466],[127.53792,36.03297],[127.5393,36.02601],[127.53629,36.02139],[127.54018,36.01173],[127.5331,36.00959],[127.53242,36.0072],[127.53633,36.0007],[127.53644,35.99642],[127.53367,35.99211],[127.52847,35.98995],[127.52473,35.98557],[127.52758,35.97755],[127.53687,35.97801],[127.53466,35.97183],[127.53867,35.96894],[127.54041,35.96401],[127.54494,35.9635],[127.54667,35.96151],[127.54747,35.95504],[127.55179,35.94759],[127.55451,35.94641],[127.5525,35.93744],[127.54835,35.93293],[127.55302,35.92447],[127.55551,35.92264],[127.56332,35.92285],[127.57056,35.9124],[127.58286,35.90294],[127.58385,35.89622],[127.57488,35.87938],[127.58264,35.87569],[127.58902,35.87756],[127.59259,35.8816],[127.59769,35.88073],[127.5991,35.87233],[127.60799,35.86516],[127.60911,35.86081],[127.61705,35.85933],[127.6217,35.84901],[127.62838,35.84513],[127.62206,35.84281],[127.6198,35.8397],[127.62268,35.83141],[127.62111,35.82352],[127.63033,35.81307],[127.63694,35.81616],[127.64498,35.81186],[127.65393,35.81125],[127.66304,35.81828],[127.66897,35.81415],[127.67093,35.80997],[127.67723,35.81033],[127.68688,35.80388],[127.68829,35.79541],[127.69965,35.78822]]]}},{"id":"feature_192","type":"Feature","properties":{"시도":"전북특별자치도","시군구":"부안군"},"geometry":{"type":"MultiPolygon","coordinates":[[[[126.24666,35.57798],[126.24583,35.57636],[126.24362,35.57758],[126.24141,35.57321],[126.24895,35.574],[126.24949,35.57716],[126.24666,35.57798]]],[[[126.29778,35.5859],[126.29946,35.58658],[126.29917,35.59068],[126.297,35.58901],[126.29778,35.5859]]],[[[126.30694,35.62086],[126.30395,35.62177],[126.30111,35.62066],[126.30387,35.62131],[126.30534,35.61861],[126.30053,35.6184],[126.30335,35.61259],[126.29767,35.61168],[126.29415,35.60428],[126.29063,35.606],[126.29445,35.61842],[126.28778,35.61474],[126.29177,35.6098],[126.288,35.60852],[126.28411,35.61414],[126.27536,35.61727],[126.27596,35.61277],[126.28501,35.60675],[126.28355,35.60425],[126.27961,35.60286],[126.28079,35.60582],[126.27798,35.6063],[126.27545,35.60418],[126.27088,35.60862],[126.26775,35.60491],[126.27306,35.59905],[126.26445,35.59533],[126.25938,35.59792],[126.25679,35.59381],[126.2693,35.59351],[126.27086,35.58998],[126.26477,35.5885],[126.25417,35.58991],[126.24845,35.58707],[126.24941,35.58419],[126.25401,35.58275],[126.25967,35.57075],[126.26668,35.56681],[126.26662,35.56887],[126.2626,35.57121],[126.26634,35.5762],[126.27979,35.58028],[126.28893,35.58951],[126.28896,35.59184],[126.30366,35.59575],[126.30487,35.60049],[126.31117,35.60462],[126.31563,35.61065],[126.30694,35.62086]]],[[[126.77723,35.75765],[126.77472,35.75723],[126.7722,35.76309],[126.77295,35.76698],[126.76866,35.77362],[126.7523,35.78519],[126.72829,35.7941],[126.71727,35.79396],[126.69926,35.79944],[126.64299,35.79769],[126.63235,35.80041],[126.62623,35.79513],[126.62263,35.7887],[126.6228,35.78549],[126.62597,35.78217],[126.62421,35.77869],[126.62688,35.74864],[126.61155,35.73683],[126.60122,35.71956],[126.59437,35.71241],[126.58892,35.70842],[126.58489,35.70834],[126.57953,35.70146],[126.57028,35.69496],[126.5543,35.69994],[126.55428,35.69714],[126.53896,35.68998],[126.53293,35.69078],[126.53105,35.68143],[126.52822,35.67719],[126.52453,35.67841],[126.52065,35.67636],[126.51469,35.66745],[126.50362,35.6594],[126.50039,35.65736],[126.48428,35.65561],[126.48332,35.65008],[126.47941,35.64486],[126.47027,35.6427],[126.46594,35.64422],[126.4613,35.6381],[126.45606,35.63666],[126.46002,35.63415],[126.46506,35.63397],[126.46838,35.63114],[126.46862,35.62832],[126.46033,35.6217],[126.46838,35.62261],[126.4704,35.62028],[126.46376,35.61831],[126.46229,35.62051],[126.46065,35.6137],[126.46562,35.5986],[126.46732,35.59691],[126.46924,35.59941],[126.46804,35.60117],[126.47052,35.60282],[126.47885,35.60157],[126.48679,35.59574],[126.48767,35.59367],[126.48573,35.59152],[126.49171,35.58597],[126.49865,35.5859],[126.49987,35.58479],[126.49836,35.58378],[126.50863,35.57921],[126.51199,35.57925],[126.51281,35.58174],[126.51044,35.58279],[126.51511,35.58749],[126.51704,35.58607],[126.51647,35.58072],[126.52944,35.57936],[126.53242,35.58054],[126.53174,35.58379],[126.5411,35.58801],[126.55498,35.58531],[126.57525,35.59014],[126.58537,35.58764],[126.59296,35.58817],[126.59822,35.5943],[126.60328,35.59085],[126.60157,35.58712],[126.6066,35.58568],[126.61214,35.58722],[126.61716,35.58495],[126.62512,35.59297],[126.62695,35.59072],[126.63604,35.59342],[126.63673,35.59994],[126.64164,35.59651],[126.64,35.59402],[126.64236,35.59201],[126.64731,35.59139],[126.65146,35.5951],[126.65951,35.58959],[126.6592,35.58609],[126.66585,35.57551],[126.6682,35.57253],[126.67225,35.5714],[126.68046,35.57248],[126.68485,35.56991],[126.69174,35.56941],[126.70446,35.57479],[126.7217,35.57303],[126.71849,35.58069],[126.72542,35.59366],[126.72169,35.59467],[126.72019,35.5986],[126.72212,35.60461],[126.72001,35.61059],[126.72324,35.61781],[126.72225,35.62811],[126.72028,35.63021],[126.72276,35.63185],[126.72609,35.64538],[126.73355,35.65073],[126.74395,35.66673],[126.74932,35.66467],[126.75294,35.6719],[126.76088,35.66119],[126.76263,35.66106],[126.76509,35.66472],[126.7654,35.6738],[126.77401,35.68723],[126.77929,35.67839],[126.78819,35.67497],[126.79243,35.67744],[126.79804,35.68463],[126.80209,35.68562],[126.80135,35.68073],[126.80579,35.6758],[126.80862,35.68036],[126.81573,35.68308],[126.8197,35.68062],[126.82725,35.67999],[126.82908,35.68499],[126.83467,35.68714],[126.83952,35.69773],[126.82527,35.71431],[126.82182,35.71826],[126.81749,35.71503],[126.81247,35.71611],[126.81273,35.72082],[126.80821,35.73393],[126.80491,35.73537],[126.80049,35.74131],[126.79915,35.74733],[126.79583,35.75111],[126.79274,35.75354],[126.77748,35.75318],[126.77723,35.75765]]],[[[126.2671,35.60762],[126.26632,35.61071],[126.26414,35.60917],[126.26427,35.60815],[126.2671,35.60762]]],[[[126.29442,35.62916],[126.28655,35.63553],[126.28212,35.63365],[126.2764,35.63486],[126.27367,35.63246],[126.27589,35.62844],[126.27362,35.6266],[126.27601,35.6256],[126.27865,35.63001],[126.2805,35.62908],[126.28482,35.6329],[126.28675,35.62767],[126.28521,35.62553],[126.28258,35.62577],[126.28489,35.62199],[126.29442,35.62916]]],[[[126.12954,35.63747],[126.1239,35.64348],[126.1195,35.64543],[126.11393,35.64447],[126.11098,35.64151],[126.11268,35.63712],[126.12061,35.63948],[126.12377,35.63313],[126.12962,35.63575],[126.12954,35.63747]]],[[[126.10917,35.66331],[126.11084,35.66585],[126.10832,35.66815],[126.0988,35.6606],[126.10465,35.65931],[126.10539,35.65637],[126.10919,35.65657],[126.1104,35.65819],[126.10762,35.66011],[126.10917,35.66331]]],[[[126.48559,35.66528],[126.48213,35.66048],[126.48734,35.66107],[126.48733,35.66455],[126.48559,35.66528]]],[[[126.12168,35.66633],[126.11959,35.66639],[126.11872,35.66512],[126.12152,35.66436],[126.12168,35.66633]]]]}},{"id":"feature_193","type":"Feature","properties":{"시도":"전북특별자치도","시군구":"순창군"},"geometry":{"type":"Polygon","coordinates":[[[127.09667,35.30174],[127.10125,35.30186],[127.1055,35.2992],[127.11568,35.29955],[127.12612,35.30352],[127.12995,35.30931],[127.1454,35.30912],[127.14657,35.31541],[127.16061,35.32744],[127.17133,35.33295],[127.1729,35.33033],[127.17963,35.33239],[127.18032,35.33777],[127.1861,35.33619],[127.19556,35.33875],[127.1939,35.34128],[127.18732,35.34359],[127.18935,35.35085],[127.19733,35.36437],[127.20505,35.36062],[127.21035,35.36706],[127.21458,35.36916],[127.2134,35.37615],[127.22589,35.39888],[127.24587,35.39884],[127.25055,35.40862],[127.25172,35.41708],[127.25985,35.42693],[127.27265,35.42069],[127.27569,35.42115],[127.27864,35.42487],[127.28861,35.42451],[127.29376,35.42983],[127.29677,35.43524],[127.29779,35.44476],[127.30622,35.45257],[127.30958,35.45994],[127.31368,35.46359],[127.31447,35.46627],[127.3115,35.46891],[127.30866,35.47766],[127.29879,35.47801],[127.29253,35.47509],[127.28413,35.47914],[127.27453,35.47343],[127.27143,35.47345],[127.26736,35.47632],[127.26378,35.47488],[127.25899,35.47996],[127.24444,35.48445],[127.23718,35.47734],[127.23074,35.47414],[127.21659,35.48991],[127.20413,35.48999],[127.20029,35.4882],[127.19583,35.48933],[127.18966,35.48242],[127.17718,35.47466],[127.17739,35.46422],[127.1733,35.45888],[127.16338,35.4628],[127.15581,35.46087],[127.14433,35.46178],[127.14319,35.46778],[127.14014,35.47007],[127.14188,35.47723],[127.13637,35.48272],[127.13407,35.4931],[127.12997,35.49713],[127.12772,35.50325],[127.11663,35.50363],[127.11086,35.509],[127.09223,35.50583],[127.08791,35.50805],[127.08295,35.50645],[127.07457,35.51182],[127.07457,35.51383],[127.06706,35.5162],[127.06075,35.51059],[127.05505,35.5092],[127.05028,35.51229],[127.05168,35.51796],[127.04999,35.52106],[127.04248,35.52263],[127.0387,35.52854],[127.02868,35.53173],[127.02256,35.53592],[127.01913,35.54207],[127.02058,35.54607],[127.00858,35.54178],[126.99623,35.53997],[126.99262,35.53692],[126.98347,35.54778],[126.9816,35.5534],[126.9752,35.55593],[126.97017,35.55218],[126.97038,35.54924],[126.96703,35.54625],[126.95674,35.54273],[126.95311,35.53841],[126.95111,35.5385],[126.94987,35.53362],[126.93204,35.5238],[126.92958,35.51981],[126.92986,35.50943],[126.93364,35.50619],[126.93502,35.4937],[126.93792,35.48935],[126.93609,35.48781],[126.93564,35.48158],[126.92704,35.47904],[126.92609,35.48147],[126.92263,35.4826],[126.91342,35.4765],[126.90243,35.47797],[126.89663,35.48071],[126.8892,35.47819],[126.88171,35.48332],[126.88103,35.48571],[126.87341,35.47965],[126.86191,35.48031],[126.86006,35.47939],[126.86063,35.47369],[126.86389,35.46913],[126.86435,35.46483],[126.86869,35.46139],[126.87626,35.45624],[126.8805,35.45547],[126.884,35.45099],[126.89484,35.44848],[126.90003,35.4423],[126.90466,35.4409],[126.89758,35.43587],[126.8977,35.433],[126.90364,35.43015],[126.90196,35.42277],[126.90314,35.42083],[126.90737,35.42028],[126.90853,35.41667],[126.91099,35.41556],[126.91587,35.41586],[126.92067,35.41089],[126.91691,35.40499],[126.91736,35.4022],[126.9196,35.40197],[126.93357,35.4058],[126.93007,35.40028],[126.93276,35.39515],[126.93553,35.39436],[126.9548,35.39671],[126.96337,35.39476],[126.97654,35.4001],[126.97624,35.40746],[126.97054,35.41764],[126.97039,35.42743],[126.98162,35.42646],[126.9852,35.43657],[126.99416,35.43977],[126.99792,35.44611],[127.00001,35.46157],[127.00298,35.46321],[127.01443,35.45745],[127.0237,35.46347],[127.03463,35.4658],[127.03591,35.45877],[127.03462,35.44753],[127.0371,35.44123],[127.03699,35.43362],[127.04042,35.43192],[127.04396,35.43379],[127.04907,35.43126],[127.0523,35.42686],[127.04911,35.42189],[127.04559,35.40806],[127.04786,35.4056],[127.04724,35.40279],[127.04222,35.39891],[127.03202,35.40116],[127.02727,35.39994],[127.02728,35.39493],[127.03021,35.39046],[127.03889,35.3846],[127.04034,35.38259],[127.03913,35.37996],[127.04643,35.37694],[127.05165,35.37924],[127.0559,35.38493],[127.06494,35.37563],[127.06367,35.36992],[127.07028,35.36612],[127.06534,35.35701],[127.06965,35.35169],[127.06726,35.34535],[127.07029,35.33973],[127.06252,35.33611],[127.0562,35.34008],[127.0523,35.34021],[127.05105,35.32954],[127.04298,35.32349],[127.04333,35.32176],[127.04655,35.31827],[127.0516,35.31664],[127.06179,35.31707],[127.06558,35.31056],[127.07208,35.31261],[127.07856,35.31086],[127.09667,35.30174]]]}},{"id":"feature_194","type":"Feature","properties":{"시도":"전북특별자치도","시군구":"완주군"},"geometry":{"type":"MultiPolygon","coordinates":[[[[127.0936,35.62144],[127.10326,35.61865],[127.10628,35.61954],[127.12007,35.63348],[127.12891,35.63684],[127.13553,35.6468],[127.12698,35.65722],[127.13097,35.66955],[127.12635,35.67368],[127.12469,35.68691],[127.126,35.69072],[127.13024,35.69174],[127.13894,35.69935],[127.13722,35.70404],[127.13961,35.71253],[127.13866,35.71801],[127.15248,35.725],[127.15918,35.72392],[127.16308,35.7254],[127.16533,35.72946],[127.17813,35.73822],[127.18738,35.73526],[127.18795,35.73088],[127.19567,35.72923],[127.20557,35.72378],[127.20676,35.71952],[127.20553,35.7153],[127.20835,35.70952],[127.22396,35.71172],[127.23601,35.70349],[127.24122,35.69787],[127.23985,35.69063],[127.24218,35.68707],[127.25022,35.69139],[127.25601,35.69116],[127.25949,35.69308],[127.25927,35.69648],[127.25623,35.69951],[127.25644,35.7058],[127.25284,35.71174],[127.25162,35.71891],[127.2525,35.72328],[127.25519,35.72507],[127.25627,35.73282],[127.25147,35.73518],[127.25367,35.74181],[127.24678,35.74838],[127.24445,35.75626],[127.25326,35.76649],[127.26056,35.77006],[127.26476,35.77762],[127.2708,35.77796],[127.27455,35.78239],[127.27414,35.78945],[127.3032,35.80084],[127.29552,35.80867],[127.29879,35.81326],[127.29728,35.81745],[127.31051,35.82498],[127.30884,35.83194],[127.31111,35.83473],[127.31191,35.84097],[127.32004,35.84684],[127.32558,35.85625],[127.32562,35.85996],[127.31985,35.86348],[127.32095,35.86727],[127.32498,35.87177],[127.33334,35.87491],[127.33194,35.87801],[127.33339,35.88214],[127.33098,35.88486],[127.3331,35.89151],[127.3331,35.90434],[127.33157,35.90715],[127.34748,35.91391],[127.35322,35.91357],[127.34937,35.91851],[127.34947,35.92292],[127.34723,35.92666],[127.34978,35.93547],[127.34549,35.94228],[127.35085,35.95006],[127.34418,35.95976],[127.34502,35.969],[127.34139,35.97438],[127.34377,35.98045],[127.35028,35.98357],[127.35325,35.98889],[127.36556,35.99012],[127.36306,35.99404],[127.36473,35.99944],[127.36199,36.00534],[127.36223,36.01125],[127.36925,36.02092],[127.37397,36.02016],[127.37783,36.02282],[127.37935,36.03041],[127.37438,36.03427],[127.37308,36.04352],[127.36114,36.05331],[127.36041,36.056],[127.36175,36.05886],[127.3606,36.06107],[127.36455,36.06592],[127.36382,36.06861],[127.36029,36.06831],[127.35927,36.07057],[127.36173,36.07618],[127.35724,36.08316],[127.35716,36.08676],[127.36,36.08951],[127.34966,36.09523],[127.34789,36.09839],[127.35497,36.10831],[127.35338,36.11341],[127.35094,36.11642],[127.34444,36.11807],[127.33848,36.13049],[127.323,36.13009],[127.32288,36.12584],[127.31438,36.11863],[127.30906,36.12388],[127.30237,36.12545],[127.29589,36.12008],[127.29354,36.1123],[127.28526,36.11242],[127.27348,36.10757],[127.26428,36.10907],[127.25764,36.11416],[127.25161,36.11226],[127.25019,36.10741],[127.24608,36.10446],[127.24601,36.09657],[127.2473,36.0937],[127.25702,36.08747],[127.25417,36.08369],[127.24321,36.08481],[127.23537,36.09385],[127.22556,36.09922],[127.21936,36.09696],[127.21219,36.10061],[127.20497,36.10048],[127.20349,36.09394],[127.2005,36.09154],[127.20168,36.08748],[127.19933,36.08601],[127.19585,36.08602],[127.18884,36.09245],[127.18159,36.09457],[127.1692,36.08391],[127.15377,36.08479],[127.15125,36.08992],[127.14926,36.09031],[127.13716,36.08685],[127.13351,36.08134],[127.1337,36.06968],[127.12991,36.06565],[127.1401,36.05711],[127.12913,36.04263],[127.11614,36.03056],[127.11825,36.02627],[127.11601,36.02414],[127.12143,36.02014],[127.12561,36.0113],[127.12516,36.00547],[127.10734,35.99553],[127.10852,35.98376],[127.10423,35.96502],[127.10626,35.95923],[127.09458,35.94034],[127.09233,35.93099],[127.08042,35.92138],[127.07522,35.92155],[127.06621,35.9158],[127.04306,35.92584],[127.03592,35.91846],[127.02972,35.91855],[127.02899,35.9154],[127.03187,35.91065],[127.03544,35.90931],[127.03223,35.90585],[127.03586,35.90358],[127.03723,35.89346],[127.04027,35.89727],[127.04534,35.89337],[127.05363,35.89223],[127.06372,35.89903],[127.07932,35.89762],[127.08864,35.89331],[127.12417,35.90115],[127.13637,35.90046],[127.1479,35.89014],[127.15173,35.88098],[127.16171,35.86878],[127.16922,35.85501],[127.17228,35.85401],[127.1854,35.85578],[127.19047,35.8585],[127.19703,35.85805],[127.20497,35.84511],[127.21022,35.84119],[127.20858,35.82868],[127.21418,35.82212],[127.21966,35.81986],[127.22762,35.82229],[127.23561,35.82149],[127.2311,35.81851],[127.22805,35.8085],[127.21728,35.80164],[127.21194,35.79397],[127.19969,35.78603],[127.19918,35.77588],[127.19507,35.77423],[127.18544,35.77915],[127.17834,35.77267],[127.17326,35.77894],[127.16365,35.78188],[127.16242,35.78394],[127.14954,35.77424],[127.14969,35.76879],[127.14622,35.76371],[127.14651,35.75953],[127.13681,35.76103],[127.13007,35.75563],[127.12553,35.7551],[127.12401,35.75223],[127.11836,35.7531],[127.11587,35.74943],[127.10251,35.75226],[127.09621,35.74535],[127.09542,35.73732],[127.09147,35.73625],[127.08518,35.72843],[127.08642,35.72528],[127.07181,35.71786],[127.07006,35.71236],[127.06106,35.70426],[127.06059,35.70155],[127.06879,35.69368],[127.06887,35.68942],[127.06439,35.6825],[127.06412,35.67772],[127.07404,35.67161],[127.07751,35.67174],[127.08247,35.66616],[127.07899,35.66255],[127.08029,35.65891],[127.08959,35.65289],[127.08745,35.64661],[127.08881,35.63938],[127.09388,35.63321],[127.08979,35.62699],[127.0936,35.62144]]],[[[127.06591,35.79076],[127.06463,35.79715],[127.06524,35.80255],[127.06764,35.8045],[127.06763,35.81424],[127.06329,35.8207],[127.05681,35.82304],[127.05553,35.82599],[127.05094,35.82864],[127.05177,35.83331],[127.05855,35.83296],[127.05862,35.83828],[127.05514,35.84113],[127.04988,35.85387],[127.03408,35.85073],[127.02769,35.85373],[127.02553,35.85713],[127.02846,35.8612],[127.02543,35.86476],[127.01929,35.8628],[127.0162,35.85923],[127.00553,35.86204],[127.00845,35.85736],[127.00967,35.84663],[127.0021,35.83968],[126.99911,35.83155],[126.99465,35.82932],[126.99969,35.81317],[127.02047,35.79973],[127.02873,35.80278],[127.03429,35.79786],[127.03985,35.79888],[127.04245,35.79829],[127.04392,35.79518],[127.04944,35.79471],[127.05543,35.79135],[127.06159,35.79246],[127.06591,35.79076]]]]}},{"id":"feature_195","type":"Feature","properties":{"시도":"전북특별자치도","시군구":"익산시"},"geometry":{"type":"Polygon","coordinates":[[[126.8536,35.91679],[126.85483,35.90913],[126.86064,35.9052],[126.87113,35.91075],[126.88096,35.91047],[126.88942,35.91544],[126.90136,35.91144],[126.90473,35.90612],[126.90841,35.9046],[126.91893,35.90597],[126.93838,35.91273],[126.95348,35.90903],[126.96013,35.90329],[126.97214,35.89788],[126.98682,35.89665],[126.99007,35.89277],[126.99581,35.8917],[126.99308,35.88707],[126.99472,35.88348],[126.99787,35.8837],[127.00164,35.88947],[127.00032,35.89278],[127.00152,35.89337],[127.0149,35.89573],[127.02099,35.89429],[127.02819,35.89783],[127.03298,35.89293],[127.03723,35.89346],[127.03586,35.90358],[127.03223,35.90585],[127.03544,35.90931],[127.03187,35.91065],[127.02899,35.9154],[127.02972,35.91855],[127.03592,35.91846],[127.04306,35.92584],[127.06621,35.9158],[127.07522,35.92155],[127.08042,35.92138],[127.09233,35.93099],[127.09458,35.94034],[127.10626,35.95923],[127.10423,35.96502],[127.10852,35.98376],[127.10734,35.99553],[127.12516,36.00547],[127.12561,36.0113],[127.12143,36.02014],[127.11601,36.02414],[127.11825,36.02627],[127.11614,36.03056],[127.12913,36.04263],[127.1401,36.05711],[127.12991,36.06565],[127.1229,36.06319],[127.10124,36.07583],[127.09361,36.07513],[127.09093,36.07197],[127.08806,36.07567],[127.0816,36.07792],[127.07453,36.08449],[127.0718,36.08436],[127.07016,36.08757],[127.0614,36.09349],[127.06111,36.10499],[127.05824,36.10824],[127.05778,36.11688],[127.06026,36.11891],[127.06079,36.12513],[127.05817,36.1251],[127.04958,36.13275],[127.05152,36.13518],[127.04976,36.14237],[127.04408,36.14519],[127.03959,36.14233],[127.03906,36.13887],[127.02366,36.13656],[127.02055,36.13812],[127.01566,36.14892],[127.01028,36.14608],[127.00345,36.14914],[127.00026,36.14682],[126.9863,36.14516],[126.96879,36.15072],[126.96414,36.15502],[126.95698,36.15642],[126.93916,36.15132],[126.92339,36.13933],[126.91898,36.13917],[126.90809,36.14354],[126.89232,36.14073],[126.88406,36.13249],[126.8726,36.11088],[126.8749,36.0915],[126.87012,36.06925],[126.86358,36.06057],[126.86872,36.0458],[126.87369,36.04253],[126.8703,36.03283],[126.88423,36.02594],[126.90101,36.00786],[126.91368,36.00557],[126.91532,35.9979],[126.91294,35.99037],[126.90821,35.98693],[126.90777,35.98338],[126.90947,35.98191],[126.90226,35.97863],[126.90293,35.97208],[126.88517,35.96081],[126.89098,35.95854],[126.89374,35.95506],[126.88183,35.94725],[126.88153,35.93938],[126.87859,35.93495],[126.86105,35.91904],[126.8536,35.91679]]]}},{"id":"feature_196","type":"Feature","properties":{"시도":"전북특별자치도","시군구":"임실군"},"geometry":{"type":"Polygon","coordinates":[[[127.08791,35.50805],[127.09223,35.50583],[127.11086,35.509],[127.11663,35.50363],[127.12772,35.50325],[127.12997,35.49713],[127.13407,35.4931],[127.13637,35.48272],[127.14188,35.47723],[127.14014,35.47007],[127.14319,35.46778],[127.14433,35.46178],[127.15581,35.46087],[127.16338,35.4628],[127.1733,35.45888],[127.17739,35.46422],[127.17718,35.47466],[127.18966,35.48242],[127.19583,35.48933],[127.20029,35.4882],[127.20413,35.48999],[127.21659,35.48991],[127.23074,35.47414],[127.23718,35.47734],[127.24444,35.48445],[127.25899,35.47996],[127.26378,35.47488],[127.26736,35.47632],[127.27143,35.47345],[127.27453,35.47343],[127.28413,35.47914],[127.29253,35.47509],[127.29879,35.47801],[127.30866,35.47766],[127.30722,35.4864],[127.31041,35.49389],[127.31781,35.49536],[127.32003,35.4934],[127.326,35.49583],[127.33482,35.49261],[127.34138,35.4964],[127.35225,35.49729],[127.35625,35.50026],[127.35286,35.50381],[127.35534,35.50463],[127.3547,35.51231],[127.33771,35.52593],[127.33783,35.5278],[127.34231,35.52574],[127.34551,35.52811],[127.34935,35.53529],[127.34899,35.54041],[127.34672,35.54294],[127.33889,35.54515],[127.33459,35.54875],[127.33391,35.55221],[127.33838,35.5545],[127.34369,35.55099],[127.35005,35.55133],[127.35841,35.55889],[127.36153,35.55694],[127.36347,35.55823],[127.36146,35.5637],[127.36445,35.5683],[127.37909,35.57734],[127.37665,35.58473],[127.37208,35.58669],[127.37219,35.59277],[127.37573,35.59907],[127.37469,35.60821],[127.38681,35.61493],[127.39996,35.61279],[127.41107,35.61486],[127.42649,35.6148],[127.43599,35.62186],[127.43499,35.62632],[127.43052,35.62999],[127.43259,35.63453],[127.42858,35.64095],[127.41672,35.64173],[127.39919,35.65171],[127.39268,35.65183],[127.38812,35.65548],[127.37797,35.65412],[127.37872,35.66081],[127.37713,35.66424],[127.36762,35.66269],[127.3647,35.66039],[127.36195,35.66691],[127.35651,35.66919],[127.34642,35.66542],[127.33589,35.66511],[127.32751,35.66079],[127.32336,35.66347],[127.32202,35.67018],[127.31571,35.67877],[127.30575,35.6851],[127.29632,35.68242],[127.29079,35.68617],[127.29023,35.68918],[127.29222,35.6918],[127.29074,35.69587],[127.29276,35.70102],[127.2898,35.71232],[127.29359,35.71732],[127.28689,35.72994],[127.28738,35.73354],[127.28106,35.7373],[127.28084,35.74212],[127.27632,35.74904],[127.2761,35.75301],[127.26557,35.76246],[127.26613,35.76966],[127.27306,35.77513],[127.2708,35.77796],[127.26476,35.77762],[127.26056,35.77006],[127.25326,35.76649],[127.24445,35.75626],[127.24678,35.74838],[127.25367,35.74181],[127.25147,35.73518],[127.25627,35.73282],[127.25519,35.72507],[127.2525,35.72328],[127.25162,35.71891],[127.25284,35.71174],[127.25644,35.7058],[127.25623,35.69951],[127.25927,35.69648],[127.25949,35.69308],[127.25601,35.69116],[127.25022,35.69139],[127.24218,35.68707],[127.23985,35.69063],[127.24122,35.69787],[127.23601,35.70349],[127.22396,35.71172],[127.20835,35.70952],[127.20553,35.7153],[127.20676,35.71952],[127.20557,35.72378],[127.19567,35.72923],[127.18795,35.73088],[127.18738,35.73526],[127.17813,35.73822],[127.16533,35.72946],[127.16308,35.7254],[127.15918,35.72392],[127.15248,35.725],[127.13866,35.71801],[127.13961,35.71253],[127.13722,35.70404],[127.13894,35.69935],[127.13024,35.69174],[127.126,35.69072],[127.12469,35.68691],[127.12635,35.67368],[127.13097,35.66955],[127.12698,35.65722],[127.13553,35.6468],[127.12891,35.63684],[127.12007,35.63348],[127.10628,35.61954],[127.10326,35.61865],[127.0936,35.62144],[127.09141,35.61372],[127.10022,35.60398],[127.10437,35.59584],[127.09873,35.58811],[127.08855,35.5874],[127.08293,35.58441],[127.08359,35.57912],[127.09271,35.56704],[127.08654,35.55763],[127.08589,35.55154],[127.08786,35.54884],[127.10775,35.54264],[127.11547,35.53865],[127.11727,35.53583],[127.11507,35.52882],[127.10888,35.53425],[127.10567,35.53435],[127.08731,35.52054],[127.09006,35.51553],[127.08791,35.50805]]]}},{"id":"feature_197","type":"Feature","properties":{"시도":"전북특별자치도","시군구":"장수군"},"geometry":{"type":"Polygon","coordinates":[[[127.58541,35.55459],[127.58741,35.56516],[127.59074,35.56702],[127.59459,35.57336],[127.60437,35.5787],[127.61059,35.58486],[127.60757,35.59477],[127.61268,35.5997],[127.613,35.60869],[127.61819,35.61031],[127.62113,35.61501],[127.63547,35.61847],[127.62413,35.63235],[127.62449,35.63808],[127.62041,35.64179],[127.62025,35.64626],[127.62248,35.65101],[127.6296,35.65663],[127.62907,35.6642],[127.63515,35.66709],[127.64026,35.67231],[127.64038,35.68666],[127.64505,35.69766],[127.64955,35.70162],[127.64916,35.70399],[127.65764,35.70657],[127.66077,35.70975],[127.65975,35.71609],[127.66344,35.72476],[127.6603,35.7384],[127.6636,35.74502],[127.66182,35.74983],[127.66414,35.76701],[127.67003,35.77168],[127.67903,35.76927],[127.68499,35.77785],[127.69965,35.78822],[127.68829,35.79541],[127.68688,35.80388],[127.67723,35.81033],[127.67093,35.80997],[127.66897,35.81415],[127.66304,35.81828],[127.65393,35.81125],[127.64498,35.81186],[127.63694,35.81616],[127.63033,35.81307],[127.62111,35.82352],[127.62268,35.83141],[127.6198,35.8397],[127.60711,35.8302],[127.60229,35.8166],[127.60263,35.81185],[127.59866,35.80728],[127.57903,35.7937],[127.57714,35.79533],[127.5756,35.79386],[127.57057,35.79466],[127.56868,35.79711],[127.56022,35.79973],[127.55733,35.80408],[127.55377,35.80576],[127.54269,35.80656],[127.53578,35.81331],[127.52265,35.81217],[127.51934,35.80267],[127.51341,35.7991],[127.51113,35.79187],[127.51385,35.78361],[127.51143,35.77663],[127.51314,35.77052],[127.51706,35.76793],[127.51927,35.75848],[127.52329,35.75593],[127.5229,35.75441],[127.51907,35.75031],[127.50905,35.74711],[127.50367,35.74144],[127.49487,35.7367],[127.48337,35.72227],[127.47852,35.72129],[127.47565,35.71491],[127.47781,35.70327],[127.47308,35.69728],[127.46481,35.69322],[127.46659,35.68925],[127.46589,35.68289],[127.45995,35.67306],[127.47794,35.65912],[127.47462,35.65454],[127.47385,35.64713],[127.46663,35.63791],[127.47002,35.62676],[127.46856,35.6215],[127.45369,35.61882],[127.44285,35.61931],[127.43599,35.62186],[127.42649,35.6148],[127.41107,35.61486],[127.39996,35.61279],[127.38681,35.61493],[127.37469,35.60821],[127.37573,35.59907],[127.37219,35.59277],[127.37208,35.58669],[127.37665,35.58473],[127.37909,35.57734],[127.36445,35.5683],[127.36146,35.5637],[127.36347,35.55823],[127.37766,35.54828],[127.39203,35.54641],[127.40245,35.54844],[127.40772,35.55605],[127.40802,35.55974],[127.41306,35.56019],[127.42033,35.55274],[127.42614,35.55019],[127.43941,35.55282],[127.44014,35.54772],[127.4523,35.54075],[127.45687,35.54629],[127.46705,35.54626],[127.46926,35.54203],[127.47329,35.53975],[127.48214,35.5386],[127.49222,35.53421],[127.49123,35.52695],[127.49566,35.52296],[127.50182,35.52135],[127.50138,35.5176],[127.513,35.50733],[127.51594,35.4988],[127.52719,35.49529],[127.52837,35.49113],[127.52693,35.48625],[127.51401,35.4792],[127.51925,35.47843],[127.52506,35.47312],[127.53587,35.47035],[127.5417,35.47153],[127.54273,35.46839],[127.54499,35.4679],[127.56174,35.47345],[127.55939,35.48067],[127.56345,35.48833],[127.57431,35.49469],[127.57553,35.49818],[127.58019,35.50208],[127.57999,35.51408],[127.57119,35.51877],[127.56787,35.52867],[127.56858,35.53257],[127.57114,35.53468],[127.57307,35.54565],[127.57863,35.54713],[127.58541,35.55459]]]}},{"id":"feature_198","type":"Feature","properties":{"시도":"전북특별자치도","시군구":"전주시"},"geometry":{"type":"Polygon","coordinates":[[[127.08518,35.72843],[127.09147,35.73625],[127.09542,35.73732],[127.09621,35.74535],[127.10251,35.75226],[127.11587,35.74943],[127.11836,35.7531],[127.12401,35.75223],[127.12553,35.7551],[127.13007,35.75563],[127.13681,35.76103],[127.14651,35.75953],[127.14622,35.76371],[127.14969,35.76879],[127.14954,35.77424],[127.16242,35.78394],[127.16365,35.78188],[127.17326,35.77894],[127.17834,35.77267],[127.18544,35.77915],[127.19507,35.77423],[127.19918,35.77588],[127.19969,35.78603],[127.21194,35.79397],[127.21728,35.80164],[127.22805,35.8085],[127.2311,35.81851],[127.23561,35.82149],[127.22762,35.82229],[127.21966,35.81986],[127.21418,35.82212],[127.20858,35.82868],[127.21022,35.84119],[127.20497,35.84511],[127.19703,35.85805],[127.19047,35.8585],[127.1854,35.85578],[127.17228,35.85401],[127.16922,35.85501],[127.16171,35.86878],[127.15173,35.88098],[127.1479,35.89014],[127.13637,35.90046],[127.12417,35.90115],[127.08864,35.89331],[127.07932,35.89762],[127.06372,35.89903],[127.05363,35.89223],[127.04534,35.89337],[127.04027,35.89727],[127.03723,35.89346],[127.03298,35.89293],[127.02819,35.89783],[127.02099,35.89429],[127.0149,35.89573],[127.00152,35.89337],[127.00032,35.89278],[127.00164,35.88947],[126.99787,35.8837],[127.00655,35.87671],[127.00553,35.86204],[127.0162,35.85923],[127.01929,35.8628],[127.02543,35.86476],[127.02846,35.8612],[127.02553,35.85713],[127.02769,35.85373],[127.03408,35.85073],[127.04988,35.85387],[127.05514,35.84113],[127.05862,35.83828],[127.05855,35.83296],[127.05177,35.83331],[127.05094,35.82864],[127.05553,35.82599],[127.05681,35.82304],[127.06329,35.8207],[127.06763,35.81424],[127.06764,35.8045],[127.06524,35.80255],[127.06463,35.79715],[127.06591,35.79076],[127.06486,35.78616],[127.07117,35.78214],[127.07435,35.7749],[127.06672,35.77039],[127.06427,35.76675],[127.05438,35.76343],[127.05147,35.75966],[127.06036,35.7577],[127.0648,35.7504],[127.07019,35.74756],[127.07094,35.74065],[127.07839,35.73663],[127.08172,35.72964],[127.08518,35.72843]],[[127.11277,35.82585],[127.11157,35.82807],[127.11275,35.82588],[127.11277,35.82585]]]}},{"id":"feature_199","type":"Feature","properties":{"시도":"전북특별자치도","시군구":"정읍시"},"geometry":{"type":"Polygon","coordinates":[[[126.77252,35.46838],[126.78216,35.47034],[126.79285,35.46718],[126.81357,35.46885],[126.81503,35.47364],[126.81293,35.47663],[126.81396,35.48294],[126.81858,35.48576],[126.82613,35.4863],[126.83124,35.48007],[126.83989,35.4831],[126.84228,35.48009],[126.84314,35.47599],[126.84058,35.46639],[126.83814,35.46457],[126.83964,35.46213],[126.85062,35.46598],[126.86156,35.46165],[126.86869,35.46139],[126.86435,35.46483],[126.86389,35.46913],[126.86063,35.47369],[126.86006,35.47939],[126.86191,35.48031],[126.87341,35.47965],[126.88103,35.48571],[126.88171,35.48332],[126.8892,35.47819],[126.89663,35.48071],[126.90243,35.47797],[126.91342,35.4765],[126.92263,35.4826],[126.92609,35.48147],[126.92704,35.47904],[126.93564,35.48158],[126.93609,35.48781],[126.93792,35.48935],[126.93502,35.4937],[126.93364,35.50619],[126.92986,35.50943],[126.92958,35.51981],[126.93204,35.5238],[126.94987,35.53362],[126.95111,35.5385],[126.95311,35.53841],[126.95674,35.54273],[126.96703,35.54625],[126.97038,35.54924],[126.97017,35.55218],[126.9752,35.55593],[126.9816,35.5534],[126.98347,35.54778],[126.99262,35.53692],[126.99623,35.53997],[127.00858,35.54178],[127.02058,35.54607],[127.01913,35.54207],[127.02256,35.53592],[127.02868,35.53173],[127.0387,35.52854],[127.04248,35.52263],[127.04999,35.52106],[127.05168,35.51796],[127.05028,35.51229],[127.05505,35.5092],[127.06075,35.51059],[127.06706,35.5162],[127.07457,35.51383],[127.07457,35.51182],[127.08295,35.50645],[127.08791,35.50805],[127.09006,35.51553],[127.08731,35.52054],[127.10567,35.53435],[127.10888,35.53425],[127.11507,35.52882],[127.11727,35.53583],[127.11547,35.53865],[127.10775,35.54264],[127.08786,35.54884],[127.08589,35.55154],[127.08654,35.55763],[127.09271,35.56704],[127.08359,35.57912],[127.08293,35.58441],[127.08855,35.5874],[127.09873,35.58811],[127.10437,35.59584],[127.10022,35.60398],[127.09141,35.61372],[127.0936,35.62144],[127.08979,35.62699],[127.09388,35.63321],[127.08881,35.63938],[127.08745,35.64661],[127.08959,35.65289],[127.08029,35.65891],[127.07899,35.66255],[127.08247,35.66616],[127.07751,35.67174],[127.07404,35.67161],[127.06412,35.67772],[127.06072,35.67044],[127.0481,35.66982],[127.04182,35.66598],[127.03074,35.66602],[127.02122,35.6692],[127.01628,35.67599],[127.0049,35.68062],[127.0024,35.68571],[126.99578,35.68638],[126.99115,35.68947],[126.99301,35.69726],[126.99196,35.70142],[126.98126,35.7123],[126.98156,35.71419],[126.97755,35.71664],[126.96281,35.72278],[126.95089,35.72479],[126.94509,35.72112],[126.93387,35.72032],[126.92803,35.73186],[126.91694,35.74381],[126.89511,35.75335],[126.8872,35.75421],[126.88726,35.75215],[126.88327,35.75206],[126.88459,35.75472],[126.87305,35.75831],[126.87501,35.75212],[126.8785,35.75208],[126.87846,35.7484],[126.88199,35.74836],[126.88113,35.74009],[126.87326,35.73194],[126.86708,35.72784],[126.86123,35.72671],[126.852,35.72608],[126.84765,35.72805],[126.84286,35.72658],[126.82728,35.7185],[126.82527,35.71431],[126.83952,35.69773],[126.83467,35.68714],[126.82908,35.68499],[126.82725,35.67999],[126.8197,35.68062],[126.81573,35.68308],[126.80862,35.68036],[126.80579,35.6758],[126.80135,35.68073],[126.80209,35.68562],[126.79804,35.68463],[126.79243,35.67744],[126.78819,35.67497],[126.77929,35.67839],[126.77401,35.68723],[126.7654,35.6738],[126.76509,35.66472],[126.76263,35.66106],[126.76088,35.66119],[126.75294,35.6719],[126.74932,35.66467],[126.74395,35.66673],[126.73355,35.65073],[126.72609,35.64538],[126.72276,35.63185],[126.72028,35.63021],[126.72225,35.62811],[126.72324,35.61781],[126.72001,35.61059],[126.72212,35.60461],[126.72019,35.5986],[126.72169,35.59467],[126.72542,35.59366],[126.71849,35.58069],[126.7217,35.57303],[126.73926,35.56745],[126.75562,35.57368],[126.76405,35.57051],[126.76679,35.56277],[126.76093,35.55573],[126.76459,35.55324],[126.76611,35.54929],[126.7622,35.54471],[126.7612,35.53286],[126.77374,35.52355],[126.76143,35.51715],[126.75963,35.51424],[126.76093,35.51046],[126.77066,35.50739],[126.76847,35.50283],[126.76856,35.49579],[126.76421,35.49306],[126.76681,35.48573],[126.76993,35.48292],[126.77252,35.46838]]]}},{"id":"feature_200","type":"Feature","properties":{"시도":"전북특별자치도","시군구":"진안군"},"geometry":{"type":"Polygon","coordinates":[[[127.43599,35.62186],[127.44285,35.61931],[127.45369,35.61882],[127.46856,35.6215],[127.47002,35.62676],[127.46663,35.63791],[127.47385,35.64713],[127.47462,35.65454],[127.47794,35.65912],[127.45995,35.67306],[127.46589,35.68289],[127.46659,35.68925],[127.46481,35.69322],[127.47308,35.69728],[127.47781,35.70327],[127.47565,35.71491],[127.47852,35.72129],[127.48337,35.72227],[127.49487,35.7367],[127.50367,35.74144],[127.50905,35.74711],[127.51907,35.75031],[127.5229,35.75441],[127.52329,35.75593],[127.51927,35.75848],[127.51706,35.76793],[127.51314,35.77052],[127.51143,35.77663],[127.51385,35.78361],[127.51113,35.79187],[127.51341,35.7991],[127.51934,35.80267],[127.52265,35.81217],[127.53578,35.81331],[127.54269,35.80656],[127.55377,35.80576],[127.55733,35.80408],[127.56022,35.79973],[127.56868,35.79711],[127.57057,35.79466],[127.5756,35.79386],[127.57714,35.79533],[127.57903,35.7937],[127.59866,35.80728],[127.60263,35.81185],[127.60229,35.8166],[127.60711,35.8302],[127.6198,35.8397],[127.62206,35.84281],[127.62838,35.84513],[127.6217,35.84901],[127.61705,35.85933],[127.60911,35.86081],[127.60799,35.86516],[127.5991,35.87233],[127.59769,35.88073],[127.59259,35.8816],[127.58902,35.87756],[127.58264,35.87569],[127.57488,35.87938],[127.58385,35.89622],[127.58286,35.90294],[127.57056,35.9124],[127.56332,35.92285],[127.55551,35.92264],[127.55302,35.92447],[127.54835,35.93293],[127.5525,35.93744],[127.55451,35.94641],[127.55179,35.94759],[127.54747,35.95504],[127.54667,35.96151],[127.54494,35.9635],[127.54041,35.96401],[127.53867,35.96894],[127.53466,35.97183],[127.53687,35.97801],[127.52758,35.97755],[127.52473,35.98557],[127.51411,35.98344],[127.50737,35.97983],[127.49912,35.98748],[127.49449,35.98609],[127.48761,35.97802],[127.47585,35.98052],[127.46822,35.98774],[127.46521,35.98818],[127.46343,35.98441],[127.45598,35.98378],[127.44817,35.99345],[127.44791,35.99922],[127.44458,36.00685],[127.43741,36.00912],[127.43527,36.01421],[127.4373,36.02051],[127.43432,36.02435],[127.43467,36.02773],[127.42627,36.02647],[127.40115,36.0079],[127.39676,36.01007],[127.39186,36.01715],[127.38359,36.0218],[127.37783,36.02282],[127.37397,36.02016],[127.36925,36.02092],[127.36223,36.01125],[127.36199,36.00534],[127.36473,35.99944],[127.36306,35.99404],[127.36556,35.99012],[127.35325,35.98889],[127.35028,35.98357],[127.34377,35.98045],[127.34139,35.97438],[127.34502,35.969],[127.34418,35.95976],[127.35085,35.95006],[127.34549,35.94228],[127.34978,35.93547],[127.34723,35.92666],[127.34947,35.92292],[127.34937,35.91851],[127.35322,35.91357],[127.34748,35.91391],[127.33157,35.90715],[127.3331,35.90434],[127.3331,35.89151],[127.33098,35.88486],[127.33339,35.88214],[127.33194,35.87801],[127.33334,35.87491],[127.32498,35.87177],[127.32095,35.86727],[127.31985,35.86348],[127.32562,35.85996],[127.32558,35.85625],[127.32004,35.84684],[127.31191,35.84097],[127.31111,35.83473],[127.30884,35.83194],[127.31051,35.82498],[127.29728,35.81745],[127.29879,35.81326],[127.29552,35.80867],[127.3032,35.80084],[127.27414,35.78945],[127.27455,35.78239],[127.2708,35.77796],[127.27306,35.77513],[127.26613,35.76966],[127.26557,35.76246],[127.2761,35.75301],[127.27632,35.74904],[127.28084,35.74212],[127.28106,35.7373],[127.28738,35.73354],[127.28689,35.72994],[127.29359,35.71732],[127.2898,35.71232],[127.29276,35.70102],[127.29074,35.69587],[127.29222,35.6918],[127.29023,35.68918],[127.29079,35.68617],[127.29632,35.68242],[127.30575,35.6851],[127.31571,35.67877],[127.32202,35.67018],[127.32336,35.66347],[127.32751,35.66079],[127.33589,35.66511],[127.34642,35.66542],[127.35651,35.66919],[127.36195,35.66691],[127.3647,35.66039],[127.36762,35.66269],[127.37713,35.66424],[127.37872,35.66081],[127.37797,35.65412],[127.38812,35.65548],[127.39268,35.65183],[127.39919,35.65171],[127.41672,35.64173],[127.42858,35.64095],[127.43259,35.63453],[127.43052,35.62999],[127.43499,35.62632],[127.43599,35.62186]]]}},{"id":"feature_201","type":"Feature","properties":{"시도":"제주특별자치도","시군구":"서귀포시"},"geometry":{"type":"MultiPolygon","coordinates":[[[[126.26653,33.11231],[126.26956,33.11187],[126.27115,33.11515],[126.27027,33.12255],[126.26825,33.12445],[126.26443,33.1181],[126.26653,33.11231]]],[[[126.26924,33.16238],[126.27198,33.16161],[126.28022,33.16743],[126.27919,33.1712],[126.27139,33.17678],[126.26849,33.17585],[126.26262,33.16909],[126.26722,33.16646],[126.26924,33.16238]]],[[[126.30774,33.20987],[126.30877,33.20551],[126.31204,33.20667],[126.31098,33.20858],[126.30774,33.20987]]],[[[126.51292,33.21717],[126.51681,33.21561],[126.51922,33.21705],[126.51637,33.22059],[126.51292,33.21717]]],[[[126.16817,33.28162],[126.16944,33.27413],[126.17801,33.26751],[126.18222,33.25891],[126.19196,33.25391],[126.19144,33.25233],[126.19983,33.24593],[126.21221,33.24078],[126.21926,33.24179],[126.23246,33.23447],[126.23513,33.22804],[126.23986,33.22571],[126.24936,33.21312],[126.25231,33.2139],[126.25527,33.2096],[126.26241,33.20957],[126.26368,33.20537],[126.26117,33.20497],[126.26059,33.19917],[126.26907,33.19404],[126.27644,33.19565],[126.27774,33.19993],[126.27954,33.19831],[126.28557,33.19993],[126.28604,33.19651],[126.2891,33.19452],[126.29544,33.19639],[126.29432,33.20261],[126.29195,33.20418],[126.29734,33.21835],[126.29536,33.22035],[126.30261,33.22665],[126.30912,33.22823],[126.31225,33.23251],[126.31533,33.23138],[126.31764,33.23688],[126.32842,33.24036],[126.33467,33.23864],[126.33635,33.23569],[126.33363,33.23396],[126.34436,33.23597],[126.34974,33.23431],[126.35534,33.23529],[126.36829,33.23066],[126.36975,33.22867],[126.37689,33.23151],[126.37826,33.23001],[126.38162,33.23223],[126.38462,33.23148],[126.39293,33.23688],[126.41058,33.24405],[126.41897,33.24131],[126.42366,33.23608],[126.43248,33.23169],[126.43558,33.23205],[126.43624,33.23508],[126.45439,33.23993],[126.45919,33.23723],[126.46092,33.23031],[126.46747,33.22662],[126.47031,33.22253],[126.47603,33.2216],[126.47908,33.22273],[126.47866,33.226],[126.48372,33.22656],[126.48846,33.22994],[126.49624,33.22935],[126.49752,33.22753],[126.50919,33.23002],[126.51959,33.23702],[126.52085,33.24069],[126.53393,33.23805],[126.54003,33.24077],[126.54285,33.23818],[126.54797,33.23728],[126.55075,33.24108],[126.56466,33.23345],[126.56337,33.23832],[126.55992,33.23749],[126.56035,33.24225],[126.56153,33.23961],[126.5675,33.23606],[126.56574,33.23537],[126.57069,33.23718],[126.56736,33.24061],[126.57201,33.24419],[126.5892,33.24293],[126.59308,33.23751],[126.5982,33.23582],[126.61124,33.24039],[126.61793,33.24026],[126.62008,33.24324],[126.62014,33.24956],[126.62115,33.24844],[126.62412,33.25206],[126.62746,33.2513],[126.64032,33.25698],[126.64131,33.26431],[126.64404,33.26694],[126.65323,33.26931],[126.65695,33.26751],[126.66091,33.26833],[126.65876,33.274],[126.66219,33.27397],[126.66167,33.27142],[126.66399,33.26978],[126.661,33.26701],[126.67085,33.27063],[126.67722,33.2668],[126.67867,33.27064],[126.69856,33.2703],[126.70585,33.27334],[126.72315,33.27619],[126.72372,33.27825],[126.73192,33.2784],[126.73328,33.28096],[126.73881,33.27656],[126.7454,33.27806],[126.75089,33.28259],[126.74995,33.284],[126.76547,33.29196],[126.76736,33.2979],[126.77299,33.30051],[126.77795,33.30657],[126.79128,33.30221],[126.79362,33.30379],[126.79947,33.30262],[126.80361,33.30386],[126.80997,33.30157],[126.81561,33.30668],[126.8195,33.30737],[126.82,33.30556],[126.8238,33.30493],[126.83432,33.30806],[126.84419,33.31913],[126.84823,33.31986],[126.84955,33.3253],[126.84345,33.32786],[126.84304,33.33094],[126.84977,33.33627],[126.85085,33.33489],[126.8568,33.33781],[126.86141,33.34693],[126.86363,33.34728],[126.87017,33.35492],[126.86809,33.36366],[126.87318,33.36542],[126.87369,33.37166],[126.88227,33.37939],[126.88328,33.38341],[126.90713,33.39119],[126.90639,33.39862],[126.90342,33.40307],[126.90871,33.40676],[126.9089,33.41149],[126.91215,33.41387],[126.91206,33.41918],[126.91898,33.42741],[126.91666,33.43345],[126.92302,33.43398],[126.92481,33.43003],[126.92208,33.42667],[126.93088,33.42195],[126.93713,33.42918],[126.92996,33.43516],[126.9253,33.43531],[126.92384,33.43847],[126.92544,33.44316],[126.92227,33.44334],[126.92274,33.44542],[126.92544,33.4456],[126.92514,33.44924],[126.93074,33.45536],[126.93048,33.45841],[126.9342,33.45975],[126.94075,33.45433],[126.9483,33.45692],[126.93792,33.46545],[126.93825,33.46819],[126.93562,33.47175],[126.93609,33.47762],[126.93553,33.47387],[126.92843,33.47384],[126.92807,33.46937],[126.92444,33.47062],[126.92774,33.47589],[126.92047,33.46962],[126.92137,33.47389],[126.91385,33.47577],[126.91442,33.47268],[126.91245,33.47322],[126.90962,33.47957],[126.9059,33.47811],[126.90324,33.48334],[126.88777,33.48149],[126.85793,33.46714],[126.85433,33.4632],[126.84648,33.46213],[126.82391,33.45299],[126.82469,33.44842],[126.8218,33.44664],[126.81652,33.44822],[126.81594,33.44663],[126.79707,33.4404],[126.78869,33.44151],[126.7832,33.4346],[126.75747,33.41824],[126.74422,33.41811],[126.73268,33.42541],[126.71775,33.42205],[126.70683,33.42182],[126.68747,33.4118],[126.68627,33.39976],[126.6717,33.3986],[126.66532,33.40224],[126.66026,33.40173],[126.65452,33.39985],[126.65265,33.39475],[126.63355,33.39412],[126.62563,33.38954],[126.62277,33.38369],[126.61967,33.38493],[126.60658,33.38204],[126.58557,33.37222],[126.55107,33.37204],[126.53576,33.36177],[126.53425,33.36323],[126.52945,33.36153],[126.52579,33.36302],[126.51797,33.36029],[126.51216,33.36149],[126.50529,33.35767],[126.49891,33.3593],[126.49061,33.35457],[126.48286,33.35893],[126.47512,33.35556],[126.46659,33.35818],[126.4454,33.35856],[126.43823,33.35401],[126.43766,33.34369],[126.42873,33.33752],[126.41807,33.33775],[126.40036,33.34377],[126.39179,33.34368],[126.38068,33.3467],[126.37491,33.34676],[126.36702,33.34123],[126.35191,33.34087],[126.34203,33.34299],[126.33662,33.34027],[126.32382,33.32635],[126.31753,33.32726],[126.3025,33.32219],[126.28492,33.31279],[126.27115,33.30104],[126.26881,33.29633],[126.25508,33.29329],[126.24739,33.28932],[126.24293,33.28304],[126.24472,33.27309],[126.23028,33.28382],[126.19195,33.29838],[126.1916,33.29454],[126.18177,33.29262],[126.1778,33.29364],[126.17125,33.28864],[126.17207,33.28555],[126.16817,33.28162]]],[[[126.56465,33.22796],[126.56303,33.22607],[126.56854,33.22525],[126.56856,33.22695],[126.56465,33.22796]]],[[[126.59627,33.22877],[126.60141,33.22837],[126.60296,33.2296],[126.59827,33.23237],[126.59627,33.22877]]],[[[126.91382,33.47776],[126.9147,33.47564],[126.91731,33.47525],[126.91548,33.47583],[126.91382,33.47776]]],[[[126.91133,33.48106],[126.9109,33.4773],[126.91103,33.47696],[126.91436,33.47914],[126.91133,33.48106]]]]}},{"id":"feature_202","type":"Feature","properties":{"시도":"제주특별자치도","시군구":"제주시"},"geometry":{"type":"MultiPolygon","coordinates":[[[[126.16267,33.31192],[126.15947,33.31221],[126.15923,33.31058],[126.1625,33.31087],[126.16267,33.31192]]],[[[126.14381,33.31109],[126.14509,33.30946],[126.1496,33.30941],[126.15375,33.31151],[126.15108,33.31376],[126.14381,33.31109]]],[[[126.16817,33.28162],[126.17207,33.28555],[126.17125,33.28864],[126.1778,33.29364],[126.18177,33.29262],[126.1916,33.29454],[126.19195,33.29838],[126.23028,33.28382],[126.24472,33.27309],[126.24293,33.28304],[126.24739,33.28932],[126.25508,33.29329],[126.26881,33.29633],[126.27115,33.30104],[126.28492,33.31279],[126.3025,33.32219],[126.31753,33.32726],[126.32382,33.32635],[126.33662,33.34027],[126.34203,33.34299],[126.35191,33.34087],[126.36702,33.34123],[126.37491,33.34676],[126.38068,33.3467],[126.39179,33.34368],[126.40036,33.34377],[126.41807,33.33775],[126.42873,33.33752],[126.43766,33.34369],[126.43823,33.35401],[126.4454,33.35856],[126.46659,33.35818],[126.47512,33.35556],[126.48286,33.35893],[126.49061,33.35457],[126.49891,33.3593],[126.50529,33.35767],[126.51216,33.36149],[126.51797,33.36029],[126.52579,33.36302],[126.52945,33.36153],[126.53425,33.36323],[126.53576,33.36177],[126.55107,33.37204],[126.58557,33.37222],[126.60658,33.38204],[126.61967,33.38493],[126.62277,33.38369],[126.62563,33.38954],[126.63355,33.39412],[126.65265,33.39475],[126.65452,33.39985],[126.66026,33.40173],[126.66532,33.40224],[126.6717,33.3986],[126.68627,33.39976],[126.68747,33.4118],[126.70683,33.42182],[126.71775,33.42205],[126.73268,33.42541],[126.74422,33.41811],[126.75747,33.41824],[126.7832,33.4346],[126.78869,33.44151],[126.79707,33.4404],[126.81594,33.44663],[126.81652,33.44822],[126.8218,33.44664],[126.82469,33.44842],[126.82391,33.45299],[126.84648,33.46213],[126.85433,33.4632],[126.85793,33.46714],[126.88777,33.48149],[126.90324,33.48334],[126.90467,33.48707],[126.90706,33.48543],[126.91056,33.48679],[126.91603,33.48522],[126.91782,33.48687],[126.91671,33.49001],[126.91295,33.49058],[126.91201,33.49358],[126.91593,33.50159],[126.91387,33.50817],[126.90756,33.51168],[126.89954,33.5117],[126.90413,33.51517],[126.90181,33.51742],[126.90584,33.51817],[126.90752,33.52092],[126.90363,33.52194],[126.90291,33.52608],[126.89735,33.52507],[126.89246,33.52894],[126.87183,33.53166],[126.86692,33.5309],[126.86446,33.52602],[126.85902,33.52613],[126.8575,33.527],[126.85878,33.53044],[126.8526,33.53094],[126.85098,33.534],[126.84539,33.53391],[126.84182,33.53886],[126.83349,33.54343],[126.83014,33.54727],[126.83039,33.55193],[126.82746,33.55569],[126.82792,33.5601],[126.81424,33.56291],[126.80849,33.55873],[126.80156,33.55975],[126.79981,33.55695],[126.79692,33.55658],[126.79421,33.56026],[126.78029,33.5673],[126.76612,33.56691],[126.76203,33.56543],[126.76088,33.56044],[126.75893,33.55925],[126.74904,33.56128],[126.74022,33.5592],[126.73949,33.55744],[126.74155,33.55704],[126.74007,33.55592],[126.7308,33.56269],[126.71813,33.55882],[126.71514,33.55487],[126.6971,33.55396],[126.6947,33.55201],[126.69002,33.55352],[126.68741,33.55095],[126.68327,33.55063],[126.6807,33.55365],[126.67848,33.55358],[126.67528,33.55269],[126.67315,33.54548],[126.66903,33.5448],[126.66799,33.5463],[126.66574,33.54444],[126.65843,33.54828],[126.65805,33.55212],[126.64365,33.55666],[126.63988,33.55107],[126.63693,33.54978],[126.63837,33.54631],[126.63377,33.54502],[126.63267,33.53706],[126.62704,33.54008],[126.61199,33.53875],[126.61068,33.5368],[126.60315,33.53524],[126.59737,33.53777],[126.58732,33.53281],[126.5842,33.52717],[126.57478,33.52937],[126.57254,33.52717],[126.57346,33.52534],[126.56581,33.52467],[126.56241,33.52787],[126.55841,33.52271],[126.55066,33.52064],[126.54884,33.52084],[126.55067,33.52367],[126.5445,33.52339],[126.5453,33.52774],[126.53974,33.53081],[126.5277,33.51884],[126.51733,33.51991],[126.51417,33.51653],[126.50156,33.51833],[126.49539,33.52171],[126.4891,33.52038],[126.48518,33.51816],[126.48324,33.51164],[126.47902,33.50981],[126.46827,33.5106],[126.46456,33.5089],[126.46274,33.50334],[126.45462,33.50463],[126.45211,33.50187],[126.45429,33.50074],[126.45122,33.4975],[126.44563,33.49893],[126.43185,33.49453],[126.42375,33.4958],[126.41865,33.48955],[126.41094,33.49014],[126.40725,33.48554],[126.40385,33.48625],[126.39835,33.48403],[126.39469,33.48439],[126.391,33.48986],[126.38536,33.48959],[126.3803,33.48464],[126.3684,33.47885],[126.3567,33.4794],[126.35321,33.47792],[126.3522,33.47443],[126.3415,33.47146],[126.33548,33.46693],[126.32619,33.46917],[126.3203,33.46757],[126.31331,33.4698],[126.30804,33.46635],[126.31034,33.46031],[126.30609,33.45287],[126.2995,33.44753],[126.29638,33.44752],[126.29221,33.44423],[126.29219,33.44758],[126.29082,33.44778],[126.28894,33.44449],[126.28538,33.44603],[126.28194,33.44359],[126.27749,33.44426],[126.2732,33.43716],[126.26971,33.43927],[126.2616,33.43752],[126.25996,33.43469],[126.26228,33.42662],[126.25784,33.42635],[126.25657,33.41748],[126.25219,33.41686],[126.25786,33.41705],[126.2597,33.42276],[126.26282,33.41633],[126.25371,33.41255],[126.25043,33.40911],[126.24885,33.40585],[126.24964,33.40206],[126.24094,33.40148],[126.24091,33.39578],[126.23642,33.39611],[126.23207,33.39095],[126.22886,33.39386],[126.22635,33.39102],[126.22216,33.39127],[126.22082,33.38747],[126.21179,33.38162],[126.21379,33.37974],[126.21266,33.37665],[126.20519,33.37312],[126.19999,33.36622],[126.18699,33.36395],[126.17995,33.35973],[126.17819,33.3572],[126.17929,33.35395],[126.17724,33.34665],[126.17455,33.34828],[126.16726,33.34637],[126.16416,33.33891],[126.16006,33.3383],[126.15981,33.33311],[126.16227,33.33173],[126.1612,33.32387],[126.16499,33.3221],[126.16619,33.31715],[126.16217,33.30863],[126.16585,33.29904],[126.16077,33.29635],[126.15927,33.2923],[126.16129,33.289],[126.1607,33.28518],[126.16817,33.28162]]],[[[126.22323,33.40503],[126.23128,33.40475],[126.23211,33.4102],[126.22874,33.41245],[126.22307,33.41171],[126.2218,33.41002],[126.22323,33.40503]]],[[[126.30611,33.90229],[126.30408,33.90406],[126.30297,33.90368],[126.30438,33.9025],[126.30611,33.90229]]],[[[126.32269,33.91168],[126.32166,33.91032],[126.3247,33.90884],[126.32642,33.91325],[126.32007,33.91529],[126.32048,33.91385],[126.32269,33.91168]]],[[[126.31054,33.94102],[126.309,33.93911],[126.31279,33.93984],[126.31225,33.94071],[126.31054,33.94102]]],[[[126.33855,33.95336],[126.34275,33.95468],[126.33683,33.95711],[126.32449,33.95203],[126.31474,33.95491],[126.31048,33.95255],[126.3048,33.95395],[126.30288,33.95012],[126.30548,33.94735],[126.31146,33.94628],[126.31061,33.94511],[126.31583,33.94156],[126.32073,33.93038],[126.32851,33.93035],[126.33053,33.93097],[126.32998,33.93293],[126.32766,33.93553],[126.32483,33.93551],[126.32443,33.94115],[126.32835,33.94426],[126.34195,33.94588],[126.34281,33.94939],[126.33878,33.95124],[126.33855,33.95336]]],[[[126.29724,33.96251],[126.30022,33.96195],[126.29403,33.96618],[126.28408,33.96807],[126.28397,33.96399],[126.28654,33.96472],[126.28861,33.96266],[126.2821,33.96183],[126.29933,33.952],[126.3024,33.95396],[126.30184,33.95848],[126.29443,33.96146],[126.29634,33.96349],[126.29724,33.96251]]],[[[126.28152,33.97116],[126.28149,33.96867],[126.28417,33.96832],[126.2835,33.97082],[126.28152,33.97116]]],[[[126.25623,33.98508],[126.25683,33.98391],[126.25876,33.98547],[126.25773,33.98635],[126.25623,33.98508]]],[[[126.32055,33.98733],[126.32599,33.98551],[126.32357,33.98889],[126.31989,33.98933],[126.32055,33.98733]]],[[[126.24702,33.98909],[126.2463,33.98755],[126.25052,33.98549],[126.25374,33.98803],[126.25037,33.99099],[126.24702,33.98909]]],[[[126.26628,33.9896],[126.26779,33.99078],[126.26407,33.99125],[126.26459,33.98997],[126.26628,33.9896]]],[[[126.34188,33.90411],[126.34175,33.90285],[126.34318,33.90087],[126.34397,33.90516],[126.34188,33.90411]]],[[[126.38786,33.96211],[126.39005,33.96096],[126.38959,33.96666],[126.38871,33.96599],[126.38786,33.96211]]],[[[126.37789,33.96372],[126.38225,33.96744],[126.3799,33.96846],[126.37706,33.96589],[126.37789,33.96372]]],[[[126.35379,33.98218],[126.34657,33.98535],[126.34524,33.98294],[126.3494,33.9807],[126.35379,33.98218]]],[[[126.39193,33.99359],[126.39233,33.99541],[126.39031,33.99545],[126.39108,33.99366],[126.39193,33.99359]]],[[[126.33991,34.01129],[126.33614,34.0134],[126.33078,34.01076],[126.34779,34.00534],[126.35188,34.00695],[126.34526,34.01147],[126.33991,34.01129]]],[[[126.96519,33.51461],[126.95829,33.51343],[126.96237,33.51902],[126.95543,33.52571],[126.94703,33.52279],[126.94901,33.51883],[126.94787,33.5152],[126.94401,33.51307],[126.94076,33.50668],[126.94441,33.49702],[126.94323,33.49467],[126.95617,33.49085],[126.95959,33.49232],[126.96295,33.48929],[126.96666,33.48948],[126.97148,33.4984],[126.96656,33.51117],[126.97276,33.5113],[126.97298,33.51417],[126.96717,33.51653],[126.96519,33.51461]]],[[[126.69449,33.55933],[126.69267,33.55695],[126.69756,33.55504],[126.69631,33.56013],[126.69449,33.55933]]]]}},{"id":"feature_203","type":"Feature","properties":{"시도":"충청남도","시군구":"계룡시"},"geometry":{"type":"Polygon","coordinates":[[[127.27808,36.24407],[127.28102,36.24583],[127.28003,36.25234],[127.28206,36.25779],[127.29177,36.26419],[127.29057,36.26575],[127.28101,36.26541],[127.25625,36.27801],[127.24946,36.28343],[127.24763,36.29165],[127.25202,36.29609],[127.25943,36.29685],[127.2602,36.30184],[127.2575,36.31539],[127.26038,36.32194],[127.25975,36.32721],[127.25497,36.32977],[127.25342,36.33699],[127.24659,36.33666],[127.24196,36.33881],[127.24046,36.3466],[127.22909,36.34917],[127.20448,36.3463],[127.20599,36.34231],[127.19921,36.33836],[127.19578,36.334],[127.19833,36.32656],[127.20257,36.32284],[127.20534,36.30367],[127.20204,36.29462],[127.20313,36.29004],[127.20179,36.28544],[127.19575,36.27566],[127.19911,36.27002],[127.1978,36.25988],[127.20045,36.25747],[127.20154,36.25201],[127.20921,36.25287],[127.21182,36.25769],[127.22043,36.26234],[127.22811,36.25755],[127.22817,36.25501],[127.24045,36.25592],[127.23738,36.24933],[127.23759,36.24512],[127.24017,36.24369],[127.23903,36.237],[127.24635,36.23187],[127.2621,36.23653],[127.26674,36.2426],[127.27808,36.24407]]]}},{"id":"feature_204","type":"Feature","properties":{"시도":"충청남도","시군구":"공주시"},"geometry":{"type":"Polygon","coordinates":[[[127.06579,36.27701],[127.06541,36.28572],[127.06785,36.28946],[127.06801,36.2966],[127.07227,36.29511],[127.07781,36.29629],[127.08459,36.3168],[127.08838,36.31734],[127.09267,36.3216],[127.10458,36.33496],[127.10671,36.34004],[127.11518,36.32997],[127.12071,36.31792],[127.13015,36.32063],[127.14056,36.3076],[127.14312,36.30692],[127.14911,36.31239],[127.15835,36.31635],[127.1591,36.32224],[127.16553,36.3225],[127.17738,36.32952],[127.19578,36.334],[127.19921,36.33836],[127.20599,36.34231],[127.20448,36.3463],[127.22909,36.34917],[127.24046,36.3466],[127.24196,36.33881],[127.24659,36.33666],[127.25342,36.33699],[127.25497,36.32977],[127.25975,36.32721],[127.266,36.32845],[127.268,36.33152],[127.26716,36.33874],[127.27553,36.34472],[127.27787,36.34861],[127.27225,36.35423],[127.27084,36.36097],[127.27752,36.36521],[127.28099,36.37482],[127.27884,36.37989],[127.27859,36.39702],[127.28231,36.41454],[127.27611,36.41389],[127.26282,36.41673],[127.25865,36.41424],[127.25912,36.40911],[127.2508,36.40676],[127.24226,36.41862],[127.23193,36.41991],[127.23171,36.42195],[127.22878,36.4228],[127.22693,36.42122],[127.22511,36.42665],[127.21771,36.43374],[127.19909,36.44005],[127.20111,36.44125],[127.20182,36.44632],[127.1984,36.45221],[127.20473,36.45929],[127.20328,36.46498],[127.20109,36.4668],[127.19791,36.46597],[127.19202,36.47467],[127.19048,36.47947],[127.19482,36.48439],[127.19468,36.48959],[127.18545,36.49321],[127.17688,36.49253],[127.17324,36.49744],[127.17351,36.49927],[127.17819,36.49968],[127.17754,36.50243],[127.17599,36.50541],[127.17002,36.50904],[127.17028,36.51173],[127.18223,36.52146],[127.17302,36.53346],[127.17424,36.54219],[127.17867,36.54536],[127.18504,36.54366],[127.18701,36.5458],[127.19183,36.54604],[127.18676,36.55294],[127.19379,36.56481],[127.1992,36.56494],[127.20311,36.56745],[127.20374,36.57267],[127.20791,36.57873],[127.2005,36.58285],[127.19275,36.58086],[127.18925,36.5866],[127.19055,36.59408],[127.18431,36.59109],[127.18093,36.59586],[127.17254,36.59651],[127.16762,36.60156],[127.15559,36.60614],[127.15589,36.61526],[127.14996,36.61907],[127.15056,36.62043],[127.14799,36.6286],[127.14052,36.63673],[127.14053,36.64289],[127.13118,36.64567],[127.12839,36.64846],[127.1271,36.65365],[127.12404,36.65318],[127.10999,36.65866],[127.09342,36.65376],[127.09226,36.64836],[127.08668,36.64169],[127.07265,36.64271],[127.06551,36.64608],[127.05854,36.64541],[127.05311,36.6517],[127.04301,36.65171],[127.0397,36.65392],[127.02735,36.65579],[127.02523,36.65598],[127.0205,36.64999],[127.00953,36.65609],[127.00271,36.65123],[126.99859,36.65192],[126.99264,36.64865],[126.97868,36.65334],[126.97729,36.65574],[126.97818,36.66129],[126.97209,36.6686],[126.96776,36.67943],[126.95743,36.67193],[126.95769,36.66246],[126.95972,36.66204],[126.95834,36.65527],[126.9543,36.65254],[126.95504,36.64539],[126.94823,36.64091],[126.94705,36.63599],[126.94388,36.63288],[126.94515,36.62829],[126.93586,36.62186],[126.9371,36.61495],[126.93277,36.61295],[126.93046,36.60839],[126.93204,36.60274],[126.92888,36.60171],[126.92731,36.5961],[126.931,36.59167],[126.92524,36.58758],[126.9203,36.57844],[126.91326,36.57432],[126.90986,36.56645],[126.90645,36.56561],[126.899,36.55896],[126.89958,36.54947],[126.89463,36.54693],[126.88997,36.54133],[126.88856,36.53399],[126.89379,36.52654],[126.89036,36.52434],[126.88968,36.51929],[126.88391,36.51148],[126.89412,36.50289],[126.89209,36.4869],[126.89424,36.48384],[126.89436,36.47851],[126.89939,36.47677],[126.90426,36.46904],[126.91391,36.46469],[126.91603,36.4556],[126.93027,36.45502],[126.94052,36.46186],[126.95662,36.46861],[126.96025,36.46606],[126.97152,36.46728],[126.9973,36.46024],[127.00077,36.45601],[127.00423,36.45564],[127.00234,36.45086],[127.00758,36.45136],[127.00698,36.43889],[127.02019,36.43827],[127.01798,36.43413],[127.02405,36.42656],[127.02382,36.42433],[127.0153,36.41834],[127.02781,36.40444],[127.0273,36.40147],[127.01626,36.3892],[126.99097,36.37209],[126.98762,36.36201],[126.98676,36.3439],[126.97575,36.33549],[126.98537,36.33716],[126.98998,36.33522],[126.98867,36.33224],[126.99007,36.32999],[126.99659,36.32779],[126.99283,36.31915],[126.98776,36.31514],[126.9867,36.31139],[126.98723,36.30601],[126.99566,36.29771],[127.0064,36.2978],[127.0121,36.29544],[127.01402,36.2966],[127.01639,36.2912],[127.02226,36.28805],[127.02752,36.28191],[127.03512,36.28119],[127.03896,36.28357],[127.05254,36.27883],[127.06579,36.27701]]]}},{"id":"feature_205","type":"Feature","properties":{"시도":"충청남도","시군구":"금산군"},"geometry":{"type":"Polygon","coordinates":[[[127.52473,35.98557],[127.52847,35.98995],[127.53367,35.99211],[127.53644,35.99642],[127.53633,36.0007],[127.53242,36.0072],[127.5331,36.00959],[127.54018,36.01173],[127.53629,36.02139],[127.5393,36.02601],[127.53792,36.03297],[127.53177,36.03466],[127.53116,36.04089],[127.54728,36.03803],[127.55261,36.03274],[127.56652,36.03084],[127.57557,36.02266],[127.58256,36.02671],[127.591,36.02502],[127.59996,36.01308],[127.60646,36.01098],[127.61111,36.00171],[127.61378,36.00105],[127.61816,36.00782],[127.61744,36.01681],[127.61031,36.02514],[127.61598,36.0266],[127.62442,36.02465],[127.62765,36.02709],[127.62819,36.03218],[127.63507,36.03107],[127.63806,36.0329],[127.63212,36.03559],[127.63019,36.04127],[127.61908,36.04124],[127.62033,36.06256],[127.62434,36.06671],[127.63727,36.06701],[127.63776,36.06836],[127.63273,36.08164],[127.61832,36.09328],[127.6179,36.10512],[127.61957,36.10902],[127.61345,36.11173],[127.61007,36.11862],[127.60385,36.1171],[127.5902,36.13383],[127.59035,36.14328],[127.59363,36.15297],[127.60174,36.16159],[127.59935,36.17243],[127.59342,36.17718],[127.59812,36.18435],[127.59284,36.19515],[127.59927,36.20451],[127.59709,36.21284],[127.5978,36.21741],[127.59074,36.22229],[127.5832,36.23136],[127.57041,36.2329],[127.56182,36.22998],[127.54662,36.23017],[127.54961,36.23884],[127.5379,36.24294],[127.53505,36.24749],[127.536,36.25158],[127.52395,36.24653],[127.51784,36.24052],[127.51327,36.24179],[127.50878,36.23882],[127.49277,36.23809],[127.48997,36.23737],[127.48837,36.23282],[127.47783,36.22974],[127.47685,36.22613],[127.46752,36.22325],[127.4692,36.21548],[127.46012,36.21293],[127.45909,36.20978],[127.45325,36.20677],[127.45649,36.20375],[127.45573,36.20087],[127.44281,36.19406],[127.43349,36.19918],[127.42968,36.20511],[127.42385,36.20615],[127.42236,36.20829],[127.4195,36.20717],[127.40827,36.21306],[127.41087,36.21751],[127.40456,36.22272],[127.40057,36.23182],[127.38788,36.23447],[127.39112,36.24274],[127.38783,36.24595],[127.38639,36.25076],[127.39042,36.26079],[127.3897,36.26422],[127.38439,36.26839],[127.37241,36.27218],[127.37102,36.26994],[127.36271,36.26919],[127.35966,36.26267],[127.36137,36.25358],[127.364,36.25165],[127.36463,36.24755],[127.36196,36.23404],[127.36305,36.2322],[127.36005,36.22679],[127.36472,36.21997],[127.36052,36.2185],[127.35946,36.21392],[127.35303,36.21182],[127.34971,36.20829],[127.34684,36.2033],[127.34748,36.19777],[127.34392,36.19673],[127.34066,36.18912],[127.3351,36.18362],[127.33143,36.18432],[127.32602,36.17424],[127.32481,36.17316],[127.32107,36.17487],[127.31903,36.17286],[127.32187,36.16885],[127.32102,36.16455],[127.31925,36.16423],[127.32002,36.15653],[127.31847,36.15403],[127.32286,36.14603],[127.323,36.13009],[127.33848,36.13049],[127.34444,36.11807],[127.35094,36.11642],[127.35338,36.11341],[127.35497,36.10831],[127.34789,36.09839],[127.34966,36.09523],[127.36,36.08951],[127.35716,36.08676],[127.35724,36.08316],[127.36173,36.07618],[127.35927,36.07057],[127.36029,36.06831],[127.36382,36.06861],[127.36455,36.06592],[127.3606,36.06107],[127.36175,36.05886],[127.36041,36.056],[127.36114,36.05331],[127.37308,36.04352],[127.37438,36.03427],[127.37935,36.03041],[127.37783,36.02282],[127.38359,36.0218],[127.39186,36.01715],[127.39676,36.01007],[127.40115,36.0079],[127.42627,36.02647],[127.43467,36.02773],[127.43432,36.02435],[127.4373,36.02051],[127.43527,36.01421],[127.43741,36.00912],[127.44458,36.00685],[127.44791,35.99922],[127.44817,35.99345],[127.45598,35.98378],[127.46343,35.98441],[127.46521,35.98818],[127.46822,35.98774],[127.47585,35.98052],[127.48761,35.97802],[127.49449,35.98609],[127.49912,35.98748],[127.50737,35.97983],[127.51411,35.98344],[127.52473,35.98557]]]}},{"id":"feature_206","type":"Feature","properties":{"시도":"충청남도","시군구":"논산시"},"geometry":{"type":"Polygon","coordinates":[[[127.12991,36.06565],[127.1337,36.06968],[127.13351,36.08134],[127.13716,36.08685],[127.14926,36.09031],[127.15125,36.08992],[127.15377,36.08479],[127.1692,36.08391],[127.18159,36.09457],[127.18884,36.09245],[127.19585,36.08602],[127.19933,36.08601],[127.20168,36.08748],[127.2005,36.09154],[127.20349,36.09394],[127.20497,36.10048],[127.21219,36.10061],[127.21936,36.09696],[127.22556,36.09922],[127.23537,36.09385],[127.24321,36.08481],[127.25417,36.08369],[127.25702,36.08747],[127.2473,36.0937],[127.24601,36.09657],[127.24608,36.10446],[127.25019,36.10741],[127.25161,36.11226],[127.25764,36.11416],[127.26428,36.10907],[127.27348,36.10757],[127.28526,36.11242],[127.29354,36.1123],[127.29589,36.12008],[127.30237,36.12545],[127.30906,36.12388],[127.31438,36.11863],[127.32288,36.12584],[127.323,36.13009],[127.32286,36.14603],[127.31847,36.15403],[127.32002,36.15653],[127.31925,36.16423],[127.32102,36.16455],[127.32187,36.16885],[127.31903,36.17286],[127.32107,36.17487],[127.32481,36.17316],[127.32602,36.17424],[127.33143,36.18432],[127.33008,36.19444],[127.33345,36.20045],[127.32813,36.20405],[127.32319,36.20342],[127.32078,36.20966],[127.3215,36.2137],[127.31445,36.22242],[127.3038,36.22897],[127.30312,36.22172],[127.29376,36.22312],[127.29113,36.23027],[127.28299,36.23663],[127.27999,36.24408],[127.27808,36.24407],[127.26674,36.2426],[127.2621,36.23653],[127.24635,36.23187],[127.23903,36.237],[127.24017,36.24369],[127.23759,36.24512],[127.23738,36.24933],[127.24045,36.25592],[127.22817,36.25501],[127.22811,36.25755],[127.22043,36.26234],[127.21182,36.25769],[127.20921,36.25287],[127.20154,36.25201],[127.20045,36.25747],[127.1978,36.25988],[127.19911,36.27002],[127.19575,36.27566],[127.20179,36.28544],[127.20313,36.29004],[127.20204,36.29462],[127.20534,36.30367],[127.20257,36.32284],[127.19833,36.32656],[127.19578,36.334],[127.17738,36.32952],[127.16553,36.3225],[127.1591,36.32224],[127.15835,36.31635],[127.14911,36.31239],[127.14312,36.30692],[127.14056,36.3076],[127.13015,36.32063],[127.12071,36.31792],[127.11518,36.32997],[127.10671,36.34004],[127.10458,36.33496],[127.09267,36.3216],[127.08838,36.31734],[127.08459,36.3168],[127.07781,36.29629],[127.07227,36.29511],[127.06801,36.2966],[127.06785,36.28946],[127.06541,36.28572],[127.06579,36.27701],[127.06976,36.27034],[127.06756,36.2612],[127.06414,36.25691],[127.05589,36.2545],[127.0399,36.24583],[127.03924,36.24104],[127.0348,36.23909],[127.02961,36.23327],[127.02474,36.21933],[127.01436,36.21109],[127.00697,36.20968],[127.00535,36.21532],[127.0013,36.21608],[126.99511,36.21476],[126.9915,36.2101],[126.98619,36.21011],[126.98415,36.20791],[126.98775,36.20222],[126.98409,36.19979],[126.98555,36.19487],[126.98357,36.19224],[126.99754,36.18021],[127.00742,36.16242],[126.99799,36.15902],[126.99887,36.15236],[127.00345,36.14914],[127.01028,36.14608],[127.01566,36.14892],[127.02055,36.13812],[127.02366,36.13656],[127.03906,36.13887],[127.03959,36.14233],[127.04408,36.14519],[127.04976,36.14237],[127.05152,36.13518],[127.04958,36.13275],[127.05817,36.1251],[127.06079,36.12513],[127.06026,36.11891],[127.05778,36.11688],[127.05824,36.10824],[127.06111,36.10499],[127.0614,36.09349],[127.07016,36.08757],[127.0718,36.08436],[127.07453,36.08449],[127.0816,36.07792],[127.08806,36.07567],[127.09093,36.07197],[127.09361,36.07513],[127.10124,36.07583],[127.1229,36.06319],[127.12991,36.06565]]]}},{"id":"feature_207","type":"Feature","properties":{"시도":"충청남도","시군구":"당진시"},"geometry":{"type":"MultiPolygon","coordinates":[[[[126.47678,36.90533],[126.47281,36.88525],[126.47366,36.88152],[126.49097,36.87323],[126.50893,36.87001],[126.50962,36.85613],[126.51472,36.85156],[126.51041,36.84719],[126.51533,36.84321],[126.51841,36.83536],[126.52319,36.83461],[126.52601,36.82673],[126.53691,36.82767],[126.54959,36.82423],[126.56961,36.82859],[126.57522,36.82504],[126.57894,36.82658],[126.58333,36.83365],[126.58845,36.83658],[126.59543,36.83397],[126.59498,36.83114],[126.59928,36.82887],[126.59802,36.82027],[126.60073,36.81716],[126.60959,36.81636],[126.61727,36.81244],[126.62647,36.81443],[126.63083,36.81323],[126.63102,36.80714],[126.63569,36.8051],[126.63664,36.80117],[126.64342,36.79416],[126.65354,36.77497],[126.65678,36.77635],[126.66021,36.7709],[126.66494,36.77087],[126.66905,36.78056],[126.67594,36.78392],[126.68307,36.78152],[126.6943,36.78499],[126.69758,36.7932],[126.69518,36.79874],[126.69646,36.80062],[126.7136,36.80334],[126.7249,36.79842],[126.7341,36.78954],[126.73749,36.78165],[126.74364,36.77733],[126.74652,36.76705],[126.75904,36.76336],[126.76398,36.75526],[126.77531,36.74814],[126.77635,36.7501],[126.77179,36.75345],[126.77232,36.7553],[126.7795,36.75393],[126.78325,36.75944],[126.79227,36.76188],[126.79494,36.76663],[126.80145,36.76825],[126.80449,36.77373],[126.81312,36.77156],[126.82069,36.77716],[126.81737,36.78256],[126.81987,36.78602],[126.82869,36.78701],[126.83335,36.78326],[126.83747,36.78752],[126.85468,36.78936],[126.85908,36.79299],[126.85777,36.80288],[126.83956,36.82796],[126.8368,36.83493],[126.83758,36.83912],[126.84161,36.83953],[126.84712,36.86276],[126.8318,36.86196],[126.82795,36.87575],[126.82288,36.87688],[126.82732,36.87825],[126.82726,36.89005],[126.8166,36.89669],[126.81276,36.92388],[126.81066,36.92776],[126.80661,36.93085],[126.80219,36.9245],[126.79208,36.93734],[126.7966,36.94023],[126.78034,36.96751],[126.78389,36.97241],[126.78253,36.97569],[126.76378,36.98241],[126.7456,36.98598],[126.741,36.98486],[126.73672,36.9885],[126.73404,36.98779],[126.71858,36.99234],[126.70462,36.99955],[126.70011,36.99581],[126.70107,36.99786],[126.69499,37.00025],[126.68377,36.99821],[126.64811,36.9995],[126.63958,36.99809],[126.61884,37.00459],[126.59807,37.01682],[126.56404,37.02879],[126.56001,37.03154],[126.55887,37.03467],[126.56092,37.0366],[126.55956,37.03771],[126.55036,37.03527],[126.54407,37.03571],[126.52905,37.04371],[126.52661,37.05256],[126.51913,37.05751],[126.51953,37.05939],[126.50929,37.06255],[126.5101,37.06453],[126.51261,37.06421],[126.50977,37.06521],[126.5087,37.06272],[126.4983,37.06527],[126.49089,37.06029],[126.48281,37.06245],[126.48246,37.057],[126.48625,37.05196],[126.45356,37.0256],[126.46384,37.01214],[126.46218,37.01104],[126.47505,37.00241],[126.4866,36.98281],[126.4834,36.97862],[126.4833,36.97013],[126.48988,36.94595],[126.48998,36.9375],[126.47678,36.90533]]],[[[126.45062,37.01701],[126.45197,37.01411],[126.45437,37.01661],[126.45199,37.01908],[126.45062,37.01701]]],[[[126.42768,37.02123],[126.43069,37.02014],[126.43216,37.02147],[126.42645,37.02556],[126.42153,37.02525],[126.4262,37.02305],[126.42768,37.02123]]],[[[126.44726,37.02465],[126.45115,37.02055],[126.45081,37.02439],[126.44766,37.02619],[126.44726,37.02465]]],[[[126.44474,37.03146],[126.44652,37.03],[126.44826,37.03053],[126.44401,37.03319],[126.44474,37.03146]]],[[[126.43768,37.03221],[126.43957,37.03158],[126.44103,37.03216],[126.43828,37.03371],[126.43768,37.03221]]],[[[126.45278,37.03228],[126.45262,37.03739],[126.45655,37.04086],[126.4555,37.04148],[126.44017,37.03837],[126.44082,37.03549],[126.44883,37.03467],[126.45278,37.03228]]],[[[126.4559,37.03905],[126.45522,37.03669],[126.45623,37.03634],[126.45708,37.03897],[126.4559,37.03905]]],[[[126.42783,37.06162],[126.42812,37.06487],[126.41837,37.06316],[126.41896,37.05789],[126.42247,37.05391],[126.42092,37.05009],[126.42346,37.04477],[126.42094,37.04136],[126.42804,37.03999],[126.43538,37.0435],[126.43812,37.04218],[126.45054,37.04448],[126.45027,37.049],[126.4455,37.05101],[126.45057,37.05433],[126.44405,37.0617],[126.44071,37.06274],[126.43915,37.058],[126.43705,37.05736],[126.43047,37.05852],[126.42783,37.06162]]],[[[126.80705,36.94109],[126.8096,36.94083],[126.8121,36.94375],[126.80633,36.94754],[126.80457,36.94604],[126.80705,36.94109]]],[[[126.81825,36.94499],[126.8212,36.94234],[126.82033,36.94515],[126.81848,36.94632],[126.81825,36.94499]]],[[[126.83086,36.94269],[126.83203,36.93891],[126.84181,36.94058],[126.83818,36.94568],[126.83547,36.94504],[126.82584,36.95861],[126.82385,36.95744],[126.82403,36.95297],[126.83086,36.94269]]]]}},{"id":"feature_208","type":"Feature","properties":{"시도":"충청남도","시군구":"보령시"},"geometry":{"type":"MultiPolygon","coordinates":[[[[126.05667,36.19946],[126.05396,36.19901],[126.05201,36.20104],[126.0526,36.20397],[126.04531,36.20447],[126.04957,36.20118],[126.05063,36.19755],[126.05526,36.19729],[126.05667,36.19946]]],[[[126.03448,36.21458],[126.03014,36.2159],[126.03044,36.2195],[126.02735,36.22215],[126.02818,36.22401],[126.02357,36.22455],[126.02467,36.21984],[126.03176,36.21034],[126.03405,36.21116],[126.03448,36.21458]]],[[[126.09397,36.22592],[126.09537,36.22753],[126.09286,36.23636],[126.09055,36.23711],[126.08499,36.22984],[126.0827,36.22959],[126.07729,36.23473],[126.07476,36.22753],[126.06723,36.22354],[126.06908,36.22147],[126.07608,36.2214],[126.07775,36.22625],[126.08391,36.22368],[126.09397,36.22592]]],[[[125.96411,36.23222],[125.9668,36.2396],[125.96339,36.24048],[125.96114,36.23548],[125.95927,36.23364],[125.95762,36.23557],[125.95542,36.23218],[125.96216,36.2293],[125.96411,36.23222]]],[[[126.05313,36.23377],[126.05609,36.23372],[126.05483,36.23578],[126.05632,36.23684],[126.0521,36.24024],[126.05382,36.23651],[126.0473,36.23828],[126.04644,36.23704],[126.04677,36.23551],[126.05313,36.23377]]],[[[126.28738,36.2533],[126.28464,36.25223],[126.28376,36.25153],[126.28802,36.25164],[126.28738,36.2533]]],[[[126.26096,36.26867],[126.26479,36.26491],[126.26674,36.26639],[126.27069,36.27968],[126.26182,36.27564],[126.26096,36.26867]]],[[[126.20148,36.28172],[126.20242,36.27968],[126.2044,36.27999],[126.20256,36.28136],[126.20148,36.28172]]],[[[126.19891,36.28612],[126.19774,36.28455],[126.20065,36.28335],[126.20098,36.28417],[126.19891,36.28612]]],[[[126.25749,36.28966],[126.26322,36.29364],[126.26657,36.30027],[126.26677,36.30544],[126.26139,36.30435],[126.2587,36.30189],[126.26144,36.29927],[126.26016,36.29479],[126.25429,36.29562],[126.25749,36.28966]]],[[[126.25907,36.30805],[126.25726,36.30719],[126.26143,36.30617],[126.25907,36.30805]]],[[[126.3589,36.31006],[126.35256,36.31217],[126.35011,36.31195],[126.34884,36.30956],[126.35791,36.30914],[126.3589,36.31006]]],[[[126.31353,36.32161],[126.31842,36.31967],[126.31788,36.32369],[126.32013,36.32741],[126.31426,36.32489],[126.31353,36.32161]]],[[[126.30052,36.33028],[126.29387,36.33024],[126.29208,36.33285],[126.28518,36.32845],[126.28888,36.32629],[126.29333,36.32702],[126.30411,36.32439],[126.30052,36.33028]]],[[[126.326,36.3371],[126.31973,36.339],[126.31761,36.33811],[126.31852,36.33575],[126.31317,36.33416],[126.31745,36.33074],[126.326,36.3371]]],[[[126.3616,36.33144],[126.3702,36.33377],[126.37061,36.33571],[126.36085,36.34171],[126.36146,36.35196],[126.35639,36.356],[126.35303,36.35585],[126.35412,36.3526],[126.35136,36.34415],[126.3423,36.33673],[126.3403,36.33386],[126.34279,36.33215],[126.33978,36.32931],[126.34449,36.32735],[126.3474,36.33122],[126.35255,36.33084],[126.35984,36.32643],[126.36263,36.32767],[126.36033,36.32955],[126.3616,36.33144]]],[[[126.36303,36.37825],[126.36836,36.37798],[126.36698,36.3798],[126.36784,36.38683],[126.3713,36.38994],[126.36489,36.39442],[126.36098,36.39144],[126.36303,36.37825]]],[[[126.35047,36.40631],[126.34269,36.40414],[126.33766,36.4071],[126.33449,36.40636],[126.33278,36.40007],[126.32965,36.39762],[126.33071,36.39329],[126.32273,36.38991],[126.32997,36.38506],[126.33322,36.37782],[126.33931,36.37925],[126.3439,36.39132],[126.35191,36.39305],[126.35193,36.39709],[126.35645,36.39953],[126.35553,36.40395],[126.35047,36.40631]]],[[[126.50726,36.21434],[126.50433,36.21412],[126.50418,36.21147],[126.50651,36.21112],[126.50726,36.21434]]],[[[126.52205,36.2169],[126.51763,36.21747],[126.51649,36.21616],[126.51887,36.21435],[126.52205,36.2169]]],[[[126.52471,36.24632],[126.51868,36.2456],[126.51694,36.24232],[126.5193,36.24086],[126.52471,36.24632]]],[[[126.37947,36.32397],[126.38187,36.32393],[126.38042,36.32659],[126.37872,36.32604],[126.37947,36.32397]]],[[[126.43504,36.38177],[126.43402,36.38572],[126.42297,36.38603],[126.41361,36.38293],[126.38578,36.38083],[126.38306,36.37507],[126.38304,36.36731],[126.39087,36.36512],[126.39637,36.36748],[126.40803,36.36394],[126.43201,36.36105],[126.4419,36.35773],[126.44451,36.35517],[126.459,36.35455],[126.46112,36.36132],[126.4464,36.3662],[126.4372,36.37667],[126.43504,36.38177]]],[[[126.38435,36.38295],[126.3844,36.38223],[126.38631,36.38148],[126.38644,36.384],[126.38435,36.38295]]],[[[126.43903,36.37969],[126.44364,36.37699],[126.45031,36.37641],[126.45699,36.3794],[126.44861,36.38413],[126.44825,36.38864],[126.44439,36.39055],[126.43846,36.38746],[126.43903,36.37969]]],[[[126.41026,36.38843],[126.41113,36.38703],[126.4132,36.38856],[126.41158,36.38913],[126.41026,36.38843]]],[[[126.42802,36.38958],[126.42948,36.3888],[126.43095,36.38992],[126.42951,36.39091],[126.42802,36.38958]]],[[[126.46337,36.39913],[126.46394,36.39806],[126.46511,36.39785],[126.46447,36.39921],[126.46337,36.39913]]],[[[126.43125,36.39676],[126.43776,36.40028],[126.43623,36.40147],[126.43103,36.40019],[126.42938,36.39708],[126.43125,36.39676]]],[[[126.45402,36.4059],[126.45724,36.40172],[126.46066,36.40129],[126.45674,36.40592],[126.45402,36.4059]]],[[[126.43607,36.40779],[126.43535,36.40493],[126.44015,36.40361],[126.44038,36.40615],[126.43607,36.40779]]],[[[126.46681,36.40998],[126.46636,36.40773],[126.47087,36.41022],[126.46924,36.41139],[126.46681,36.40998]]],[[[126.45471,36.41004],[126.45922,36.40838],[126.4573,36.41186],[126.45513,36.4122],[126.45471,36.41004]]],[[[126.46443,36.41242],[126.46512,36.41056],[126.46631,36.41015],[126.46654,36.41392],[126.46443,36.41242]]],[[[126.4626,36.42013],[126.46389,36.41665],[126.46497,36.41646],[126.46374,36.42026],[126.4626,36.42013]]],[[[126.48895,36.51775],[126.47732,36.51],[126.47342,36.50325],[126.4785,36.46866],[126.48349,36.46142],[126.4825,36.45273],[126.49153,36.4454],[126.49453,36.43908],[126.49453,36.43392],[126.49699,36.43182],[126.49697,36.42701],[126.49194,36.42213],[126.49196,36.41866],[126.48785,36.41254],[126.48618,36.40046],[126.48065,36.39634],[126.48263,36.39406],[126.47942,36.38413],[126.48462,36.38147],[126.49758,36.38249],[126.50277,36.37984],[126.50858,36.38046],[126.51519,36.37406],[126.52068,36.37229],[126.52687,36.36625],[126.54499,36.35452],[126.56135,36.3516],[126.55094,36.34771],[126.54325,36.33902],[126.53417,36.3381],[126.52439,36.33319],[126.51626,36.33212],[126.51524,36.32743],[126.50682,36.32813],[126.50515,36.33088],[126.50302,36.32305],[126.51447,36.30793],[126.51658,36.29925],[126.51906,36.29737],[126.52066,36.29883],[126.52586,36.29804],[126.5344,36.28677],[126.53975,36.27881],[126.53645,36.27871],[126.53481,36.27649],[126.53921,36.27504],[126.54033,36.27794],[126.54642,36.26888],[126.54681,36.26349],[126.54416,36.26081],[126.54032,36.26101],[126.54228,36.25655],[126.53859,36.2548],[126.5367,36.24594],[126.53034,36.23933],[126.53056,36.22519],[126.52955,36.22157],[126.52588,36.21926],[126.53225,36.21861],[126.53795,36.20999],[126.53832,36.20219],[126.5365,36.20062],[126.53818,36.19867],[126.54751,36.19735],[126.55171,36.19471],[126.55785,36.19808],[126.56457,36.19774],[126.56741,36.19465],[126.56594,36.18797],[126.58271,36.17632],[126.59367,36.17455],[126.60016,36.17558],[126.6092,36.17178],[126.61212,36.17323],[126.61471,36.17216],[126.61902,36.17487],[126.62713,36.17297],[126.63205,36.17584],[126.64085,36.17618],[126.65633,36.18121],[126.65863,36.17805],[126.66671,36.17616],[126.68047,36.18245],[126.68316,36.18746],[126.69235,36.19033],[126.69916,36.20259],[126.69865,36.20534],[126.71348,36.2144],[126.71586,36.22073],[126.71485,36.22886],[126.71802,36.23135],[126.71812,36.23442],[126.72294,36.23705],[126.73414,36.23827],[126.73787,36.24877],[126.73669,36.25484],[126.72935,36.2564],[126.72057,36.25377],[126.71829,36.25568],[126.71925,36.25915],[126.70489,36.26617],[126.69621,36.26768],[126.69646,36.27638],[126.69232,36.27966],[126.69486,36.28353],[126.68733,36.29101],[126.69423,36.2994],[126.68035,36.31344],[126.68511,36.32611],[126.6831,36.33148],[126.68549,36.33373],[126.69601,36.33629],[126.7015,36.34824],[126.70411,36.35033],[126.70293,36.35963],[126.70424,36.36699],[126.70836,36.37042],[126.72051,36.37216],[126.72475,36.37475],[126.71097,36.38798],[126.7146,36.39368],[126.70934,36.39636],[126.70952,36.40028],[126.70621,36.40439],[126.69162,36.41044],[126.69207,36.42034],[126.68885,36.42561],[126.69157,36.42873],[126.68397,36.43609],[126.68879,36.44568],[126.68796,36.44763],[126.67734,36.45057],[126.67312,36.46219],[126.66528,36.46279],[126.65874,36.46029],[126.65299,36.46697],[126.63553,36.46576],[126.63186,36.47585],[126.623,36.47747],[126.61693,36.48145],[126.61458,36.48539],[126.60941,36.48039],[126.60195,36.47744],[126.59982,36.48107],[126.60025,36.49016],[126.59669,36.49899],[126.59252,36.50393],[126.59303,36.50674],[126.59017,36.50887],[126.56716,36.50145],[126.56128,36.50909],[126.55989,36.5069],[126.55538,36.50573],[126.54338,36.50759],[126.52801,36.5193],[126.50963,36.52283],[126.50486,36.52974],[126.48895,36.51775]]],[[[126.52739,36.23929],[126.52763,36.2374],[126.52917,36.2377],[126.52907,36.24172],[126.52733,36.24143],[126.52739,36.23929]]]]}},{"id":"feature_209","type":"Feature","properties":{"시도":"충청남도","시군구":"부여군"},"geometry":{"type":"Polygon","coordinates":[[[126.69235,36.19033],[126.69998,36.18335],[126.69976,36.17984],[126.71349,36.17547],[126.72187,36.17559],[126.74172,36.18329],[126.74793,36.18085],[126.7649,36.18358],[126.76707,36.18152],[126.78115,36.18369],[126.79552,36.17919],[126.79665,36.17292],[126.79228,36.16707],[126.79555,36.16105],[126.79422,36.15599],[126.79567,36.15038],[126.79183,36.14274],[126.79395,36.14077],[126.79395,36.13696],[126.80163,36.14154],[126.80829,36.13726],[126.81919,36.13562],[126.81952,36.13165],[126.82565,36.12569],[126.8398,36.11715],[126.8407,36.10616],[126.83777,36.10553],[126.83657,36.09962],[126.83909,36.08516],[126.842,36.07969],[126.84859,36.07428],[126.85405,36.07631],[126.85719,36.07202],[126.86178,36.07571],[126.87012,36.06925],[126.8749,36.0915],[126.8726,36.11088],[126.88406,36.13249],[126.89232,36.14073],[126.90809,36.14354],[126.91898,36.13917],[126.92339,36.13933],[126.93916,36.15132],[126.95698,36.15642],[126.96414,36.15502],[126.96879,36.15072],[126.9863,36.14516],[127.00026,36.14682],[127.00345,36.14914],[126.99887,36.15236],[126.99799,36.15902],[127.00742,36.16242],[126.99754,36.18021],[126.98357,36.19224],[126.98555,36.19487],[126.98409,36.19979],[126.98775,36.20222],[126.98415,36.20791],[126.98619,36.21011],[126.9915,36.2101],[126.99511,36.21476],[127.0013,36.21608],[127.00535,36.21532],[127.00697,36.20968],[127.01436,36.21109],[127.02474,36.21933],[127.02961,36.23327],[127.0348,36.23909],[127.03924,36.24104],[127.0399,36.24583],[127.05589,36.2545],[127.06414,36.25691],[127.06756,36.2612],[127.06976,36.27034],[127.06579,36.27701],[127.05254,36.27883],[127.03896,36.28357],[127.03512,36.28119],[127.02752,36.28191],[127.02226,36.28805],[127.01639,36.2912],[127.01402,36.2966],[127.0121,36.29544],[127.0064,36.2978],[126.99566,36.29771],[126.98723,36.30601],[126.9867,36.31139],[126.98776,36.31514],[126.99283,36.31915],[126.99659,36.32779],[126.99007,36.32999],[126.98867,36.33224],[126.98998,36.33522],[126.98537,36.33716],[126.97575,36.33549],[126.95931,36.33205],[126.95405,36.32606],[126.9437,36.31957],[126.9273,36.31513],[126.91441,36.32073],[126.91301,36.32304],[126.91439,36.32553],[126.91245,36.32717],[126.90583,36.32561],[126.90109,36.32741],[126.9001,36.33156],[126.89252,36.32575],[126.87461,36.3231],[126.86259,36.32368],[126.85555,36.33079],[126.86026,36.33688],[126.85938,36.34317],[126.85364,36.34631],[126.84821,36.35544],[126.84143,36.35543],[126.84053,36.35716],[126.84477,36.3639],[126.84249,36.36513],[126.83495,36.36376],[126.83453,36.37128],[126.83159,36.37594],[126.83635,36.37778],[126.84284,36.37346],[126.85037,36.38465],[126.84868,36.38676],[126.83891,36.38385],[126.82948,36.38545],[126.82274,36.38129],[126.81932,36.37673],[126.80863,36.37659],[126.80328,36.36314],[126.79769,36.35899],[126.7977,36.35613],[126.79432,36.35198],[126.7855,36.35702],[126.76524,36.35305],[126.75694,36.35468],[126.75227,36.35622],[126.74942,36.35963],[126.74831,36.36606],[126.7435,36.3634],[126.73949,36.36509],[126.73917,36.37359],[126.73475,36.37795],[126.72475,36.37475],[126.72051,36.37216],[126.70836,36.37042],[126.70424,36.36699],[126.70293,36.35963],[126.70411,36.35033],[126.7015,36.34824],[126.69601,36.33629],[126.68549,36.33373],[126.6831,36.33148],[126.68511,36.32611],[126.68035,36.31344],[126.69423,36.2994],[126.68733,36.29101],[126.69486,36.28353],[126.69232,36.27966],[126.69646,36.27638],[126.69621,36.26768],[126.70489,36.26617],[126.71925,36.25915],[126.71829,36.25568],[126.72057,36.25377],[126.72935,36.2564],[126.73669,36.25484],[126.73787,36.24877],[126.73414,36.23827],[126.72294,36.23705],[126.71812,36.23442],[126.71802,36.23135],[126.71485,36.22886],[126.71586,36.22073],[126.71348,36.2144],[126.69865,36.20534],[126.69916,36.20259],[126.69235,36.19033]]]}},{"id":"feature_210","type":"Feature","properties":{"시도":"충청남도","시군구":"서산시"},"geometry":{"type":"MultiPolygon","coordinates":[[[[126.3461,36.72112],[126.34832,36.67441],[126.35686,36.67334],[126.36091,36.6691],[126.36182,36.63558],[126.36447,36.62685],[126.37395,36.61671],[126.37579,36.61626],[126.37909,36.61937],[126.38675,36.61719],[126.39472,36.61839],[126.40872,36.60793],[126.41072,36.60257],[126.41551,36.59959],[126.42388,36.60028],[126.43127,36.61181],[126.43378,36.62228],[126.44408,36.63684],[126.44186,36.66705],[126.4507,36.68456],[126.45109,36.69362],[126.45348,36.6937],[126.46224,36.68445],[126.46424,36.67251],[126.46128,36.66457],[126.46271,36.6589],[126.46789,36.65395],[126.46591,36.64397],[126.49933,36.63493],[126.50576,36.63477],[126.51077,36.63081],[126.51576,36.63221],[126.51945,36.63734],[126.52749,36.63924],[126.53513,36.64621],[126.54133,36.64462],[126.54585,36.64025],[126.5658,36.64449],[126.57471,36.65305],[126.57945,36.654],[126.5817,36.6641],[126.58612,36.66542],[126.58924,36.66374],[126.59462,36.6681],[126.59768,36.67482],[126.59875,36.67934],[126.59603,36.68517],[126.60006,36.68995],[126.59981,36.6967],[126.60433,36.69875],[126.60541,36.70234],[126.60898,36.70487],[126.60206,36.71797],[126.60325,36.7213],[126.61075,36.73211],[126.62431,36.73477],[126.63256,36.74148],[126.63449,36.74513],[126.63241,36.75731],[126.63894,36.75742],[126.64511,36.75181],[126.6478,36.75353],[126.65325,36.75289],[126.65253,36.75683],[126.64737,36.76093],[126.65024,36.76753],[126.64933,36.77044],[126.65339,36.77212],[126.65354,36.77497],[126.64342,36.79416],[126.63664,36.80117],[126.63569,36.8051],[126.63102,36.80714],[126.63083,36.81323],[126.62647,36.81443],[126.61727,36.81244],[126.60959,36.81636],[126.60073,36.81716],[126.59802,36.82027],[126.59928,36.82887],[126.59498,36.83114],[126.59543,36.83397],[126.58845,36.83658],[126.58333,36.83365],[126.57894,36.82658],[126.57522,36.82504],[126.56961,36.82859],[126.54959,36.82423],[126.53691,36.82767],[126.52601,36.82673],[126.52319,36.83461],[126.51841,36.83536],[126.51533,36.84321],[126.51041,36.84719],[126.51472,36.85156],[126.50962,36.85613],[126.50893,36.87001],[126.49097,36.87323],[126.47366,36.88152],[126.47281,36.88525],[126.47678,36.90533],[126.47975,36.91903],[126.48705,36.93489],[126.48668,36.94385],[126.47798,36.96874],[126.46274,36.99298],[126.45528,36.99841],[126.45244,37.00515],[126.44464,37.00767],[126.43174,37.00835],[126.43063,37.01344],[126.42603,37.0148],[126.41315,37.01456],[126.41511,37.01979],[126.40546,37.02352],[126.40267,37.0191],[126.40978,37.01659],[126.40789,37.01203],[126.38452,37.01292],[126.36919,37.01127],[126.36708,37.01306],[126.36432,37.00705],[126.36124,37.00657],[126.35747,37.01438],[126.35854,37.01207],[126.34992,37.00376],[126.34504,37.00748],[126.34381,37.01163],[126.33875,37.0113],[126.33506,37.00586],[126.34057,37.00073],[126.33259,36.99778],[126.32748,37.00096],[126.32563,36.99585],[126.32766,36.98676],[126.33094,36.98309],[126.3382,36.98098],[126.33849,36.97503],[126.33317,36.97495],[126.33321,36.97069],[126.33601,36.96925],[126.33281,36.96425],[126.33401,36.95974],[126.34973,36.96111],[126.35028,36.95188],[126.35326,36.95],[126.3591,36.95186],[126.36039,36.95037],[126.35641,36.94166],[126.35943,36.93821],[126.36586,36.94228],[126.36751,36.94595],[126.37349,36.94642],[126.37445,36.94455],[126.38068,36.944],[126.38125,36.93627],[126.38623,36.92982],[126.39191,36.92944],[126.39608,36.93507],[126.39951,36.93488],[126.39972,36.93255],[126.40523,36.93232],[126.41058,36.93458],[126.41663,36.9303],[126.41048,36.92363],[126.40579,36.92379],[126.4031,36.9211],[126.40423,36.91866],[126.40902,36.91667],[126.40813,36.9088],[126.41726,36.90565],[126.42719,36.90601],[126.43129,36.90096],[126.43003,36.89889],[126.42072,36.89852],[126.41342,36.89417],[126.41139,36.89693],[126.40482,36.89803],[126.40424,36.89124],[126.40004,36.89345],[126.39538,36.89302],[126.39473,36.88715],[126.39875,36.88372],[126.39782,36.88127],[126.37945,36.88292],[126.37454,36.88192],[126.37404,36.8796],[126.36669,36.87978],[126.36409,36.87735],[126.36439,36.87291],[126.37026,36.86962],[126.37029,36.85718],[126.36583,36.85491],[126.3633,36.85076],[126.35575,36.84871],[126.35915,36.84121],[126.36596,36.834],[126.36528,36.83001],[126.35435,36.83285],[126.35086,36.8411],[126.34219,36.84795],[126.34765,36.86131],[126.34338,36.86199],[126.33863,36.85989],[126.33381,36.86129],[126.33275,36.86347],[126.3282,36.86122],[126.32529,36.85338],[126.31993,36.85123],[126.32368,36.85085],[126.32472,36.84751],[126.32045,36.84353],[126.31514,36.84193],[126.32111,36.83746],[126.32805,36.83653],[126.32712,36.82812],[126.33013,36.82292],[126.33752,36.81786],[126.33443,36.81501],[126.35139,36.79677],[126.35449,36.79085],[126.35599,36.78196],[126.3498,36.77664],[126.35055,36.76692],[126.344,36.74891],[126.3461,36.72112]]],[[[126.3615,36.86985],[126.3643,36.87089],[126.36222,36.87294],[126.36143,36.87246],[126.3615,36.86985]]],[[[126.38229,36.88842],[126.38749,36.88946],[126.38659,36.89219],[126.38115,36.89238],[126.38229,36.88842]]],[[[126.33286,36.91648],[126.32658,36.91557],[126.32327,36.91806],[126.33023,36.90473],[126.34093,36.89604],[126.34796,36.90456],[126.33286,36.91648]]],[[[126.35404,36.91935],[126.35122,36.91948],[126.35041,36.91814],[126.35554,36.91818],[126.35404,36.91935]]],[[[126.37948,36.91757],[126.38654,36.9195],[126.38825,36.92283],[126.38729,36.92461],[126.38234,36.92549],[126.37744,36.92918],[126.37071,36.92702],[126.36917,36.92256],[126.37103,36.91845],[126.37354,36.91686],[126.37948,36.91757]]],[[[126.33955,36.92765],[126.34391,36.92539],[126.34077,36.9325],[126.33704,36.93401],[126.33722,36.93218],[126.33955,36.92765]]],[[[126.35233,36.92994],[126.35524,36.92932],[126.35801,36.93265],[126.35374,36.93216],[126.35233,36.92994]]],[[[126.33704,36.93674],[126.33813,36.93634],[126.33605,36.94015],[126.33604,36.93828],[126.33704,36.93674]]],[[[126.34603,36.95282],[126.34651,36.95037],[126.34869,36.95246],[126.34776,36.95302],[126.34603,36.95282]]],[[[126.37077,37.0261],[126.3667,37.02164],[126.37181,37.02319],[126.37235,37.0256],[126.37077,37.0261]]],[[[126.38362,37.0224],[126.38667,37.02282],[126.38826,37.02628],[126.38715,37.02642],[126.38362,37.0224]]]]}},{"id":"feature_211","type":"Feature","properties":{"시도":"충청남도","시군구":"서천군"},"geometry":{"type":"MultiPolygon","coordinates":[[[[126.60078,35.99099],[126.61022,35.99446],[126.6068,36.00022],[126.5999,35.99498],[126.60078,35.99099]]],[[[126.63058,36.00517],[126.62598,36.00537],[126.62704,36.00043],[126.63366,36.00138],[126.63058,36.00517]]],[[[126.62153,36.00644],[126.62279,36.00585],[126.62483,36.00668],[126.62271,36.00748],[126.62153,36.00644]]],[[[126.61443,36.06424],[126.61759,36.06624],[126.61526,36.06798],[126.61294,36.06596],[126.61443,36.06424]]],[[[126.56594,36.18797],[126.54072,36.19139],[126.53101,36.19468],[126.52405,36.18538],[126.52397,36.18183],[126.52696,36.1768],[126.51969,36.16553],[126.51095,36.16037],[126.49466,36.15865],[126.49657,36.15308],[126.49375,36.15072],[126.49309,36.13767],[126.49893,36.13051],[126.50381,36.12914],[126.50186,36.14208],[126.50639,36.1471],[126.50614,36.14913],[126.51812,36.15194],[126.532,36.14989],[126.54345,36.14527],[126.55387,36.13674],[126.55567,36.12852],[126.55994,36.13007],[126.56305,36.13449],[126.56768,36.13341],[126.56776,36.13899],[126.5701,36.14055],[126.57655,36.13841],[126.58432,36.13106],[126.59169,36.12786],[126.59761,36.12087],[126.60264,36.11005],[126.60612,36.10926],[126.60739,36.09908],[126.61152,36.0961],[126.61394,36.09643],[126.6171,36.10198],[126.6204,36.10227],[126.63134,36.09951],[126.63236,36.09671],[126.63066,36.09139],[126.63546,36.09348],[126.64033,36.09072],[126.6444,36.09378],[126.64583,36.08921],[126.63285,36.08183],[126.62732,36.08335],[126.62617,36.08536],[126.62408,36.08449],[126.62204,36.0812],[126.61976,36.08158],[126.6184,36.07712],[126.62061,36.07588],[126.62451,36.08063],[126.62972,36.0785],[126.632,36.0733],[126.63212,36.05487],[126.6441,36.05564],[126.64946,36.04711],[126.65755,36.04528],[126.66171,36.03756],[126.66687,36.0327],[126.66624,36.02971],[126.65901,36.02873],[126.66206,36.02706],[126.66402,36.01964],[126.66061,36.01092],[126.6658,36.00455],[126.67064,36.00488],[126.6756,36.00858],[126.70196,36.00647],[126.72414,36.00032],[126.7348,36.00085],[126.74868,36.02354],[126.7723,36.03128],[126.79559,36.0305],[126.81009,36.03397],[126.8297,36.0469],[126.86358,36.06057],[126.87012,36.06925],[126.86178,36.07571],[126.85719,36.07202],[126.85405,36.07631],[126.84859,36.07428],[126.842,36.07969],[126.83909,36.08516],[126.83657,36.09962],[126.83777,36.10553],[126.8407,36.10616],[126.8398,36.11715],[126.82565,36.12569],[126.81952,36.13165],[126.81919,36.13562],[126.80829,36.13726],[126.80163,36.14154],[126.79395,36.13696],[126.79395,36.14077],[126.79183,36.14274],[126.79567,36.15038],[126.79422,36.15599],[126.79555,36.16105],[126.79228,36.16707],[126.79665,36.17292],[126.79552,36.17919],[126.78115,36.18369],[126.76707,36.18152],[126.7649,36.18358],[126.74793,36.18085],[126.74172,36.18329],[126.72187,36.17559],[126.71349,36.17547],[126.69976,36.17984],[126.69998,36.18335],[126.69235,36.19033],[126.68316,36.18746],[126.68047,36.18245],[126.66671,36.17616],[126.65863,36.17805],[126.65633,36.18121],[126.64085,36.17618],[126.63205,36.17584],[126.62713,36.17297],[126.61902,36.17487],[126.61471,36.17216],[126.61212,36.17323],[126.6092,36.17178],[126.60016,36.17558],[126.59367,36.17455],[126.58271,36.17632],[126.56594,36.18797]]],[[[126.54987,36.12411],[126.55376,36.12541],[126.55268,36.12979],[126.54934,36.12783],[126.54987,36.12411]]]]}},{"id":"feature_212","type":"Feature","properties":{"시도":"충청남도","시군구":"아산시"},"geometry":{"type":"Polygon","coordinates":[[[127.00953,36.65609],[127.01577,36.66633],[127.0159,36.67171],[127.02659,36.6867],[127.03561,36.69289],[127.03898,36.69305],[127.04015,36.69735],[127.04768,36.70171],[127.04864,36.70407],[127.05518,36.70508],[127.05848,36.70831],[127.07229,36.70818],[127.07897,36.70999],[127.0808,36.7209],[127.08436,36.72248],[127.08045,36.72902],[127.08115,36.73301],[127.08892,36.74092],[127.08849,36.74641],[127.09846,36.75357],[127.09353,36.76081],[127.10314,36.75791],[127.10925,36.75919],[127.11909,36.76577],[127.11934,36.77524],[127.11739,36.78045],[127.11365,36.78074],[127.1111,36.79712],[127.10409,36.79907],[127.09927,36.79432],[127.09978,36.79238],[127.09756,36.79253],[127.09497,36.79667],[127.09705,36.79861],[127.09595,36.80474],[127.09848,36.80763],[127.09873,36.81171],[127.09662,36.81505],[127.10189,36.8229],[127.1009,36.83133],[127.10539,36.83666],[127.10487,36.83832],[127.09836,36.83771],[127.09812,36.8397],[127.10905,36.84761],[127.10997,36.85592],[127.10492,36.86097],[127.09926,36.86213],[127.09068,36.86075],[127.08693,36.86254],[127.08868,36.86734],[127.08651,36.87595],[127.09186,36.88279],[127.08799,36.88831],[127.09188,36.89352],[127.08958,36.89914],[127.08468,36.90194],[127.0846,36.90383],[127.08751,36.90737],[127.09252,36.90899],[127.09419,36.91215],[127.08763,36.92333],[127.07481,36.93553],[127.07393,36.93839],[127.07138,36.94004],[127.06064,36.93952],[127.04805,36.9335],[127.03815,36.93245],[127.03173,36.92834],[127.01586,36.93446],[126.99541,36.93552],[126.97285,36.92622],[126.94323,36.918],[126.91706,36.90536],[126.90896,36.90491],[126.9119,36.89041],[126.88064,36.88806],[126.86175,36.88021],[126.8529,36.88254],[126.8479,36.87745],[126.84712,36.86276],[126.84161,36.83953],[126.83758,36.83912],[126.8368,36.83493],[126.83956,36.82796],[126.85777,36.80288],[126.85908,36.79299],[126.85468,36.78936],[126.83747,36.78752],[126.83335,36.78326],[126.83036,36.76347],[126.83774,36.75185],[126.8473,36.74767],[126.84494,36.74385],[126.84695,36.74163],[126.84988,36.74277],[126.85194,36.74831],[126.85659,36.74787],[126.85868,36.74699],[126.85959,36.73842],[126.86699,36.72933],[126.87561,36.72834],[126.88667,36.73132],[126.89069,36.72625],[126.89757,36.72357],[126.89972,36.71907],[126.89893,36.71684],[126.90259,36.71469],[126.90214,36.70219],[126.90644,36.70164],[126.91288,36.70399],[126.92181,36.70063],[126.92848,36.70438],[126.93363,36.70192],[126.95214,36.70289],[126.95454,36.69911],[126.96257,36.69698],[126.96961,36.69075],[126.96697,36.68413],[126.96776,36.67943],[126.97209,36.6686],[126.97818,36.66129],[126.97729,36.65574],[126.97868,36.65334],[126.99264,36.64865],[126.99859,36.65192],[127.00271,36.65123],[127.00953,36.65609]]]}},{"id":"feature_213","type":"Feature","properties":{"시도":"충청남도","시군구":"예산군"},"geometry":{"type":"Polygon","coordinates":[[[126.58924,36.66374],[126.59547,36.65356],[126.59549,36.65029],[126.59196,36.64758],[126.58978,36.64045],[126.58711,36.63808],[126.58824,36.6357],[126.58541,36.62661],[126.58617,36.61765],[126.59668,36.62091],[126.60251,36.61871],[126.60943,36.62143],[126.62031,36.62117],[126.62674,36.6181],[126.62456,36.62779],[126.62584,36.62929],[126.62156,36.63394],[126.62002,36.63953],[126.6283,36.64959],[126.64987,36.64849],[126.65508,36.65535],[126.66014,36.65706],[126.67122,36.6582],[126.67242,36.65992],[126.67997,36.66134],[126.68479,36.65998],[126.69844,36.66336],[126.70835,36.66303],[126.70577,36.66905],[126.71038,36.67281],[126.72487,36.66747],[126.73982,36.67285],[126.74535,36.67082],[126.74376,36.66582],[126.73697,36.65876],[126.73642,36.64969],[126.7519,36.64562],[126.74979,36.63506],[126.75745,36.63204],[126.75891,36.62656],[126.75643,36.6234],[126.76141,36.61751],[126.76585,36.61855],[126.77078,36.61659],[126.77012,36.6114],[126.77226,36.60669],[126.76951,36.60267],[126.77219,36.59382],[126.76579,36.59112],[126.7638,36.58702],[126.74849,36.58043],[126.74695,36.57579],[126.74971,36.56501],[126.7483,36.55756],[126.74611,36.55549],[126.7419,36.55563],[126.7371,36.55143],[126.73743,36.5463],[126.74053,36.5428],[126.74107,36.53752],[126.74638,36.53135],[126.75357,36.52842],[126.75975,36.528],[126.76858,36.53734],[126.77313,36.53431],[126.78071,36.53219],[126.7853,36.53474],[126.80504,36.52666],[126.8064,36.52979],[126.81201,36.53122],[126.81584,36.5291],[126.82486,36.52849],[126.83099,36.54291],[126.83081,36.54746],[126.83415,36.55276],[126.83811,36.55487],[126.84046,36.56258],[126.84466,36.5651],[126.84595,36.56941],[126.84385,36.5707],[126.84602,36.57164],[126.85375,36.5714],[126.85893,36.56863],[126.87222,36.56971],[126.88771,36.56141],[126.899,36.55896],[126.90645,36.56561],[126.90986,36.56645],[126.91326,36.57432],[126.9203,36.57844],[126.92524,36.58758],[126.931,36.59167],[126.92731,36.5961],[126.92888,36.60171],[126.93204,36.60274],[126.93046,36.60839],[126.93277,36.61295],[126.9371,36.61495],[126.93586,36.62186],[126.94515,36.62829],[126.94388,36.63288],[126.94705,36.63599],[126.94823,36.64091],[126.95504,36.64539],[126.9543,36.65254],[126.95834,36.65527],[126.95972,36.66204],[126.95769,36.66246],[126.95743,36.67193],[126.96776,36.67943],[126.96697,36.68413],[126.96961,36.69075],[126.96257,36.69698],[126.95454,36.69911],[126.95214,36.70289],[126.93363,36.70192],[126.92848,36.70438],[126.92181,36.70063],[126.91288,36.70399],[126.90644,36.70164],[126.90214,36.70219],[126.90259,36.71469],[126.89893,36.71684],[126.89972,36.71907],[126.89757,36.72357],[126.89069,36.72625],[126.88667,36.73132],[126.87561,36.72834],[126.86699,36.72933],[126.85959,36.73842],[126.85868,36.74699],[126.85659,36.74787],[126.85194,36.74831],[126.84988,36.74277],[126.84695,36.74163],[126.84494,36.74385],[126.8473,36.74767],[126.83774,36.75185],[126.83036,36.76347],[126.83335,36.78326],[126.82869,36.78701],[126.81987,36.78602],[126.81737,36.78256],[126.82069,36.77716],[126.81312,36.77156],[126.80449,36.77373],[126.80145,36.76825],[126.79494,36.76663],[126.79227,36.76188],[126.78325,36.75944],[126.7795,36.75393],[126.77232,36.7553],[126.77179,36.75345],[126.77635,36.7501],[126.77531,36.74814],[126.76398,36.75526],[126.75904,36.76336],[126.74652,36.76705],[126.74364,36.77733],[126.73749,36.78165],[126.7341,36.78954],[126.7249,36.79842],[126.7136,36.80334],[126.69646,36.80062],[126.69518,36.79874],[126.69758,36.7932],[126.6943,36.78499],[126.68307,36.78152],[126.67594,36.78392],[126.66905,36.78056],[126.66494,36.77087],[126.66021,36.7709],[126.65678,36.77635],[126.65354,36.77497],[126.65339,36.77212],[126.64933,36.77044],[126.65024,36.76753],[126.64737,36.76093],[126.65253,36.75683],[126.65325,36.75289],[126.6478,36.75353],[126.64511,36.75181],[126.63894,36.75742],[126.63241,36.75731],[126.63449,36.74513],[126.63256,36.74148],[126.62431,36.73477],[126.61075,36.73211],[126.60325,36.7213],[126.60206,36.71797],[126.60898,36.70487],[126.60541,36.70234],[126.60433,36.69875],[126.59981,36.6967],[126.60006,36.68995],[126.59603,36.68517],[126.59875,36.67934],[126.59768,36.67482],[126.59462,36.6681],[126.58924,36.66374]]]}},{"id":"feature_214","type":"Feature","properties":{"시도":"충청남도","시군구":"천안시"},"geometry":{"type":"Polygon","coordinates":[[[127.15056,36.62043],[127.15411,36.62454],[127.16024,36.6246],[127.15628,36.62863],[127.15795,36.63517],[127.15304,36.64504],[127.15421,36.65271],[127.15994,36.65735],[127.15896,36.66156],[127.15477,36.66486],[127.15839,36.6731],[127.1644,36.67834],[127.1614,36.69057],[127.15707,36.69548],[127.15646,36.69078],[127.14156,36.68975],[127.14247,36.69113],[127.13619,36.70484],[127.12766,36.708],[127.1406,36.71635],[127.14505,36.71713],[127.15287,36.72831],[127.15693,36.7264],[127.16002,36.73247],[127.16578,36.73368],[127.17117,36.73206],[127.17381,36.72861],[127.18344,36.73033],[127.18785,36.72776],[127.1928,36.72882],[127.20292,36.72618],[127.20508,36.72033],[127.21809,36.71532],[127.2237,36.71556],[127.22515,36.71013],[127.23639,36.70718],[127.24581,36.69582],[127.25224,36.69674],[127.25967,36.69253],[127.26519,36.69214],[127.27351,36.69527],[127.2773,36.69143],[127.28563,36.69093],[127.2919,36.69724],[127.29673,36.69782],[127.30811,36.70494],[127.30692,36.71115],[127.30966,36.72279],[127.31723,36.72493],[127.3283,36.73456],[127.33686,36.72938],[127.3393,36.73024],[127.34121,36.73762],[127.33843,36.73748],[127.3372,36.74447],[127.33405,36.74698],[127.33575,36.75257],[127.35312,36.75595],[127.35883,36.76068],[127.36944,36.76148],[127.37232,36.75824],[127.38723,36.75947],[127.38893,36.75321],[127.3927,36.75262],[127.39689,36.7469],[127.40483,36.74491],[127.40565,36.75006],[127.41121,36.75332],[127.41197,36.75727],[127.41958,36.75757],[127.42063,36.76011],[127.41241,36.77198],[127.40343,36.77444],[127.39973,36.78058],[127.39543,36.78245],[127.39669,36.79007],[127.40179,36.79541],[127.40101,36.79909],[127.39768,36.7998],[127.38252,36.81343],[127.36658,36.81685],[127.35796,36.82213],[127.35584,36.82847],[127.35092,36.83016],[127.34597,36.82845],[127.33948,36.83074],[127.33401,36.83015],[127.33299,36.83148],[127.33519,36.83689],[127.33363,36.83893],[127.33672,36.84559],[127.33627,36.85464],[127.32785,36.85812],[127.31613,36.85895],[127.3128,36.8575],[127.30735,36.85967],[127.30601,36.86306],[127.31135,36.87018],[127.30808,36.88526],[127.30385,36.88574],[127.2898,36.89382],[127.27953,36.90024],[127.28033,36.90427],[127.27176,36.91331],[127.25913,36.91561],[127.25312,36.92226],[127.24402,36.9174],[127.23758,36.92065],[127.23609,36.92383],[127.22885,36.92439],[127.22021,36.9303],[127.21073,36.93041],[127.21167,36.93788],[127.20589,36.94178],[127.20683,36.94608],[127.20189,36.95211],[127.19011,36.95286],[127.18798,36.95524],[127.17767,36.95827],[127.17604,36.96207],[127.16505,36.96202],[127.15539,36.96572],[127.15677,36.96723],[127.15381,36.96942],[127.1443,36.97151],[127.13174,36.96502],[127.1195,36.96913],[127.11582,36.97114],[127.11106,36.97088],[127.09646,36.95954],[127.09638,36.95571],[127.1018,36.95383],[127.09752,36.94981],[127.09601,36.94224],[127.08612,36.94781],[127.07393,36.93839],[127.07481,36.93553],[127.08763,36.92333],[127.09419,36.91215],[127.09252,36.90899],[127.08751,36.90737],[127.0846,36.90383],[127.08468,36.90194],[127.08958,36.89914],[127.09188,36.89352],[127.08799,36.88831],[127.09186,36.88279],[127.08651,36.87595],[127.08868,36.86734],[127.08693,36.86254],[127.09068,36.86075],[127.09926,36.86213],[127.10492,36.86097],[127.10997,36.85592],[127.10905,36.84761],[127.09812,36.8397],[127.09836,36.83771],[127.10487,36.83832],[127.10539,36.83666],[127.1009,36.83133],[127.10189,36.8229],[127.09662,36.81505],[127.09873,36.81171],[127.09848,36.80763],[127.09595,36.80474],[127.09705,36.79861],[127.09497,36.79667],[127.09756,36.79253],[127.09978,36.79238],[127.09927,36.79432],[127.10409,36.79907],[127.1111,36.79712],[127.11365,36.78074],[127.11739,36.78045],[127.11934,36.77524],[127.11909,36.76577],[127.10925,36.75919],[127.10314,36.75791],[127.09353,36.76081],[127.09846,36.75357],[127.08849,36.74641],[127.08892,36.74092],[127.08115,36.73301],[127.08045,36.72902],[127.08436,36.72248],[127.0808,36.7209],[127.07897,36.70999],[127.07229,36.70818],[127.05848,36.70831],[127.05518,36.70508],[127.04864,36.70407],[127.04768,36.70171],[127.04015,36.69735],[127.03898,36.69305],[127.03561,36.69289],[127.02659,36.6867],[127.0159,36.67171],[127.01577,36.66633],[127.00953,36.65609],[127.0205,36.64999],[127.02523,36.65598],[127.02735,36.65579],[127.0397,36.65392],[127.04301,36.65171],[127.05311,36.6517],[127.05854,36.64541],[127.06551,36.64608],[127.07265,36.64271],[127.08668,36.64169],[127.09226,36.64836],[127.09342,36.65376],[127.10999,36.65866],[127.12404,36.65318],[127.1271,36.65365],[127.12839,36.64846],[127.13118,36.64567],[127.14053,36.64289],[127.14052,36.63673],[127.14799,36.6286],[127.15056,36.62043]]]}},{"id":"feature_215","type":"Feature","properties":{"시도":"충청남도","시군구":"청양군"},"geometry":{"type":"Polygon","coordinates":[[[126.97575,36.33549],[126.98676,36.3439],[126.98762,36.36201],[126.99097,36.37209],[127.01626,36.3892],[127.0273,36.40147],[127.02781,36.40444],[127.0153,36.41834],[127.02382,36.42433],[127.02405,36.42656],[127.01798,36.43413],[127.02019,36.43827],[127.00698,36.43889],[127.00758,36.45136],[127.00234,36.45086],[127.00423,36.45564],[127.00077,36.45601],[126.9973,36.46024],[126.97152,36.46728],[126.96025,36.46606],[126.95662,36.46861],[126.94052,36.46186],[126.93027,36.45502],[126.91603,36.4556],[126.91391,36.46469],[126.90426,36.46904],[126.89939,36.47677],[126.89436,36.47851],[126.89424,36.48384],[126.89209,36.4869],[126.89412,36.50289],[126.88391,36.51148],[126.88968,36.51929],[126.89036,36.52434],[126.89379,36.52654],[126.88856,36.53399],[126.88997,36.54133],[126.89463,36.54693],[126.89958,36.54947],[126.899,36.55896],[126.88771,36.56141],[126.87222,36.56971],[126.85893,36.56863],[126.85375,36.5714],[126.84602,36.57164],[126.84385,36.5707],[126.84595,36.56941],[126.84466,36.5651],[126.84046,36.56258],[126.83811,36.55487],[126.83415,36.55276],[126.83081,36.54746],[126.83099,36.54291],[126.82486,36.52849],[126.81584,36.5291],[126.81201,36.53122],[126.8064,36.52979],[126.80504,36.52666],[126.7853,36.53474],[126.78071,36.53219],[126.77313,36.53431],[126.7688,36.52606],[126.76954,36.51833],[126.7563,36.50355],[126.74963,36.50319],[126.74683,36.49367],[126.74364,36.49054],[126.7445,36.48504],[126.73618,36.47177],[126.72655,36.47998],[126.71476,36.48162],[126.70873,36.47833],[126.70107,36.47868],[126.69142,36.47107],[126.67312,36.46219],[126.67734,36.45057],[126.68796,36.44763],[126.68879,36.44568],[126.68397,36.43609],[126.69157,36.42873],[126.68885,36.42561],[126.69207,36.42034],[126.69162,36.41044],[126.70621,36.40439],[126.70952,36.40028],[126.70934,36.39636],[126.7146,36.39368],[126.71097,36.38798],[126.72475,36.37475],[126.73475,36.37795],[126.73917,36.37359],[126.73949,36.36509],[126.7435,36.3634],[126.74831,36.36606],[126.74942,36.35963],[126.75227,36.35622],[126.75694,36.35468],[126.76524,36.35305],[126.7855,36.35702],[126.79432,36.35198],[126.7977,36.35613],[126.79769,36.35899],[126.80328,36.36314],[126.80863,36.37659],[126.81932,36.37673],[126.82274,36.38129],[126.82948,36.38545],[126.83891,36.38385],[126.84868,36.38676],[126.85037,36.38465],[126.84284,36.37346],[126.83635,36.37778],[126.83159,36.37594],[126.83453,36.37128],[126.83495,36.36376],[126.84249,36.36513],[126.84477,36.3639],[126.84053,36.35716],[126.84143,36.35543],[126.84821,36.35544],[126.85364,36.34631],[126.85938,36.34317],[126.86026,36.33688],[126.85555,36.33079],[126.86259,36.32368],[126.87461,36.3231],[126.89252,36.32575],[126.9001,36.33156],[126.90109,36.32741],[126.90583,36.32561],[126.91245,36.32717],[126.91439,36.32553],[126.91301,36.32304],[126.91441,36.32073],[126.9273,36.31513],[126.9437,36.31957],[126.95405,36.32606],[126.95931,36.33205],[126.97575,36.33549]]]}},{"id":"feature_216","type":"Feature","properties":{"시도":"충청남도","시군구":"태안군"},"geometry":{"type":"MultiPolygon","coordinates":[[[[125.54079,36.61386],[125.54488,36.6093],[125.5472,36.60889],[125.54345,36.61431],[125.54079,36.61386]]],[[[125.57071,36.61908],[125.57247,36.61622],[125.58077,36.61277],[125.57345,36.62163],[125.57071,36.61908]]],[[[125.56044,36.62584],[125.56262,36.62525],[125.56089,36.62633],[125.55638,36.62583],[125.55674,36.62562],[125.56044,36.62584]]],[[[125.71499,36.63114],[125.71255,36.63154],[125.71249,36.62917],[125.71566,36.62979],[125.71499,36.63114]]],[[[126.12341,36.64147],[126.12609,36.64009],[126.12662,36.6427],[126.12496,36.64279],[126.12341,36.64147]]],[[[126.11964,36.64251],[126.11827,36.64243],[126.11672,36.6415],[126.12111,36.64115],[126.11964,36.64251]]],[[[125.68925,36.64152],[125.69269,36.63927],[125.69933,36.63896],[125.69235,36.6418],[125.69218,36.64495],[125.68963,36.6441],[125.68925,36.64152]]],[[[125.82519,36.66059],[125.82228,36.66049],[125.82217,36.65853],[125.82554,36.65874],[125.82388,36.65952],[125.82519,36.66059]]],[[[125.85852,36.66643],[125.85479,36.66508],[125.85514,36.66371],[125.86229,36.66437],[125.85852,36.66643]]],[[[126.03326,36.66824],[126.03192,36.66612],[126.03706,36.66629],[126.03508,36.66901],[126.03326,36.66824]]],[[[126.08754,36.67987],[126.08801,36.68224],[126.08408,36.68443],[126.08732,36.68957],[126.0819,36.69212],[126.08033,36.68911],[126.08303,36.68622],[126.08214,36.68402],[126.07356,36.67994],[126.06202,36.68028],[126.04568,36.67059],[126.05076,36.66651],[126.05579,36.66774],[126.05978,36.67258],[126.06388,36.66994],[126.07112,36.67348],[126.0741,36.67067],[126.08136,36.67204],[126.08038,36.67657],[126.08754,36.67987]]],[[[126.1132,36.70679],[126.11252,36.70406],[126.11593,36.70519],[126.11333,36.7066],[126.1132,36.70679]]],[[[126.11592,36.7079],[126.11469,36.70625],[126.11641,36.70504],[126.11786,36.70765],[126.11592,36.7079]]],[[[125.94165,36.72466],[125.9421,36.72139],[125.94467,36.72091],[125.94746,36.72269],[125.94862,36.72667],[125.94635,36.72768],[125.94165,36.72466]]],[[[126.12532,36.75074],[126.1243,36.74921],[126.12499,36.74822],[126.12693,36.75053],[126.12532,36.75074]]],[[[126.21287,36.43145],[126.21087,36.42981],[126.21434,36.42884],[126.21427,36.43085],[126.21287,36.43145]]],[[[126.23191,36.4553],[126.23645,36.45136],[126.23876,36.45438],[126.23737,36.45578],[126.23191,36.4553]]],[[[126.15979,36.51428],[126.15621,36.51137],[126.15848,36.50877],[126.16275,36.51054],[126.15979,36.51428]]],[[[126.19122,36.57145],[126.19095,36.56924],[126.19311,36.56802],[126.19575,36.56968],[126.19443,36.57124],[126.19122,36.57145]]],[[[126.19753,36.58265],[126.19651,36.58229],[126.19724,36.57724],[126.20015,36.58213],[126.19753,36.58265]]],[[[126.19748,36.5956],[126.20114,36.59108],[126.20304,36.59081],[126.20137,36.59478],[126.19748,36.5956]]],[[[126.24381,36.59912],[126.24579,36.60084],[126.24471,36.60707],[126.23653,36.60684],[126.23514,36.60435],[126.23963,36.60421],[126.23961,36.60039],[126.23437,36.59704],[126.24115,36.59428],[126.23959,36.59046],[126.24191,36.58871],[126.24442,36.5907],[126.24153,36.59449],[126.24147,36.5971],[126.24381,36.59912]]],[[[126.21864,36.68558],[126.21992,36.6847],[126.22084,36.68503],[126.21957,36.68607],[126.21864,36.68558]]],[[[126.33443,36.81501],[126.32807,36.814],[126.32208,36.81977],[126.31821,36.81416],[126.3114,36.81315],[126.3045,36.81462],[126.29584,36.80833],[126.29472,36.80572],[126.29711,36.8033],[126.29135,36.79827],[126.2879,36.79906],[126.28644,36.80356],[126.28704,36.81132],[126.28891,36.81356],[126.28679,36.8168],[126.28096,36.81794],[126.28378,36.82502],[126.28737,36.82311],[126.2954,36.82415],[126.30537,36.83048],[126.31232,36.8308],[126.31622,36.83384],[126.31705,36.83889],[126.30706,36.83992],[126.30368,36.84253],[126.29468,36.84261],[126.29643,36.85248],[126.30465,36.85686],[126.30579,36.85931],[126.30311,36.86313],[126.30449,36.86646],[126.30827,36.8667],[126.30834,36.86961],[126.31097,36.87173],[126.31376,36.88326],[126.31842,36.8864],[126.32679,36.88413],[126.33104,36.88649],[126.33261,36.89137],[126.33169,36.89269],[126.32649,36.89092],[126.32053,36.89209],[126.32029,36.90514],[126.31629,36.90498],[126.30919,36.90996],[126.30952,36.91338],[126.30228,36.91835],[126.30222,36.92227],[126.31031,36.92982],[126.30303,36.94089],[126.30277,36.94416],[126.30811,36.94646],[126.30914,36.95154],[126.31374,36.95481],[126.30978,36.96292],[126.30715,36.96182],[126.30633,36.96661],[126.30842,36.97398],[126.30501,36.97495],[126.30589,36.97865],[126.30451,36.97941],[126.29944,36.97745],[126.29427,36.97038],[126.28294,36.97035],[126.28538,36.96795],[126.28417,36.9643],[126.28843,36.95276],[126.28931,36.93497],[126.29211,36.93087],[126.28648,36.91431],[126.28302,36.90941],[126.28397,36.90318],[126.28867,36.90081],[126.28094,36.90262],[126.2754,36.89819],[126.27667,36.89497],[126.26964,36.88467],[126.27282,36.88209],[126.2717,36.87644],[126.26481,36.87749],[126.26206,36.88092],[126.25269,36.87944],[126.25006,36.87672],[126.2506,36.86964],[126.24821,36.86644],[126.24222,36.86389],[126.23618,36.86543],[126.23535,36.87271],[126.23134,36.87291],[126.22091,36.88069],[126.21828,36.88009],[126.22537,36.88862],[126.23588,36.89043],[126.24185,36.88853],[126.24814,36.90422],[126.2465,36.90814],[126.25324,36.91489],[126.24842,36.91529],[126.24322,36.91048],[126.21958,36.90554],[126.2128,36.90058],[126.20711,36.90089],[126.20581,36.90455],[126.20293,36.90512],[126.20178,36.90347],[126.20331,36.90208],[126.19637,36.90047],[126.19963,36.90026],[126.20059,36.89679],[126.19528,36.88808],[126.18032,36.88936],[126.17692,36.88496],[126.18585,36.88175],[126.18963,36.87814],[126.18964,36.87238],[126.18787,36.87007],[126.18295,36.87066],[126.18367,36.86703],[126.18755,36.86811],[126.19034,36.86591],[126.1902,36.85621],[126.19484,36.85372],[126.19339,36.84932],[126.1867,36.84154],[126.17527,36.83585],[126.17693,36.82755],[126.18633,36.82303],[126.18032,36.81986],[126.18454,36.81489],[126.18286,36.81295],[126.17713,36.81262],[126.17637,36.8107],[126.17225,36.81227],[126.1714,36.81783],[126.1755,36.82434],[126.17151,36.82791],[126.1712,36.83047],[126.17213,36.83811],[126.17597,36.84158],[126.17557,36.84356],[126.16356,36.84183],[126.16174,36.8431],[126.16154,36.84496],[126.16367,36.84545],[126.16117,36.85003],[126.15694,36.84896],[126.15531,36.84474],[126.14903,36.84666],[126.14839,36.84527],[126.15301,36.84139],[126.15309,36.83917],[126.14552,36.83935],[126.14564,36.83676],[126.15861,36.82723],[126.15382,36.82207],[126.15567,36.82062],[126.15418,36.81737],[126.14844,36.81694],[126.1515,36.81416],[126.15058,36.81196],[126.14251,36.80894],[126.1459,36.80393],[126.15019,36.80271],[126.14772,36.79618],[126.14187,36.79586],[126.1449,36.79318],[126.13741,36.78536],[126.13429,36.78471],[126.13438,36.78663],[126.12997,36.78737],[126.12921,36.78026],[126.1322,36.7769],[126.12824,36.77371],[126.12668,36.77532],[126.12169,36.77472],[126.11798,36.77051],[126.11482,36.77466],[126.10491,36.7758],[126.10153,36.77327],[126.11309,36.76415],[126.11412,36.75873],[126.11669,36.75608],[126.12212,36.75233],[126.13003,36.7516],[126.13264,36.7494],[126.13073,36.74707],[126.13352,36.74076],[126.12835,36.73802],[126.12123,36.7248],[126.12272,36.71993],[126.12612,36.71789],[126.12099,36.71236],[126.12268,36.70694],[126.13185,36.71596],[126.13786,36.71907],[126.14404,36.72775],[126.15024,36.72829],[126.15217,36.73048],[126.15265,36.74036],[126.14988,36.74561],[126.15184,36.74862],[126.14153,36.75365],[126.15533,36.75602],[126.16186,36.753],[126.16481,36.75751],[126.18465,36.75294],[126.18594,36.74881],[126.18191,36.74763],[126.18196,36.74601],[126.18828,36.74462],[126.20011,36.73633],[126.20721,36.73648],[126.21114,36.74036],[126.21251,36.73874],[126.21093,36.73416],[126.20815,36.72972],[126.20279,36.72642],[126.20142,36.72092],[126.21464,36.72545],[126.22148,36.72126],[126.22118,36.71673],[126.21725,36.71157],[126.20601,36.70595],[126.19468,36.70772],[126.18469,36.71692],[126.17121,36.71847],[126.16581,36.71735],[126.15639,36.70714],[126.1458,36.70325],[126.14943,36.69812],[126.14923,36.68624],[126.14054,36.68653],[126.1367,36.68367],[126.13705,36.68775],[126.13064,36.6885],[126.1243,36.68294],[126.12366,36.67755],[126.12916,36.67393],[126.12916,36.66962],[126.13116,36.66807],[126.13556,36.66974],[126.14038,36.6681],[126.14479,36.6726],[126.14905,36.67379],[126.15117,36.67408],[126.15259,36.67115],[126.15424,36.67194],[126.15282,36.67545],[126.15487,36.67643],[126.16082,36.67743],[126.16412,36.67466],[126.17106,36.67852],[126.17476,36.67558],[126.17233,36.67358],[126.17307,36.67199],[126.18002,36.67678],[126.18614,36.67455],[126.18866,36.67163],[126.18875,36.67398],[126.19736,36.67451],[126.20212,36.68448],[126.21048,36.68777],[126.21181,36.69241],[126.22165,36.69135],[126.22908,36.69268],[126.24175,36.70261],[126.24131,36.7076],[126.23495,36.70832],[126.2361,36.71727],[126.2402,36.71378],[126.24009,36.71029],[126.24333,36.70994],[126.24226,36.71707],[126.24699,36.718],[126.2518,36.713],[126.25325,36.71708],[126.25773,36.71679],[126.25933,36.72011],[126.26462,36.72242],[126.27127,36.72924],[126.27056,36.72579],[126.27286,36.72023],[126.2707,36.71117],[126.27231,36.70532],[126.26148,36.6969],[126.26038,36.69022],[126.26228,36.68453],[126.26593,36.68356],[126.26708,36.68109],[126.26447,36.67891],[126.26358,36.67229],[126.26692,36.67048],[126.27456,36.67129],[126.28093,36.66846],[126.28594,36.66264],[126.2954,36.6442],[126.29634,36.62956],[126.291,36.62427],[126.28297,36.62194],[126.28487,36.61835],[126.28559,36.60337],[126.282,36.59624],[126.28241,36.59232],[126.28786,36.59139],[126.29215,36.58379],[126.30282,36.58839],[126.30298,36.59322],[126.30725,36.59525],[126.31388,36.58811],[126.32881,36.60659],[126.33586,36.61164],[126.33552,36.61501],[126.33339,36.61638],[126.33586,36.61845],[126.34074,36.61556],[126.35721,36.61812],[126.35515,36.62265],[126.36014,36.62483],[126.35558,36.62645],[126.34962,36.63221],[126.34712,36.63927],[126.34466,36.65995],[126.34056,36.66819],[126.33981,36.70094],[126.34493,36.71321],[126.3461,36.72112],[126.344,36.74891],[126.35055,36.76692],[126.3498,36.77664],[126.35599,36.78196],[126.35449,36.79085],[126.35139,36.79677],[126.33443,36.81501]]],[[[126.15739,36.74752],[126.15879,36.74659],[126.1608,36.74867],[126.15794,36.75339],[126.15613,36.75274],[126.15739,36.74752]]],[[[126.13808,36.80355],[126.14231,36.79953],[126.14679,36.80084],[126.13964,36.80417],[126.13808,36.80355]]],[[[126.24639,36.89094],[126.25015,36.88741],[126.25464,36.89325],[126.24821,36.89365],[126.24639,36.89094]]],[[[126.17025,36.93007],[126.16717,36.92921],[126.16678,36.92705],[126.17143,36.92748],[126.17025,36.93007]]],[[[126.4296,36.45035],[126.42818,36.45426],[126.42427,36.45684],[126.42701,36.45971],[126.42561,36.46563],[126.39664,36.51917],[126.39244,36.53407],[126.39068,36.55052],[126.38626,36.55884],[126.39364,36.56738],[126.39869,36.58234],[126.39593,36.59553],[126.39104,36.59821],[126.38336,36.6073],[126.37639,36.60602],[126.362,36.61094],[126.36038,36.6131],[126.35532,36.61182],[126.35497,36.60999],[126.34818,36.61137],[126.34798,36.6047],[126.3428,36.60517],[126.34272,36.60842],[126.33998,36.60849],[126.32331,36.59905],[126.32022,36.58784],[126.31036,36.58518],[126.31004,36.56877],[126.31696,36.56385],[126.32094,36.55833],[126.32634,36.54408],[126.3283,36.52693],[126.32479,36.52034],[126.32776,36.51176],[126.33198,36.50699],[126.33005,36.50214],[126.33336,36.49769],[126.3338,36.4914],[126.33038,36.4757],[126.32412,36.46879],[126.33095,36.46838],[126.33316,36.46632],[126.33303,36.45933],[126.3285,36.4593],[126.32917,36.45651],[126.33214,36.45511],[126.33308,36.44889],[126.33336,36.44514],[126.33076,36.44149],[126.33382,36.43733],[126.34397,36.43815],[126.35125,36.44129],[126.35372,36.43948],[126.36364,36.44073],[126.36421,36.43943],[126.34646,36.43577],[126.3511,36.42953],[126.35081,36.42381],[126.35705,36.42273],[126.3594,36.41693],[126.36648,36.41189],[126.37163,36.41006],[126.37919,36.41379],[126.38203,36.41807],[126.39116,36.41184],[126.39626,36.41831],[126.39657,36.41411],[126.39979,36.412],[126.40698,36.41401],[126.41151,36.41149],[126.41025,36.40651],[126.41192,36.40426],[126.41777,36.40551],[126.42183,36.39977],[126.42664,36.39918],[126.42805,36.4003],[126.42757,36.41167],[126.4354,36.41853],[126.43587,36.42111],[126.43122,36.4306],[126.43323,36.43221],[126.42847,36.44373],[126.43093,36.44694],[126.4296,36.45035]]],[[[126.30697,36.44997],[126.30985,36.44527],[126.31287,36.44977],[126.30777,36.45082],[126.30697,36.44997]]],[[[126.31,36.45508],[126.303,36.45635],[126.3042,36.44979],[126.29815,36.44541],[126.30238,36.4458],[126.31038,36.45302],[126.31,36.45508]]],[[[126.43197,36.46403],[126.43224,36.46018],[126.43381,36.4601],[126.43626,36.4644],[126.43197,36.46403]]],[[[126.32788,36.5004],[126.32635,36.49938],[126.32992,36.50026],[126.32933,36.50054],[126.32788,36.5004]]],[[[126.32458,36.50141],[126.32617,36.50106],[126.32689,36.50164],[126.32502,36.50198],[126.32458,36.50141]]],[[[126.29175,36.57908],[126.29402,36.57867],[126.29387,36.58292],[126.29306,36.58282],[126.29175,36.57908]]],[[[126.26203,36.63212],[126.26418,36.63019],[126.26634,36.63408],[126.26311,36.63598],[126.26203,36.63212]]],[[[126.31365,36.86566],[126.30789,36.86556],[126.30694,36.86393],[126.3122,36.86098],[126.31535,36.86409],[126.31365,36.86566]]],[[[126.30974,36.94265],[126.30637,36.93737],[126.30818,36.93616],[126.31341,36.93891],[126.31302,36.94305],[126.31502,36.94446],[126.31262,36.94447],[126.30974,36.94265]]]]}},{"id":"feature_217","type":"Feature","properties":{"시도":"충청남도","시군구":"홍성군"},"geometry":{"type":"MultiPolygon","coordinates":[[[[126.44041,36.5153],[126.44336,36.51657],[126.43908,36.52146],[126.438,36.51903],[126.44041,36.5153]]],[[[126.48895,36.51775],[126.50486,36.52974],[126.50963,36.52283],[126.52801,36.5193],[126.54338,36.50759],[126.55538,36.50573],[126.55989,36.5069],[126.56128,36.50909],[126.56716,36.50145],[126.59017,36.50887],[126.59303,36.50674],[126.59252,36.50393],[126.59669,36.49899],[126.60025,36.49016],[126.59982,36.48107],[126.60195,36.47744],[126.60941,36.48039],[126.61458,36.48539],[126.61693,36.48145],[126.623,36.47747],[126.63186,36.47585],[126.63553,36.46576],[126.65299,36.46697],[126.65874,36.46029],[126.66528,36.46279],[126.67312,36.46219],[126.69142,36.47107],[126.70107,36.47868],[126.70873,36.47833],[126.71476,36.48162],[126.72655,36.47998],[126.73618,36.47177],[126.7445,36.48504],[126.74364,36.49054],[126.74683,36.49367],[126.74963,36.50319],[126.7563,36.50355],[126.76954,36.51833],[126.7688,36.52606],[126.77313,36.53431],[126.76858,36.53734],[126.75975,36.528],[126.75357,36.52842],[126.74638,36.53135],[126.74107,36.53752],[126.74053,36.5428],[126.73743,36.5463],[126.7371,36.55143],[126.7419,36.55563],[126.74611,36.55549],[126.7483,36.55756],[126.74971,36.56501],[126.74695,36.57579],[126.74849,36.58043],[126.7638,36.58702],[126.76579,36.59112],[126.77219,36.59382],[126.76951,36.60267],[126.77226,36.60669],[126.77012,36.6114],[126.77078,36.61659],[126.76585,36.61855],[126.76141,36.61751],[126.75643,36.6234],[126.75891,36.62656],[126.75745,36.63204],[126.74979,36.63506],[126.7519,36.64562],[126.73642,36.64969],[126.73697,36.65876],[126.74376,36.66582],[126.74535,36.67082],[126.73982,36.67285],[126.72487,36.66747],[126.71038,36.67281],[126.70577,36.66905],[126.70835,36.66303],[126.69844,36.66336],[126.68479,36.65998],[126.67997,36.66134],[126.67242,36.65992],[126.67122,36.6582],[126.66014,36.65706],[126.65508,36.65535],[126.64987,36.64849],[126.6283,36.64959],[126.62002,36.63953],[126.62156,36.63394],[126.62584,36.62929],[126.62456,36.62779],[126.62674,36.6181],[126.62031,36.62117],[126.60943,36.62143],[126.60251,36.61871],[126.59668,36.62091],[126.58617,36.61765],[126.58541,36.62661],[126.58824,36.6357],[126.58711,36.63808],[126.58978,36.64045],[126.59196,36.64758],[126.59549,36.65029],[126.59547,36.65356],[126.58924,36.66374],[126.58612,36.66542],[126.5817,36.6641],[126.57945,36.654],[126.57471,36.65305],[126.5658,36.64449],[126.54585,36.64025],[126.54133,36.64462],[126.53513,36.64621],[126.52749,36.63924],[126.51945,36.63734],[126.51576,36.63221],[126.51077,36.63081],[126.50576,36.63477],[126.49933,36.63493],[126.46591,36.64397],[126.45677,36.62629],[126.47383,36.61722],[126.4783,36.60838],[126.46363,36.59744],[126.45244,36.59709],[126.44174,36.59994],[126.45221,36.59641],[126.44763,36.58688],[126.45366,36.56723],[126.45416,36.55101],[126.45857,36.54726],[126.46214,36.53863],[126.46868,36.53304],[126.48126,36.5163],[126.48451,36.51582],[126.48822,36.51964],[126.48895,36.51775]]],[[[126.44749,36.53661],[126.45115,36.5361],[126.45341,36.54067],[126.45031,36.5465],[126.44667,36.54599],[126.45013,36.53951],[126.44514,36.53922],[126.44749,36.53661]]]]}},{"id":"feature_218","type":"Feature","properties":{"시도":"충청북도","시군구":"괴산군"},"geometry":{"type":"Polygon","coordinates":[[[127.92044,36.60365],[127.92387,36.60524],[127.92511,36.6081],[127.92491,36.61548],[127.93311,36.61903],[127.93217,36.62457],[127.93597,36.63363],[127.9349,36.63968],[127.93581,36.64338],[127.93961,36.64692],[127.9384,36.65108],[127.93151,36.65362],[127.93232,36.66515],[127.92564,36.6692],[127.91848,36.66799],[127.91293,36.67775],[127.90671,36.68021],[127.89204,36.68231],[127.88771,36.67888],[127.87924,36.67843],[127.87703,36.67963],[127.8773,36.68224],[127.88551,36.6878],[127.88735,36.69131],[127.89596,36.69425],[127.90744,36.69265],[127.91537,36.694],[127.9286,36.69037],[127.93157,36.69336],[127.93167,36.70632],[127.94232,36.70619],[127.94634,36.70443],[127.94912,36.70596],[127.94802,36.7178],[127.95206,36.71963],[127.95577,36.73145],[127.96077,36.73678],[127.97092,36.73058],[127.97334,36.72564],[127.98044,36.71996],[127.9868,36.7175],[128.00262,36.71663],[128.00841,36.72777],[128.01414,36.73006],[128.01479,36.72777],[128.02222,36.72587],[128.02611,36.7191],[128.03171,36.71905],[128.04877,36.70755],[128.07132,36.70729],[128.07396,36.71165],[128.06895,36.72167],[128.05891,36.72969],[128.05564,36.72871],[128.05156,36.7361],[128.04376,36.73807],[128.03238,36.74797],[128.03215,36.75464],[128.04442,36.77125],[128.04648,36.77999],[128.04456,36.78457],[128.04875,36.78624],[128.05574,36.79453],[128.05635,36.79897],[128.05423,36.8049],[128.05756,36.80705],[128.05956,36.8168],[128.04724,36.82219],[128.03947,36.82153],[128.03636,36.82487],[128.02296,36.82495],[128.02363,36.81412],[128.01795,36.80791],[128.01407,36.80861],[128.0113,36.80673],[127.9981,36.8128],[127.98229,36.81541],[127.98191,36.82322],[127.97599,36.82373],[127.97204,36.82672],[127.97696,36.83697],[127.97522,36.84189],[127.97067,36.84492],[127.96747,36.85075],[127.96968,36.86022],[127.96115,36.86366],[127.95885,36.86743],[127.95091,36.87269],[127.94468,36.874],[127.95158,36.88508],[127.95078,36.88672],[127.93542,36.8882],[127.91685,36.88158],[127.9124,36.88614],[127.90166,36.88847],[127.89692,36.89317],[127.88095,36.89011],[127.88034,36.89556],[127.86391,36.89639],[127.86015,36.89921],[127.85769,36.90562],[127.83809,36.91331],[127.84312,36.9276],[127.83097,36.93313],[127.83305,36.93974],[127.82642,36.94036],[127.82241,36.94339],[127.8177,36.9405],[127.81025,36.9401],[127.80753,36.94192],[127.80641,36.94593],[127.79917,36.94747],[127.79555,36.9465],[127.79306,36.9401],[127.78873,36.93723],[127.7875,36.93159],[127.7891,36.9273],[127.78212,36.92399],[127.78363,36.91879],[127.7869,36.91598],[127.79429,36.91618],[127.7984,36.90729],[127.79632,36.90312],[127.78815,36.90659],[127.78571,36.90588],[127.79252,36.90039],[127.79219,36.89803],[127.78751,36.8945],[127.78912,36.88561],[127.78794,36.88091],[127.77119,36.87727],[127.76712,36.87479],[127.76256,36.87728],[127.75908,36.87415],[127.75015,36.87306],[127.7454,36.87784],[127.73574,36.8794],[127.72667,36.87948],[127.72057,36.87704],[127.70841,36.87732],[127.7078,36.87582],[127.698,36.8805],[127.69474,36.88001],[127.68941,36.87777],[127.69145,36.87532],[127.68624,36.86849],[127.68677,36.86013],[127.67786,36.85079],[127.66601,36.85777],[127.65277,36.86079],[127.64203,36.85543],[127.63784,36.8473],[127.63927,36.84249],[127.62918,36.82612],[127.62897,36.82224],[127.63115,36.81522],[127.63657,36.81142],[127.63421,36.80712],[127.64188,36.80166],[127.64195,36.79983],[127.63481,36.79343],[127.62453,36.7927],[127.62643,36.79029],[127.62104,36.78815],[127.62091,36.77868],[127.6275,36.77644],[127.62923,36.77319],[127.62373,36.76034],[127.6352,36.75016],[127.63915,36.73232],[127.64946,36.73269],[127.65285,36.73537],[127.65679,36.73242],[127.66237,36.73232],[127.66492,36.72978],[127.67225,36.72211],[127.6787,36.7189],[127.68631,36.72076],[127.69216,36.71248],[127.70219,36.70982],[127.70264,36.70349],[127.71375,36.69524],[127.71352,36.69012],[127.72334,36.68316],[127.72895,36.68262],[127.72424,36.67418],[127.71289,36.66807],[127.71181,36.66508],[127.71422,36.66108],[127.71164,36.66071],[127.71198,36.65764],[127.70898,36.65452],[127.71328,36.65065],[127.72363,36.6514],[127.72473,36.64568],[127.73428,36.63941],[127.73877,36.6395],[127.742,36.62862],[127.74893,36.62647],[127.75039,36.62161],[127.76406,36.61321],[127.7698,36.60412],[127.78189,36.60865],[127.78645,36.61374],[127.7926,36.60968],[127.79841,36.60228],[127.80651,36.60315],[127.81483,36.60876],[127.81945,36.60817],[127.82279,36.61244],[127.82746,36.61103],[127.83221,36.6123],[127.84054,36.60834],[127.84961,36.61277],[127.85906,36.61324],[127.85673,36.61796],[127.85108,36.61892],[127.84747,36.62489],[127.84801,36.63336],[127.86207,36.63436],[127.86446,36.63988],[127.87055,36.64394],[127.87407,36.65539],[127.87978,36.65756],[127.88235,36.64622],[127.88915,36.64028],[127.88989,36.63686],[127.88802,36.635],[127.88941,36.62946],[127.89626,36.6265],[127.90384,36.62772],[127.90973,36.62573],[127.91643,36.61121],[127.91553,36.60625],[127.92044,36.60365]]]}},{"id":"feature_219","type":"Feature","properties":{"시도":"충청북도","시군구":"단양군"},"geometry":{"type":"Polygon","coordinates":[[[128.44911,36.84891],[128.44714,36.85458],[128.44798,36.86458],[128.43874,36.87324],[128.42441,36.87647],[128.42758,36.88252],[128.42695,36.88931],[128.44023,36.90152],[128.44486,36.91381],[128.4454,36.91782],[128.44312,36.92015],[128.44187,36.9279],[128.4602,36.93401],[128.46324,36.94745],[128.46779,36.95181],[128.47656,36.95741],[128.48496,36.95746],[128.48594,36.96201],[128.5067,36.97019],[128.50685,36.972],[128.51363,36.97681],[128.51449,36.98681],[128.52915,36.99073],[128.53809,36.99076],[128.55471,36.99823],[128.55604,37.0055],[128.5629,37.00796],[128.57131,37.01598],[128.57292,37.02167],[128.56718,37.02618],[128.56516,37.03087],[128.56811,37.0345],[128.57711,37.03564],[128.58364,37.04389],[128.59321,37.04222],[128.60679,37.0434],[128.60882,37.05263],[128.61927,37.04955],[128.63051,37.03896],[128.63758,37.05142],[128.64181,37.0549],[128.64462,37.06193],[128.65223,37.06546],[128.64276,37.07054],[128.63368,37.07183],[128.6283,37.07498],[128.62805,37.08158],[128.62323,37.08715],[128.60632,37.07658],[128.60145,37.07897],[128.6018,37.08278],[128.59539,37.08186],[128.59166,37.07821],[128.56213,37.09036],[128.55082,37.08582],[128.53797,37.09004],[128.53474,37.0984],[128.52225,37.10337],[128.51201,37.09612],[128.51122,37.09806],[128.51483,37.10428],[128.51239,37.1137],[128.50082,37.12009],[128.49015,37.12285],[128.48033,37.11155],[128.46512,37.10988],[128.45084,37.11242],[128.44502,37.10736],[128.43524,37.11127],[128.43551,37.10975],[128.4304,37.10725],[128.4301,37.10383],[128.42482,37.10239],[128.42288,37.10444],[128.42252,37.11304],[128.41858,37.1198],[128.41111,37.12217],[128.40665,37.12678],[128.39592,37.12869],[128.40162,37.13479],[128.40172,37.13849],[128.40361,37.13953],[128.40263,37.14243],[128.40101,37.14638],[128.38437,37.15818],[128.37907,37.15521],[128.3771,37.15164],[128.3645,37.15543],[128.35946,37.14996],[128.35013,37.15801],[128.34287,37.15425],[128.33698,37.15787],[128.33078,37.15035],[128.32738,37.15297],[128.32436,37.14758],[128.31128,37.14529],[128.30416,37.13705],[128.29827,37.13418],[128.30258,37.12756],[128.30449,37.11827],[128.30962,37.11249],[128.30453,37.10067],[128.29431,37.09789],[128.2782,37.11035],[128.27855,37.11468],[128.27335,37.1173],[128.26772,37.11375],[128.25811,37.1022],[128.26447,37.08797],[128.26974,37.08802],[128.26262,37.08342],[128.25588,37.08245],[128.24945,37.07506],[128.24792,37.07613],[128.23984,37.07387],[128.23686,37.06536],[128.2259,37.06258],[128.22183,37.05599],[128.21798,37.05429],[128.22088,37.04921],[128.21925,37.0458],[128.22067,37.04192],[128.21727,37.03733],[128.22432,37.03434],[128.22648,37.02537],[128.24044,37.02384],[128.24457,37.02045],[128.24795,37.01347],[128.25522,37.0071],[128.25752,37.00008],[128.25386,36.99753],[128.25874,36.99313],[128.25617,36.9866],[128.25961,36.97981],[128.26101,36.9693],[128.26625,36.96092],[128.26125,36.95651],[128.26429,36.95294],[128.26391,36.94968],[128.2531,36.94278],[128.24563,36.94405],[128.24478,36.94203],[128.24684,36.9376],[128.24155,36.93706],[128.23621,36.93192],[128.237,36.91437],[128.24196,36.91193],[128.24617,36.9051],[128.24384,36.89105],[128.25154,36.88466],[128.24248,36.87847],[128.24192,36.87279],[128.24729,36.86887],[128.26405,36.86423],[128.27645,36.85725],[128.28201,36.85663],[128.28678,36.84476],[128.29653,36.8345],[128.3037,36.8315],[128.30545,36.8285],[128.31084,36.82851],[128.31608,36.82267],[128.31657,36.81664],[128.32348,36.81541],[128.33455,36.81691],[128.35164,36.81082],[128.35472,36.80884],[128.35639,36.8041],[128.36264,36.80051],[128.36659,36.80064],[128.38398,36.81447],[128.39406,36.81539],[128.40538,36.81192],[128.42065,36.81142],[128.43175,36.82426],[128.43434,36.83408],[128.4414,36.83766],[128.44911,36.84891]]]}},{"id":"feature_220","type":"Feature","properties":{"시도":"충청북도","시군구":"보은군"},"geometry":{"type":"Polygon","coordinates":[[[127.55419,36.39473],[127.55594,36.39267],[127.57821,36.40658],[127.5836,36.41821],[127.59021,36.41198],[127.59666,36.41073],[127.59874,36.41201],[127.59898,36.40792],[127.60466,36.40791],[127.60401,36.40396],[127.61226,36.40347],[127.61669,36.40913],[127.6186,36.41677],[127.6214,36.41708],[127.6151,36.42259],[127.61627,36.42638],[127.6244,36.42247],[127.63002,36.43648],[127.63253,36.43894],[127.63681,36.43649],[127.6396,36.43763],[127.64371,36.44501],[127.65079,36.44248],[127.65594,36.43778],[127.66529,36.44507],[127.67531,36.442],[127.67599,36.43745],[127.68052,36.43616],[127.67852,36.42693],[127.68103,36.41903],[127.70011,36.41351],[127.71041,36.41336],[127.70789,36.40631],[127.71432,36.40207],[127.71899,36.39582],[127.72651,36.39293],[127.72797,36.39071],[127.73124,36.38978],[127.73343,36.39421],[127.74655,36.38584],[127.74953,36.38831],[127.75983,36.39102],[127.76236,36.39376],[127.77053,36.3878],[127.78122,36.38887],[127.78371,36.38697],[127.78981,36.38862],[127.79715,36.38346],[127.82287,36.3798],[127.83178,36.37271],[127.83253,36.36928],[127.83506,36.36882],[127.83727,36.3732],[127.85295,36.37097],[127.85928,36.37432],[127.87031,36.37364],[127.87464,36.37092],[127.87963,36.37151],[127.8829,36.37384],[127.88429,36.37979],[127.87923,36.38325],[127.87602,36.39075],[127.86243,36.39237],[127.86565,36.39484],[127.86363,36.40308],[127.86967,36.40357],[127.87312,36.40587],[127.87599,36.41479],[127.88264,36.42174],[127.88041,36.42764],[127.87534,36.42846],[127.87303,36.44171],[127.87489,36.44857],[127.87778,36.44999],[127.8824,36.461],[127.87838,36.46709],[127.88178,36.4779],[127.88068,36.48072],[127.87523,36.48319],[127.87609,36.48837],[127.87873,36.48949],[127.88047,36.49327],[127.88848,36.4931],[127.90648,36.50659],[127.90224,36.51271],[127.90308,36.51723],[127.90064,36.52472],[127.90202,36.52801],[127.87412,36.53731],[127.87354,36.54153],[127.87068,36.5431],[127.87322,36.55654],[127.86214,36.56741],[127.85284,36.57158],[127.8432,36.56969],[127.83013,36.5744],[127.82388,36.5708],[127.81592,36.57804],[127.80465,36.58166],[127.8002,36.58551],[127.79741,36.59197],[127.79841,36.60228],[127.7926,36.60968],[127.78645,36.61374],[127.78189,36.60865],[127.7698,36.60412],[127.76903,36.59344],[127.75527,36.5902],[127.74678,36.58554],[127.74276,36.58809],[127.74135,36.59137],[127.73714,36.59265],[127.73571,36.59545],[127.73745,36.59678],[127.73696,36.59981],[127.7287,36.60228],[127.72714,36.60088],[127.72032,36.6027],[127.71393,36.60188],[127.70941,36.59611],[127.69457,36.58856],[127.68726,36.59194],[127.68136,36.59187],[127.67951,36.59575],[127.6701,36.59794],[127.665,36.6025],[127.65365,36.60047],[127.65195,36.60488],[127.64626,36.60661],[127.64121,36.60192],[127.63559,36.59998],[127.63081,36.59341],[127.63247,36.58964],[127.63058,36.58672],[127.62247,36.58156],[127.62161,36.57872],[127.61774,36.57777],[127.61141,36.57009],[127.61141,36.56677],[127.61662,36.55934],[127.61207,36.55138],[127.60321,36.54789],[127.59881,36.54819],[127.59089,36.54337],[127.58099,36.5421],[127.57974,36.53796],[127.57089,36.53569],[127.56518,36.5305],[127.57301,36.5164],[127.57335,36.50958],[127.57011,36.49965],[127.57204,36.49425],[127.57645,36.49044],[127.56701,36.4841],[127.55813,36.47214],[127.55624,36.47181],[127.55706,36.46963],[127.55333,36.45774],[127.54542,36.44932],[127.54587,36.44694],[127.51994,36.4364],[127.51569,36.42228],[127.51949,36.42018],[127.52415,36.42319],[127.52934,36.41934],[127.53399,36.41879],[127.53975,36.42072],[127.54436,36.41976],[127.54313,36.41687],[127.54463,36.41109],[127.55207,36.40528],[127.55725,36.39724],[127.55419,36.39473]]]}},{"id":"feature_221","type":"Feature","properties":{"시도":"충청북도","시군구":"영동군"},"geometry":{"type":"Polygon","coordinates":[[[127.63776,36.06836],[127.64471,36.06657],[127.64861,36.06268],[127.64913,36.05801],[127.65404,36.05641],[127.6604,36.03807],[127.66543,36.03677],[127.6692,36.0383],[127.67269,36.04176],[127.67081,36.05192],[127.68858,36.06282],[127.69127,36.05868],[127.69523,36.05867],[127.69672,36.05622],[127.69505,36.04638],[127.69647,36.0412],[127.70211,36.03521],[127.70499,36.03365],[127.71187,36.03541],[127.71696,36.0344],[127.71984,36.03044],[127.72328,36.03109],[127.72781,36.0261],[127.72815,36.03043],[127.73244,36.03223],[127.7367,36.03086],[127.74049,36.02487],[127.74294,36.02503],[127.74348,36.02826],[127.7479,36.02935],[127.75262,36.02469],[127.7611,36.02546],[127.76305,36.0213],[127.75876,36.01499],[127.76471,36.01208],[127.78139,36.01616],[127.78785,36.01425],[127.80022,36.02625],[127.81874,36.02802],[127.82581,36.03274],[127.84937,36.03966],[127.85342,36.03905],[127.85622,36.03296],[127.86065,36.03128],[127.86532,36.02507],[127.87693,36.02244],[127.88299,36.02722],[127.88542,36.03602],[127.88798,36.0348],[127.90355,36.03897],[127.90615,36.04609],[127.91706,36.0544],[127.92614,36.05326],[127.93167,36.05022],[127.93586,36.05066],[127.94664,36.05663],[127.95277,36.06581],[127.96139,36.06839],[127.96175,36.08281],[127.9587,36.08778],[127.95784,36.09489],[127.96292,36.09625],[127.96857,36.10722],[127.96648,36.11849],[127.97714,36.12197],[127.98703,36.1287],[127.9888,36.13292],[127.98733,36.14739],[127.99685,36.15522],[127.99046,36.15922],[127.9896,36.16475],[127.98347,36.16977],[127.98425,36.17819],[127.98101,36.17986],[127.97579,36.1874],[127.97652,36.19235],[127.98179,36.1958],[127.98254,36.19855],[127.98602,36.2004],[127.99327,36.20028],[127.99753,36.20606],[128.01352,36.20913],[128.0263,36.20568],[128.03835,36.194],[128.05252,36.20089],[128.06296,36.19922],[128.05069,36.20592],[128.04984,36.21632],[128.04243,36.21727],[128.0393,36.22169],[128.03933,36.22914],[128.03318,36.23354],[128.03005,36.24031],[128.03545,36.24339],[128.03961,36.251],[128.04466,36.25268],[128.04803,36.25714],[128.03283,36.26188],[128.02623,36.26787],[128.01561,36.26804],[128.01028,36.27215],[128.00056,36.26637],[127.99677,36.26808],[127.99145,36.26542],[127.98217,36.2642],[127.97689,36.25889],[127.97896,36.25405],[127.97085,36.25043],[127.96023,36.25243],[127.95447,36.25719],[127.94919,36.2566],[127.9473,36.26723],[127.94258,36.26694],[127.93795,36.26913],[127.93091,36.27822],[127.9148,36.28009],[127.90705,36.28608],[127.90509,36.30238],[127.89027,36.28987],[127.88798,36.2801],[127.88371,36.27316],[127.86053,36.27769],[127.85146,36.27406],[127.8494,36.28891],[127.8459,36.29406],[127.8472,36.30065],[127.84112,36.30882],[127.84495,36.31626],[127.82501,36.31003],[127.82083,36.30524],[127.81722,36.31024],[127.81426,36.30826],[127.80785,36.30914],[127.80056,36.30336],[127.79972,36.29856],[127.79497,36.29788],[127.79441,36.29053],[127.78879,36.29112],[127.78763,36.28908],[127.77292,36.29121],[127.76941,36.28886],[127.76911,36.28526],[127.76406,36.28422],[127.76005,36.27045],[127.75406,36.26861],[127.73724,36.27249],[127.73309,36.27509],[127.72244,36.26666],[127.71928,36.26651],[127.71918,36.26975],[127.71322,36.26773],[127.71463,36.26311],[127.70775,36.26292],[127.70501,36.2602],[127.70167,36.26136],[127.69685,36.25136],[127.69303,36.24975],[127.69172,36.23927],[127.67835,36.22459],[127.66335,36.22356],[127.65599,36.22902],[127.65065,36.22508],[127.65008,36.22003],[127.65193,36.21546],[127.64861,36.20697],[127.65245,36.19941],[127.65202,36.19421],[127.65452,36.19188],[127.65015,36.18511],[127.65471,36.17727],[127.65148,36.17119],[127.64405,36.17171],[127.63416,36.18079],[127.6271,36.17777],[127.624,36.18079],[127.61464,36.18388],[127.61162,36.18286],[127.60898,36.18527],[127.59812,36.18435],[127.59342,36.17718],[127.59935,36.17243],[127.60174,36.16159],[127.59363,36.15297],[127.59035,36.14328],[127.5902,36.13383],[127.60385,36.1171],[127.61007,36.11862],[127.61345,36.11173],[127.61957,36.10902],[127.6179,36.10512],[127.61832,36.09328],[127.63273,36.08164],[127.63776,36.06836]]]}},{"id":"feature_222","type":"Feature","properties":{"시도":"충청북도","시군구":"옥천군"},"geometry":{"type":"Polygon","coordinates":[[[127.59812,36.18435],[127.60898,36.18527],[127.61162,36.18286],[127.61464,36.18388],[127.624,36.18079],[127.6271,36.17777],[127.63416,36.18079],[127.64405,36.17171],[127.65148,36.17119],[127.65471,36.17727],[127.65015,36.18511],[127.65452,36.19188],[127.65202,36.19421],[127.65245,36.19941],[127.64861,36.20697],[127.65193,36.21546],[127.65008,36.22003],[127.65065,36.22508],[127.65599,36.22902],[127.66335,36.22356],[127.67835,36.22459],[127.69172,36.23927],[127.69303,36.24975],[127.69685,36.25136],[127.70167,36.26136],[127.70501,36.2602],[127.70775,36.26292],[127.71463,36.26311],[127.71322,36.26773],[127.71918,36.26975],[127.71928,36.26651],[127.72244,36.26666],[127.73309,36.27509],[127.73724,36.27249],[127.75406,36.26861],[127.76005,36.27045],[127.76406,36.28422],[127.76911,36.28526],[127.76941,36.28886],[127.77292,36.29121],[127.78763,36.28908],[127.78879,36.29112],[127.79441,36.29053],[127.79497,36.29788],[127.79972,36.29856],[127.80056,36.30336],[127.80785,36.30914],[127.81426,36.30826],[127.81722,36.31024],[127.82083,36.30524],[127.82501,36.31003],[127.84495,36.31626],[127.85066,36.32061],[127.85315,36.33173],[127.8563,36.33107],[127.86185,36.33606],[127.86747,36.33641],[127.87053,36.34123],[127.86977,36.34356],[127.87502,36.3455],[127.88145,36.34486],[127.88594,36.3546],[127.8908,36.35671],[127.89117,36.36018],[127.88629,36.36393],[127.88505,36.36895],[127.87963,36.37151],[127.87464,36.37092],[127.87031,36.37364],[127.85928,36.37432],[127.85295,36.37097],[127.83727,36.3732],[127.83506,36.36882],[127.83253,36.36928],[127.83178,36.37271],[127.82287,36.3798],[127.79715,36.38346],[127.78981,36.38862],[127.78371,36.38697],[127.78122,36.38887],[127.77053,36.3878],[127.76236,36.39376],[127.75983,36.39102],[127.74953,36.38831],[127.74655,36.38584],[127.73343,36.39421],[127.73124,36.38978],[127.72797,36.39071],[127.72651,36.39293],[127.71899,36.39582],[127.71432,36.40207],[127.70789,36.40631],[127.71041,36.41336],[127.70011,36.41351],[127.68103,36.41903],[127.67852,36.42693],[127.68052,36.43616],[127.67599,36.43745],[127.67531,36.442],[127.66529,36.44507],[127.65594,36.43778],[127.65079,36.44248],[127.64371,36.44501],[127.6396,36.43763],[127.63681,36.43649],[127.63253,36.43894],[127.63002,36.43648],[127.6244,36.42247],[127.61627,36.42638],[127.6151,36.42259],[127.6214,36.41708],[127.6186,36.41677],[127.61669,36.40913],[127.61226,36.40347],[127.60401,36.40396],[127.60466,36.40791],[127.59898,36.40792],[127.59874,36.41201],[127.59666,36.41073],[127.59021,36.41198],[127.5836,36.41821],[127.57821,36.40658],[127.55594,36.39267],[127.55419,36.39473],[127.53916,36.39719],[127.52572,36.38731],[127.52686,36.36929],[127.52131,36.3532],[127.50977,36.35045],[127.50792,36.34574],[127.50931,36.3431],[127.50125,36.33871],[127.50358,36.32576],[127.49828,36.31895],[127.49926,36.31493],[127.49476,36.31169],[127.49945,36.30528],[127.4933,36.30003],[127.489,36.30084],[127.49826,36.28287],[127.49666,36.27947],[127.48858,36.27324],[127.48936,36.27003],[127.48625,36.26144],[127.48619,36.25924],[127.48981,36.25789],[127.49015,36.25339],[127.48769,36.25062],[127.48954,36.24552],[127.49259,36.24471],[127.49277,36.23809],[127.50878,36.23882],[127.51327,36.24179],[127.51784,36.24052],[127.52395,36.24653],[127.536,36.25158],[127.53505,36.24749],[127.5379,36.24294],[127.54961,36.23884],[127.54662,36.23017],[127.56182,36.22998],[127.57041,36.2329],[127.5832,36.23136],[127.59074,36.22229],[127.5978,36.21741],[127.59709,36.21284],[127.59927,36.20451],[127.59284,36.19515],[127.59812,36.18435]]]}},{"id":"feature_223","type":"Feature","properties":{"시도":"충청북도","시군구":"음성군"},"geometry":{"type":"Polygon","coordinates":[[[127.63784,36.8473],[127.64203,36.85543],[127.65277,36.86079],[127.66601,36.85777],[127.67786,36.85079],[127.68677,36.86013],[127.68624,36.86849],[127.69145,36.87532],[127.68941,36.87777],[127.69474,36.88001],[127.698,36.8805],[127.7078,36.87582],[127.70841,36.87732],[127.72057,36.87704],[127.72667,36.87948],[127.73574,36.8794],[127.7454,36.87784],[127.75015,36.87306],[127.75908,36.87415],[127.76256,36.87728],[127.76712,36.87479],[127.77119,36.87727],[127.78794,36.88091],[127.78912,36.88561],[127.78751,36.8945],[127.79219,36.89803],[127.79252,36.90039],[127.78571,36.90588],[127.78815,36.90659],[127.79632,36.90312],[127.7984,36.90729],[127.79429,36.91618],[127.7869,36.91598],[127.78363,36.91879],[127.78212,36.92399],[127.7891,36.9273],[127.7875,36.93159],[127.78873,36.93723],[127.78403,36.93741],[127.77222,36.9332],[127.76974,36.93809],[127.76479,36.94016],[127.76197,36.94372],[127.764,36.94625],[127.76289,36.94848],[127.75643,36.95217],[127.75345,36.95731],[127.74785,36.96092],[127.74049,36.95927],[127.7401,36.95553],[127.74247,36.95341],[127.73965,36.95231],[127.733,36.95357],[127.7277,36.95905],[127.71637,36.95844],[127.71117,36.96194],[127.71023,36.96471],[127.70681,36.96564],[127.70397,36.9718],[127.69495,36.97507],[127.69544,36.97802],[127.68799,36.9814],[127.68575,36.98569],[127.67503,36.98553],[127.66959,36.98817],[127.66577,36.98537],[127.66164,36.97768],[127.65102,36.98288],[127.65363,36.98648],[127.65353,36.99758],[127.65554,37.00092],[127.65924,37.00341],[127.66543,37.0031],[127.65741,37.01084],[127.65622,37.01595],[127.66424,37.02316],[127.66381,37.03069],[127.67164,37.03482],[127.67136,37.04028],[127.67603,37.04445],[127.68564,37.04709],[127.68893,37.05137],[127.69067,37.05745],[127.68681,37.07303],[127.68316,37.07598],[127.68383,37.07843],[127.68668,37.08077],[127.69231,37.08136],[127.69344,37.08531],[127.69939,37.09212],[127.69837,37.09802],[127.70199,37.10313],[127.71252,37.10654],[127.71486,37.10992],[127.72078,37.11097],[127.72272,37.11474],[127.722,37.12103],[127.71168,37.12768],[127.70876,37.13583],[127.69543,37.14045],[127.68743,37.1351],[127.66839,37.1366],[127.66576,37.13924],[127.66014,37.13977],[127.64761,37.15075],[127.62876,37.1538],[127.63312,37.14526],[127.63782,37.14118],[127.63415,37.12373],[127.63478,37.10194],[127.6315,37.09652],[127.61452,37.08789],[127.60089,37.08553],[127.60017,37.08185],[127.6045,37.07747],[127.6042,37.06853],[127.59589,37.07394],[127.58907,37.07274],[127.5795,37.07536],[127.57622,37.07395],[127.56513,37.06027],[127.56792,37.05554],[127.56813,37.0477],[127.55998,37.04296],[127.55043,37.0454],[127.53199,37.05564],[127.52313,37.05544],[127.51826,37.0584],[127.51252,37.05622],[127.50917,37.04958],[127.50469,37.04796],[127.49689,37.04838],[127.48996,37.05282],[127.46804,37.053],[127.46843,37.05065],[127.46034,37.04623],[127.45716,37.04203],[127.45975,37.03648],[127.45784,37.03021],[127.45885,37.02256],[127.45787,37.02047],[127.45428,37.02143],[127.44952,37.01814],[127.4467,37.01103],[127.44896,37.00972],[127.44743,37.00069],[127.45018,36.99389],[127.44812,36.98877],[127.44949,36.97662],[127.45329,36.97432],[127.45721,36.96391],[127.45221,36.96191],[127.45,36.96331],[127.44599,36.9604],[127.44693,36.95085],[127.45068,36.94802],[127.46223,36.9473],[127.46523,36.9397],[127.4706,36.93625],[127.47669,36.93635],[127.48135,36.93368],[127.4855,36.93823],[127.49149,36.93876],[127.49981,36.93407],[127.51135,36.9309],[127.51986,36.92317],[127.52566,36.91133],[127.53464,36.91227],[127.54152,36.90563],[127.54497,36.90487],[127.54589,36.90075],[127.5496,36.89821],[127.55366,36.89821],[127.555,36.89646],[127.55191,36.89397],[127.55564,36.89035],[127.55606,36.88629],[127.55989,36.8867],[127.56363,36.88234],[127.56684,36.88272],[127.56867,36.88577],[127.57178,36.87855],[127.58455,36.87449],[127.58465,36.86923],[127.57627,36.86444],[127.57765,36.8631],[127.57515,36.85781],[127.57791,36.85327],[127.57848,36.8571],[127.58084,36.85878],[127.59148,36.85759],[127.59547,36.85301],[127.60297,36.85195],[127.61647,36.85861],[127.616,36.85415],[127.61131,36.84783],[127.61425,36.83425],[127.62473,36.83761],[127.62652,36.84256],[127.63784,36.8473]]]}},{"id":"feature_224","type":"Feature","properties":{"시도":"충청북도","시군구":"제천시"},"geometry":{"type":"Polygon","coordinates":[[[128.13366,36.83222],[128.13959,36.83424],[128.14493,36.83241],[128.14646,36.82942],[128.16413,36.82012],[128.17587,36.82119],[128.1827,36.8181],[128.1922,36.81793],[128.20995,36.81319],[128.21699,36.81305],[128.2185,36.81538],[128.21778,36.8206],[128.21283,36.8394],[128.21382,36.85],[128.22138,36.84735],[128.23682,36.84812],[128.23783,36.85107],[128.23435,36.85404],[128.23401,36.86265],[128.23903,36.8652],[128.24192,36.87279],[128.24248,36.87847],[128.25154,36.88466],[128.24384,36.89105],[128.24617,36.9051],[128.24196,36.91193],[128.237,36.91437],[128.23621,36.93192],[128.24155,36.93706],[128.24684,36.9376],[128.24478,36.94203],[128.24563,36.94405],[128.2531,36.94278],[128.26391,36.94968],[128.26429,36.95294],[128.26125,36.95651],[128.26625,36.96092],[128.26101,36.9693],[128.25961,36.97981],[128.25617,36.9866],[128.25874,36.99313],[128.25386,36.99753],[128.25752,37.00008],[128.25522,37.0071],[128.24795,37.01347],[128.24457,37.02045],[128.24044,37.02384],[128.22648,37.02537],[128.22432,37.03434],[128.21727,37.03733],[128.22067,37.04192],[128.21925,37.0458],[128.22088,37.04921],[128.21798,37.05429],[128.22183,37.05599],[128.2259,37.06258],[128.23686,37.06536],[128.23984,37.07387],[128.24792,37.07613],[128.24945,37.07506],[128.25588,37.08245],[128.26262,37.08342],[128.26974,37.08802],[128.26447,37.08797],[128.25811,37.1022],[128.26772,37.11375],[128.27335,37.1173],[128.27855,37.11468],[128.2782,37.11035],[128.29431,37.09789],[128.30453,37.10067],[128.30962,37.11249],[128.30449,37.11827],[128.30258,37.12756],[128.29827,37.13418],[128.29634,37.13405],[128.28845,37.14106],[128.27828,37.14343],[128.27259,37.14823],[128.27074,37.15404],[128.26626,37.15611],[128.26469,37.16051],[128.27629,37.17205],[128.28054,37.17315],[128.29091,37.17007],[128.29818,37.1723],[128.29587,37.18303],[128.31286,37.18797],[128.31321,37.19669],[128.32158,37.19593],[128.32744,37.19875],[128.32971,37.20215],[128.3305,37.21654],[128.32047,37.21936],[128.31555,37.22346],[128.30856,37.21692],[128.2885,37.21515],[128.28131,37.20962],[128.26839,37.20807],[128.25859,37.21596],[128.2512,37.22921],[128.24295,37.22639],[128.23715,37.22933],[128.23462,37.22641],[128.2287,37.22784],[128.22842,37.2303],[128.22437,37.23296],[128.21953,37.24052],[128.21525,37.24194],[128.21484,37.24634],[128.21031,37.24596],[128.20794,37.24892],[128.20123,37.24882],[128.17418,37.23253],[128.17599,37.22836],[128.17265,37.22475],[128.1731,37.21878],[128.16417,37.21328],[128.15357,37.21605],[128.15003,37.22052],[128.14313,37.22359],[128.14109,37.22939],[128.13324,37.22974],[128.12682,37.23471],[128.12156,37.2275],[128.12522,37.22114],[128.10507,37.20379],[128.09491,37.19982],[128.08792,37.19999],[128.07881,37.19401],[128.05973,37.19362],[128.04968,37.18912],[128.04382,37.19065],[128.0397,37.1888],[128.03166,37.19369],[128.0318,37.19966],[128.02978,37.2025],[128.03335,37.20999],[128.03928,37.21555],[128.03335,37.21897],[128.03182,37.22402],[128.02131,37.23231],[128.01834,37.24513],[128.00753,37.2517],[127.99907,37.25464],[127.99436,37.25375],[127.9865,37.25789],[127.97265,37.25683],[127.96271,37.2499],[127.94809,37.24694],[127.94558,37.24049],[127.93866,37.24071],[127.92129,37.22575],[127.92666,37.21945],[127.93238,37.2075],[127.93294,37.19476],[127.93655,37.18881],[127.93283,37.18261],[127.93357,37.17597],[127.92712,37.16941],[127.92622,37.16518],[127.9399,37.16385],[127.94365,37.16178],[127.95482,37.16221],[127.96789,37.15647],[127.97172,37.14846],[127.97063,37.14226],[127.97709,37.14162],[127.98198,37.13202],[127.98645,37.13125],[127.98501,37.11229],[127.99794,37.10917],[128.00324,37.09867],[128.01191,37.09843],[128.01043,37.10443],[128.01285,37.1104],[128.02065,37.11629],[128.03747,37.11207],[128.04596,37.11562],[128.04877,37.10852],[128.04555,37.10613],[128.04615,37.10427],[128.05329,37.09748],[128.06348,37.09674],[128.05943,37.08932],[128.07602,37.08377],[128.08513,37.07562],[128.08201,37.07102],[128.08559,37.06433],[128.08066,37.04905],[128.08444,37.04457],[128.08382,37.03832],[128.08858,37.03132],[128.08611,37.02823],[128.08879,37.0231],[128.08561,37.02007],[128.0889,37.01762],[128.08605,37.01127],[128.07649,37.00565],[128.07607,37.00254],[128.08364,36.99588],[128.08431,36.99082],[128.09081,36.98901],[128.08657,36.96818],[128.08864,36.95272],[128.08221,36.95047],[128.06337,36.95769],[128.05625,36.95683],[128.04932,36.95218],[128.04338,36.95185],[128.04191,36.93852],[128.04516,36.93574],[128.05841,36.93125],[128.06213,36.92031],[128.07045,36.91482],[128.07217,36.91159],[128.06789,36.90817],[128.06662,36.89345],[128.0601,36.88809],[128.06108,36.88577],[128.0555,36.88165],[128.0517,36.87107],[128.04618,36.86969],[128.04419,36.86383],[128.0385,36.8598],[128.03634,36.855],[128.04108,36.849],[128.0578,36.84329],[128.05871,36.83914],[128.06134,36.83745],[128.06914,36.84506],[128.08324,36.84894],[128.08718,36.85188],[128.09132,36.8494],[128.09399,36.83674],[128.09715,36.83421],[128.11262,36.83058],[128.12645,36.83419],[128.13366,36.83222]]]}},{"id":"feature_225","type":"Feature","properties":{"시도":"충청북도","시군구":"증평군"},"geometry":{"type":"Polygon","coordinates":[[[127.66492,36.72978],[127.66237,36.73232],[127.65679,36.73242],[127.65285,36.73537],[127.64946,36.73269],[127.63915,36.73232],[127.6352,36.75016],[127.62373,36.76034],[127.62923,36.77319],[127.6275,36.77644],[127.62091,36.77868],[127.62104,36.78815],[127.62643,36.79029],[127.62453,36.7927],[127.63481,36.79343],[127.64195,36.79983],[127.64188,36.80166],[127.63421,36.80712],[127.63657,36.81142],[127.63115,36.81522],[127.62897,36.82224],[127.62918,36.82612],[127.63927,36.84249],[127.63784,36.8473],[127.62652,36.84256],[127.62473,36.83761],[127.61425,36.83425],[127.61131,36.84783],[127.616,36.85415],[127.61647,36.85861],[127.60297,36.85195],[127.59547,36.85301],[127.59148,36.85759],[127.58084,36.85878],[127.57848,36.8571],[127.57791,36.85327],[127.57792,36.85091],[127.57182,36.85005],[127.57185,36.84294],[127.56737,36.83007],[127.56996,36.82812],[127.57899,36.82912],[127.57396,36.82216],[127.56434,36.81865],[127.55577,36.81794],[127.54944,36.81301],[127.54477,36.81371],[127.53707,36.80793],[127.54849,36.79816],[127.55519,36.79922],[127.56422,36.77962],[127.56872,36.77176],[127.57533,36.76726],[127.58873,36.76241],[127.58841,36.7571],[127.59125,36.74757],[127.59615,36.74457],[127.60343,36.74585],[127.60581,36.74377],[127.6099,36.73555],[127.61105,36.72773],[127.61383,36.72627],[127.61542,36.71871],[127.61866,36.71641],[127.61776,36.70745],[127.6226,36.70497],[127.63491,36.70871],[127.64135,36.7055],[127.64249,36.70264],[127.65074,36.70201],[127.6553,36.70474],[127.66161,36.71435],[127.66176,36.72257],[127.66492,36.72978]]]}},{"id":"feature_226","type":"Feature","properties":{"시도":"충청북도","시군구":"진천군"},"geometry":{"type":"Polygon","coordinates":[[[127.41958,36.75757],[127.42735,36.75686],[127.42518,36.7547],[127.42714,36.75075],[127.43944,36.75317],[127.44247,36.74948],[127.44632,36.74824],[127.44983,36.74953],[127.45138,36.76102],[127.45857,36.76607],[127.46034,36.76978],[127.47298,36.76939],[127.48223,36.77604],[127.49078,36.77349],[127.49485,36.77758],[127.50051,36.77944],[127.50633,36.77825],[127.5106,36.77435],[127.50948,36.77042],[127.50134,36.76395],[127.5113,36.76798],[127.53019,36.77009],[127.56422,36.77962],[127.55519,36.79922],[127.54849,36.79816],[127.53707,36.80793],[127.54477,36.81371],[127.54944,36.81301],[127.55577,36.81794],[127.56434,36.81865],[127.57396,36.82216],[127.57899,36.82912],[127.56996,36.82812],[127.56737,36.83007],[127.57185,36.84294],[127.57182,36.85005],[127.57792,36.85091],[127.57791,36.85327],[127.57515,36.85781],[127.57765,36.8631],[127.57627,36.86444],[127.58465,36.86923],[127.58455,36.87449],[127.57178,36.87855],[127.56867,36.88577],[127.56684,36.88272],[127.56363,36.88234],[127.55989,36.8867],[127.55606,36.88629],[127.55564,36.89035],[127.55191,36.89397],[127.555,36.89646],[127.55366,36.89821],[127.5496,36.89821],[127.54589,36.90075],[127.54497,36.90487],[127.54152,36.90563],[127.53464,36.91227],[127.52566,36.91133],[127.51986,36.92317],[127.51135,36.9309],[127.49981,36.93407],[127.49149,36.93876],[127.4855,36.93823],[127.48135,36.93368],[127.47669,36.93635],[127.4706,36.93625],[127.46523,36.9397],[127.46223,36.9473],[127.45068,36.94802],[127.44693,36.95085],[127.44599,36.9604],[127.45,36.96331],[127.45221,36.96191],[127.45721,36.96391],[127.45329,36.97432],[127.44949,36.97662],[127.44812,36.98877],[127.45018,36.99389],[127.44743,37.00069],[127.44896,37.00972],[127.4467,37.01103],[127.44111,37.01162],[127.42973,37.00188],[127.4222,37.00477],[127.41509,36.99966],[127.39404,36.99794],[127.38492,36.98366],[127.38608,36.98139],[127.39412,36.9773],[127.40186,36.96775],[127.39807,36.96432],[127.38759,36.96407],[127.38538,36.95914],[127.38006,36.95855],[127.37853,36.95147],[127.3755,36.94818],[127.36205,36.94927],[127.35789,36.94748],[127.3551,36.95167],[127.34974,36.95257],[127.34351,36.94798],[127.34305,36.94352],[127.33867,36.94277],[127.32703,36.93578],[127.31649,36.93465],[127.30915,36.92909],[127.29566,36.92889],[127.30408,36.91514],[127.29779,36.90263],[127.29067,36.89685],[127.2898,36.89382],[127.30385,36.88574],[127.30808,36.88526],[127.31135,36.87018],[127.30601,36.86306],[127.30735,36.85967],[127.3128,36.8575],[127.31613,36.85895],[127.32785,36.85812],[127.33627,36.85464],[127.33672,36.84559],[127.33363,36.83893],[127.33519,36.83689],[127.33299,36.83148],[127.33401,36.83015],[127.33948,36.83074],[127.34597,36.82845],[127.35092,36.83016],[127.35584,36.82847],[127.35796,36.82213],[127.36658,36.81685],[127.38252,36.81343],[127.39768,36.7998],[127.40101,36.79909],[127.40179,36.79541],[127.39669,36.79007],[127.39543,36.78245],[127.39973,36.78058],[127.40343,36.77444],[127.41241,36.77198],[127.42063,36.76011],[127.41958,36.75757]]]}},{"id":"feature_227","type":"Feature","properties":{"시도":"충청북도","시군구":"청주시"},"geometry":{"type":"Polygon","coordinates":[[[127.40262,36.45569],[127.41272,36.45477],[127.42465,36.45643],[127.42464,36.45516],[127.42665,36.45534],[127.42626,36.45692],[127.43317,36.45724],[127.43626,36.45665],[127.44337,36.45048],[127.45321,36.4501],[127.46396,36.45657],[127.46471,36.46607],[127.46906,36.47255],[127.4792,36.47746],[127.48413,36.47762],[127.47934,36.45784],[127.48717,36.45467],[127.50128,36.45534],[127.50304,36.45305],[127.5014,36.44761],[127.49222,36.44044],[127.48921,36.4327],[127.50256,36.4082],[127.51004,36.40312],[127.51569,36.42228],[127.51994,36.4364],[127.54587,36.44694],[127.54542,36.44932],[127.55333,36.45774],[127.55706,36.46963],[127.55624,36.47181],[127.55813,36.47214],[127.56701,36.4841],[127.57645,36.49044],[127.57204,36.49425],[127.57011,36.49965],[127.57335,36.50958],[127.57301,36.5164],[127.56518,36.5305],[127.57089,36.53569],[127.57974,36.53796],[127.58099,36.5421],[127.59089,36.54337],[127.59881,36.54819],[127.60321,36.54789],[127.61207,36.55138],[127.61662,36.55934],[127.61141,36.56677],[127.61141,36.57009],[127.61774,36.57777],[127.62161,36.57872],[127.62247,36.58156],[127.63058,36.58672],[127.63247,36.58964],[127.63081,36.59341],[127.63559,36.59998],[127.64121,36.60192],[127.64626,36.60661],[127.65195,36.60488],[127.65365,36.60047],[127.665,36.6025],[127.6701,36.59794],[127.67951,36.59575],[127.68136,36.59187],[127.68726,36.59194],[127.69457,36.58856],[127.70941,36.59611],[127.71393,36.60188],[127.72032,36.6027],[127.72714,36.60088],[127.7287,36.60228],[127.73696,36.59981],[127.73745,36.59678],[127.73571,36.59545],[127.73714,36.59265],[127.74135,36.59137],[127.74276,36.58809],[127.74678,36.58554],[127.75527,36.5902],[127.76903,36.59344],[127.7698,36.60412],[127.76406,36.61321],[127.75039,36.62161],[127.74893,36.62647],[127.742,36.62862],[127.73877,36.6395],[127.73428,36.63941],[127.72473,36.64568],[127.72363,36.6514],[127.71328,36.65065],[127.70898,36.65452],[127.71198,36.65764],[127.71164,36.66071],[127.71422,36.66108],[127.71181,36.66508],[127.71289,36.66807],[127.72424,36.67418],[127.72895,36.68262],[127.72334,36.68316],[127.71352,36.69012],[127.71375,36.69524],[127.70264,36.70349],[127.70219,36.70982],[127.69216,36.71248],[127.68631,36.72076],[127.6787,36.7189],[127.67225,36.72211],[127.66492,36.72978],[127.66176,36.72257],[127.66161,36.71435],[127.6553,36.70474],[127.65074,36.70201],[127.64249,36.70264],[127.64135,36.7055],[127.63491,36.70871],[127.6226,36.70497],[127.61776,36.70745],[127.61866,36.71641],[127.61542,36.71871],[127.61383,36.72627],[127.61105,36.72773],[127.6099,36.73555],[127.60581,36.74377],[127.60343,36.74585],[127.59615,36.74457],[127.59125,36.74757],[127.58841,36.7571],[127.58873,36.76241],[127.57533,36.76726],[127.56872,36.77176],[127.56422,36.77962],[127.53019,36.77009],[127.5113,36.76798],[127.50134,36.76395],[127.50948,36.77042],[127.5106,36.77435],[127.50633,36.77825],[127.50051,36.77944],[127.49485,36.77758],[127.49078,36.77349],[127.48223,36.77604],[127.47298,36.76939],[127.46034,36.76978],[127.45857,36.76607],[127.45138,36.76102],[127.44983,36.74953],[127.44632,36.74824],[127.44247,36.74948],[127.43944,36.75317],[127.42714,36.75075],[127.42518,36.7547],[127.42735,36.75686],[127.41958,36.75757],[127.41197,36.75727],[127.41121,36.75332],[127.40565,36.75006],[127.40483,36.74491],[127.39689,36.7469],[127.3927,36.75262],[127.38893,36.75321],[127.38723,36.75947],[127.37232,36.75824],[127.36944,36.76148],[127.35883,36.76068],[127.35312,36.75595],[127.33575,36.75257],[127.33405,36.74698],[127.3372,36.74447],[127.33843,36.73748],[127.34121,36.73762],[127.3393,36.73024],[127.33686,36.72938],[127.3283,36.73456],[127.31723,36.72493],[127.30966,36.72279],[127.30692,36.71115],[127.30811,36.70494],[127.29673,36.69782],[127.2919,36.69724],[127.28563,36.69093],[127.2919,36.687],[127.3034,36.68547],[127.3076,36.68171],[127.30592,36.67006],[127.30145,36.66409],[127.30162,36.66009],[127.29514,36.65518],[127.28696,36.65417],[127.28044,36.64166],[127.27728,36.64157],[127.27671,36.63852],[127.28085,36.63439],[127.28885,36.63713],[127.29237,36.63576],[127.29128,36.62554],[127.30087,36.61554],[127.30123,36.60752],[127.30715,36.60152],[127.30395,36.59013],[127.29935,36.5864],[127.30106,36.5822],[127.30374,36.58569],[127.30824,36.58346],[127.32239,36.58253],[127.32622,36.57709],[127.33613,36.57046],[127.33549,36.56762],[127.33794,36.56253],[127.34319,36.56454],[127.35114,36.56225],[127.36054,36.56227],[127.37707,36.56775],[127.37649,36.56102],[127.37267,36.55966],[127.37938,36.55369],[127.37869,36.54992],[127.3831,36.54817],[127.38349,36.54201],[127.39216,36.53995],[127.40152,36.54149],[127.40501,36.53731],[127.40562,36.5314],[127.4084,36.52719],[127.40881,36.52439],[127.39755,36.52105],[127.40385,36.51713],[127.40885,36.5096],[127.40881,36.4953],[127.39567,36.49161],[127.40421,36.48332],[127.4006,36.47017],[127.40044,36.46132],[127.40262,36.45569]]]}},{"id":"feature_228","type":"Feature","properties":{"시도":"충청북도","시군구":"충주시"},"geometry":{"type":"Polygon","coordinates":[[[127.78873,36.93723],[127.79306,36.9401],[127.79555,36.9465],[127.79917,36.94747],[127.80641,36.94593],[127.80753,36.94192],[127.81025,36.9401],[127.8177,36.9405],[127.82241,36.94339],[127.82642,36.94036],[127.83305,36.93974],[127.83097,36.93313],[127.84312,36.9276],[127.83809,36.91331],[127.85769,36.90562],[127.86015,36.89921],[127.86391,36.89639],[127.88034,36.89556],[127.88095,36.89011],[127.89692,36.89317],[127.90166,36.88847],[127.9124,36.88614],[127.91685,36.88158],[127.93542,36.8882],[127.95078,36.88672],[127.95158,36.88508],[127.94468,36.874],[127.95091,36.87269],[127.95885,36.86743],[127.96115,36.86366],[127.96968,36.86022],[127.96747,36.85075],[127.97067,36.84492],[127.97522,36.84189],[127.97696,36.83697],[127.97204,36.82672],[127.97599,36.82373],[127.98191,36.82322],[127.98229,36.81541],[127.9981,36.8128],[128.0113,36.80673],[128.01407,36.80861],[128.01795,36.80791],[128.02363,36.81412],[128.02296,36.82495],[128.03636,36.82487],[128.03947,36.82153],[128.04724,36.82219],[128.05956,36.8168],[128.06535,36.81677],[128.07136,36.81365],[128.08422,36.80404],[128.084,36.79945],[128.0924,36.79649],[128.09257,36.80285],[128.10082,36.80583],[128.10578,36.80483],[128.11223,36.81889],[128.11815,36.82232],[128.12931,36.82456],[128.13379,36.82867],[128.13366,36.83222],[128.12645,36.83419],[128.11262,36.83058],[128.09715,36.83421],[128.09399,36.83674],[128.09132,36.8494],[128.08718,36.85188],[128.08324,36.84894],[128.06914,36.84506],[128.06134,36.83745],[128.05871,36.83914],[128.0578,36.84329],[128.04108,36.849],[128.03634,36.855],[128.0385,36.8598],[128.04419,36.86383],[128.04618,36.86969],[128.0517,36.87107],[128.0555,36.88165],[128.06108,36.88577],[128.0601,36.88809],[128.06662,36.89345],[128.06789,36.90817],[128.07217,36.91159],[128.07045,36.91482],[128.06213,36.92031],[128.05841,36.93125],[128.04516,36.93574],[128.04191,36.93852],[128.04338,36.95185],[128.04932,36.95218],[128.05625,36.95683],[128.06337,36.95769],[128.08221,36.95047],[128.08864,36.95272],[128.08657,36.96818],[128.09081,36.98901],[128.08431,36.99082],[128.08364,36.99588],[128.07607,37.00254],[128.07649,37.00565],[128.08605,37.01127],[128.0889,37.01762],[128.08561,37.02007],[128.08879,37.0231],[128.08611,37.02823],[128.08858,37.03132],[128.08382,37.03832],[128.08444,37.04457],[128.08066,37.04905],[128.08559,37.06433],[128.08201,37.07102],[128.08513,37.07562],[128.07602,37.08377],[128.05943,37.08932],[128.06348,37.09674],[128.05329,37.09748],[128.04615,37.10427],[128.04555,37.10613],[128.04877,37.10852],[128.04596,37.11562],[128.03747,37.11207],[128.02065,37.11629],[128.01285,37.1104],[128.01043,37.10443],[128.01191,37.09843],[128.00324,37.09867],[127.99794,37.10917],[127.98501,37.11229],[127.98645,37.13125],[127.98198,37.13202],[127.97709,37.14162],[127.97063,37.14226],[127.97172,37.14846],[127.96789,37.15647],[127.95482,37.16221],[127.94365,37.16178],[127.9399,37.16385],[127.92622,37.16518],[127.92312,37.16426],[127.91525,37.16918],[127.90845,37.16721],[127.90195,37.15201],[127.89938,37.15005],[127.89484,37.15632],[127.88668,37.16092],[127.87074,37.16439],[127.86205,37.16165],[127.86092,37.15537],[127.85588,37.15648],[127.85553,37.16028],[127.85368,37.16103],[127.84943,37.15333],[127.8365,37.15171],[127.82726,37.15285],[127.81575,37.14665],[127.80776,37.14736],[127.80171,37.14453],[127.79519,37.14618],[127.78951,37.1444],[127.78253,37.15111],[127.76576,37.15909],[127.75503,37.17375],[127.74385,37.2101],[127.74792,37.21668],[127.73539,37.20803],[127.73284,37.19622],[127.72846,37.19161],[127.72645,37.18261],[127.72292,37.18176],[127.71803,37.18379],[127.71097,37.17642],[127.70967,37.17211],[127.70458,37.16664],[127.70399,37.15649],[127.69441,37.14964],[127.69543,37.14045],[127.70876,37.13583],[127.71168,37.12768],[127.722,37.12103],[127.72272,37.11474],[127.72078,37.11097],[127.71486,37.10992],[127.71252,37.10654],[127.70199,37.10313],[127.69837,37.09802],[127.69939,37.09212],[127.69344,37.08531],[127.69231,37.08136],[127.68668,37.08077],[127.68383,37.07843],[127.68316,37.07598],[127.68681,37.07303],[127.69067,37.05745],[127.68893,37.05137],[127.68564,37.04709],[127.67603,37.04445],[127.67136,37.04028],[127.67164,37.03482],[127.66381,37.03069],[127.66424,37.02316],[127.65622,37.01595],[127.65741,37.01084],[127.66543,37.0031],[127.65924,37.00341],[127.65554,37.00092],[127.65353,36.99758],[127.65363,36.98648],[127.65102,36.98288],[127.66164,36.97768],[127.66577,36.98537],[127.66959,36.98817],[127.67503,36.98553],[127.68575,36.98569],[127.68799,36.9814],[127.69544,36.97802],[127.69495,36.97507],[127.70397,36.9718],[127.70681,36.96564],[127.71023,36.96471],[127.71117,36.96194],[127.71637,36.95844],[127.7277,36.95905],[127.733,36.95357],[127.73965,36.95231],[127.74247,36.95341],[127.7401,36.95553],[127.74049,36.95927],[127.74785,36.96092],[127.75345,36.95731],[127.75643,36.95217],[127.76289,36.94848],[127.764,36.94625],[127.76197,36.94372],[127.76479,36.94016],[127.76974,36.93809],[127.77222,36.9332],[127.78403,36.93741],[127.78873,36.93723]]]}}]}